loci_sppa,multAllele,counts,het,hobs,p,q,hexp
loc0_pos8,FALSE,319,2,0.00626959247648903,0.996865203761755,0.00313479623824453,0.00624993858157844
loc2_pos93,FALSE,325,1,0.00307692307692308,0.998461538461539,0.00153846153846149,0.00307218934911233
loc4_pos14,FALSE,282,4,0.0141843971631206,0.964539007092199,0.0354609929078015,0.0684070217795886
loc6_pos40,FALSE,280,0,0,1,0,0
loc7_pos12,FALSE,327,1,0.00305810397553517,0.998470948012232,0.00152905198776754,0.00305342797557248
loc11_pos35,FALSE,288,1,0.00347222222222222,0.998263888888889,0.00173611111111116,0.00346619405864207
loc12_pos5,FALSE,315,2,0.00634920634920635,0.996825396825397,0.00317460317460316,0.00632905013857393
loc13_pos11,FALSE,316,14,0.0443037974683544,0.971518987341772,0.0284810126582279,0.0553396891523795
loc16_pos2,FALSE,320,1,0.003125,0.9984375,0.00156250000000002,0.00312011718750004
loc17_pos17,FALSE,327,20,0.0611620795107034,0.91743119266055,0.0825688073394495,0.151502398787981
loc22_pos8,FALSE,318,109,0.342767295597484,0.64622641509434,0.35377358490566,0.457235671057316
loc24_pos17,FALSE,331,1,0.00302114803625378,0.998489425981873,0.00151057401812693,0.00301658436852538
loc28_pos26,FALSE,311,2,0.00643086816720257,0.996784565916399,0.00321543408360125,0.00641019013451054
loc29_pos39,FALSE,304,1,0.00328947368421053,0.998355263157895,0.00164473684210531,0.00328406336565106
loc31_pos32,FALSE,325,20,0.0615384615384615,0.947692307692308,0.0523076923076923,0.0991431952662721
loc33_pos23,FALSE,316,1,0.00316455696202532,0.998417721518987,0.00158227848101267,0.00315954975164238
loc35_pos69,FALSE,335,27,0.0805970149253731,0.917910447761194,0.082089552238806,0.150701715304077
loc38_pos85,FALSE,303,1,0.0033003300330033,0.998349834983498,0.00165016501650161,0.00329488394383986
loc40_pos9,FALSE,329,0,0,0.00303951367781155,0.996960486322188,0.00606055006882789
loc41_pos61,FALSE,327,1,0.00305810397553517,0.998470948012232,0.00152905198776754,0.00305342797557248
loc45_pos85,TRUE,306,17,0.0555555555555556,0.96078431372549,0.0392156862745098,0.075355632449058
loc47_pos3,FALSE,332,1,0.00301204819277108,0.998493975903614,0.00150602409638556,0.00300751197561333
loc48_pos10,FALSE,334,1,0.0029940119760479,0.998502994011976,0.00149700598802394,0.00298952992219151
loc50_pos9,FALSE,341,1,0.00293255131964809,0.998533724340176,0.00146627565982405,0.00292825139102691
loc51_pos41,FALSE,326,1,0.00306748466257669,0.998466257668712,0.00153374233128833,0.0030627799314991
loc52_pos11,FALSE,330,1,0.00303030303030303,0.998484848484849,0.00151515151515147,0.00302571166207521
loc53_pos7,FALSE,306,1,0.00326797385620915,0.998366013071895,0.00163398692810457,0.00326263402964671
loc55_pos0,FALSE,329,1,0.00303951367781155,0.998480243161094,0.00151975683890582,0.00303489435611283
loc58_pos45,FALSE,288,125,0.434027777777778,0.217013888888889,0.782986111111111,0.33983772183642
loc59_pos35,FALSE,318,1,0.00314465408805031,0.998427672955975,0.00157232704402521,0.00313970966338368
loc64_pos48,FALSE,332,14,0.0421686746987952,0.108433734939759,0.891566265060241,0.193351720133546
loc65_pos20,FALSE,331,1,0.00302114803625378,0.998489425981873,0.00151057401812693,0.00301658436852538
loc70_pos6,FALSE,322,1,0.0031055900621118,0.998447204968944,0.00155279503105588,0.00310076771729481
loc71_pos134,TRUE,320,0,0,0.9796875,0.0203125,0.0397998046874999
loc72_pos4,FALSE,333,1,0.003003003003003,0.998498498498498,0.00150150150150152,0.00299849398948502
loc73_pos30,FALSE,319,1,0.00313479623824451,0.998432601880878,0.00156739811912221,0.00312988276451676
loc74_pos1,FALSE,324,14,0.0432098765432099,0.907407407407407,0.0925925925925926,0.168038408779149
loc75_pos33,FALSE,313,3,0.00958466453674121,0.0750798722044728,0.924920127795527,0.138885769988466
loc76_pos6,FALSE,284,0,0,0.00352112676056338,0.996478873239437,0.00701745685379885
loc78_pos29,FALSE,318,1,0.00314465408805031,0.998427672955975,0.00157232704402521,0.00313970966338368
loc83_pos12,TRUE,298,0,0,0.998322147651007,0.00167785234899331,0.00335007432097658
loc84_pos101,FALSE,289,38,0.131487889273356,0.930795847750865,0.0692041522491349,0.128829875121227
loc85_pos76,FALSE,319,33,0.103448275862069,0.923197492163009,0.0768025078369906,0.141807765253879
loc86_pos11,FALSE,305,1,0.00327868852459016,0.998360655737705,0.00163934426229506,0.00327331362536948
loc88_pos34,FALSE,331,1,0.00302114803625378,0.998489425981873,0.00151057401812693,0.00301658436852538
loc89_pos50,FALSE,297,16,0.0538720538720539,0.0707070707070707,0.929292929292929,0.131415161718192
loc90_pos97,FALSE,328,0,0,0.00304878048780488,0.996951219512195,0.00607897085068412
loc91_pos51,FALSE,317,1,0.00315457413249211,0.00157728706624606,0.998422712933754,0.00314959846351342
loc97_pos14,FALSE,302,2,0.00662251655629139,0.993377483443709,0.00662251655629142,0.0131573176615061
loc98_pos10,FALSE,329,1,0.00303951367781155,0.992401215805471,0.00759878419452886,0.0150820853465877
loc99_pos5,FALSE,311,2,0.00643086816720257,0.993569131832797,0.00643086816720262,0.0127790242036374
loc103_pos2,FALSE,303,1,0.0033003300330033,0.998349834983498,0.00165016501650161,0.00329488394383986
loc105_pos9,FALSE,309,1,0.00323624595469256,0.998381877022654,0.00161812297734631,0.003231009310753
loc110_pos6,FALSE,329,0,0,1,0,0
loc113_pos23,FALSE,326,1,0.00306748466257669,0.998466257668712,0.00153374233128833,0.0030627799314991
loc114_pos45,FALSE,284,1,0.00352112676056338,0.998239436619718,0.00176056338028174,0.00351492759373151
loc115_pos49,FALSE,332,19,0.0572289156626506,0.0647590361445783,0.935240963855422,0.121130606764407
loc119_pos5,FALSE,327,1,0.00305810397553517,0.998470948012232,0.00152905198776754,0.00305342797557248
loc121_pos39,FALSE,315,1,0.00317460317460317,0.998412698412698,0.00158730158730158,0.00316956412194506
loc123_pos41,TRUE,311,0,0,0.998392282958199,0.00160771704180063,0.00321026457542826
loc124_pos61,FALSE,287,1,0.00348432055749129,0.998257839721254,0.00174216027874563,0.00347825031261758
loc126_pos31,FALSE,326,1,0.00306748466257669,0.998466257668712,0.00153374233128833,0.0030627799314991
loc127_pos5,FALSE,328,1,0.00304878048780488,0.998475609756098,0.00152439024390238,0.00304413295657336
loc129_pos37,FALSE,313,2,0.00638977635782748,0.00319488817891374,0.996805111821086,0.00636936173687595
loc130_pos10,FALSE,312,0,0,1,0,0
loc132_pos97,FALSE,332,1,0.00301204819277108,0.998493975903614,0.00150602409638556,0.00300751197561333
loc133_pos65,FALSE,350,0,0,1,0,0
loc134_pos8,FALSE,318,2,0.00628930817610063,0.893081761006289,0.106918238993711,0.190973458328389
loc135_pos15,FALSE,319,10,0.0313479623824451,0.981191222570533,0.0188087774294671,0.0369100146421517
loc136_pos20,FALSE,331,0,0,1,0,0
loc138_pos9,FALSE,307,85,0.276872964169381,0.298045602605863,0.701954397394137,0.418428842746342
loc139_pos100,FALSE,332,1,0.00301204819277108,0.998493975903614,0.00150602409638556,0.00300751197561333
loc140_pos103,FALSE,332,0,0,0.00301204819277108,0.996987951807229,0.00600595151691102
loc142_pos130,FALSE,285,6,0.0210526315789474,0.989473684210526,0.0105263157894737,0.020831024930748
loc143_pos5,FALSE,291,74,0.254295532646048,0.687285223367698,0.312714776632302,0.429848490216223
loc144_pos4,FALSE,333,0,0,0.003003003003003,0.996996996996997,0.00598796995193392
loc145_pos0,TRUE,313,14,0.0447284345047923,0.921725239616613,0.0782747603833865,0.14429564454062
loc146_pos29,FALSE,308,1,0.00324675324675325,0.998376623376623,0.00162337662337664,0.00324148254343062
loc150_pos94,FALSE,330,5,0.0151515151515152,0.992424242424242,0.00757575757575757,0.0150367309458218
loc151_pos39,TRUE,307,0,0,0.998371335504886,0.00162866449511401,0.00325202389415272
loc152_pos10,FALSE,330,1,0.00303030303030303,0.998484848484849,0.00151515151515147,0.00302571166207521
loc153_pos22,FALSE,319,1,0.00313479623824451,0.00156739811912226,0.998432601880878,0.00312988276451686
loc156_pos0,FALSE,334,1,0.0029940119760479,0.998502994011976,0.00149700598802394,0.00298952992219151
loc157_pos31,FALSE,339,1,0.00294985250737463,0.998525073746313,0.00147492625368728,0.00294550169246693
loc158_pos26,FALSE,312,0,0,0.0032051282051282,0.996794871794872,0.00638971071663379
loc159_pos81,FALSE,324,0,0,1,0,0
loc166_pos44,FALSE,310,12,0.0387096774193548,0.0645161290322581,0.935483870967742,0.120707596253902
loc167_pos28,TRUE,285,0,0,0.998245614035088,0.00175438596491229,0.00350261618959681
loc168_pos9,FALSE,325,7,0.0215384615384615,0.115384615384615,0.884615384615385,0.20414201183432
loc171_pos25,TRUE,318,0,0,0.998427672955975,0.00157232704402521,0.00313970966338368
loc173_pos59,FALSE,327,129,0.394495412844037,0.423547400611621,0.576452599388379,0.48831000009352
loc174_pos6,FALSE,330,1,0.00303030303030303,0.998484848484849,0.00151515151515147,0.00302571166207521
loc176_pos40,TRUE,322,0,0,0.874223602484472,0.125776397515528,0.219913390687088
loc177_pos13,FALSE,296,1,0.00337837837837838,0.998310810810811,0.00168918918918914,0.00337267165814454
loc178_pos26,FALSE,301,14,0.0465116279069767,0.92358803986711,0.0764119601328903,0.14114634496308
loc184_pos19,TRUE,306,0,0,0.998366013071895,0.00163398692810457,0.00326263402964671
loc191_pos5,FALSE,300,1,0.00333333333333333,0.998333333333333,0.0016666666666667,0.00332777777777785
loc192_pos38,FALSE,289,1,0.00346020761245675,0.998269896193772,0.0017301038062284,0.00345422109409615
loc194_pos62,FALSE,321,1,0.00311526479750779,0.998442367601246,0.00155763239875384,0.00311041236012838
loc195_pos18,FALSE,307,2,0.00651465798045603,0.996742671009772,0.00325732899022801,0.00649343759615487
loc196_pos20,FALSE,293,1,0.00341296928327645,0.998293515358362,0.00170648464163825,0.00340714510361221
loc200_pos46,FALSE,280,1,0.00357142857142857,0.998214285714286,0.00178571428571428,0.00356505102040815
loc202_pos20,FALSE,284,35,0.123239436619718,0.938380281690141,0.0616197183098591,0.115645457250545
loc204_pos44,FALSE,333,28,0.0840840840840841,0.951951951951952,0.0480480480480481,0.0914788662536411
loc206_pos18,FALSE,317,1,0.00315457413249211,0.998422712933754,0.00157728706624605,0.0031495984635134
loc207_pos142,FALSE,313,1,0.00319488817891374,0.998402555910543,0.00159744408945683,0.00318978452367579
loc209_pos24,FALSE,316,1,0.00316455696202532,0.998417721518987,0.00158227848101267,0.00315954975164238
loc210_pos15,FALSE,335,1,0.00298507462686567,0.998507462686567,0.0014925373134328,0.00298061929160161
loc211_pos71,FALSE,316,1,0.00316455696202532,0.00474683544303797,0.995253164556962,0.00944860599262939
loc212_pos95,TRUE,288,1,0.00347222222222222,0.0989583333333333,0.901041666666667,0.178331163194444
loc213_pos83,FALSE,308,15,0.0487012987012987,0.975649350649351,0.0243506493506493,0.0475153904537021
loc214_pos41,FALSE,336,5,0.0148809523809524,0.873511904761905,0.126488095238095,0.220977714002268
loc218_pos10,FALSE,334,0,0,0.0029940119760479,0.997005988023952,0.00597009573667037
loc220_pos67,FALSE,290,1,0.00344827586206897,0.998275862068966,0.00172413793103443,0.0034423305588584
loc223_pos15,FALSE,322,5,0.015527950310559,0.986024844720497,0.0139751552795031,0.0275597006288338
loc228_pos0,FALSE,318,1,0.00314465408805031,0.998427672955975,0.00157232704402521,0.00313970966338368
loc232_pos44,FALSE,332,2,0.00602409638554217,0.996987951807229,0.00301204819277112,0.00600595151691109
loc233_pos27,FALSE,330,1,0.00303030303030303,0.998484848484849,0.00151515151515147,0.00302571166207521
loc235_pos117,FALSE,326,1,0.00306748466257669,0.998466257668712,0.00153374233128833,0.0030627799314991
loc236_pos28,FALSE,317,1,0.00315457413249211,0.998422712933754,0.00157728706624605,0.0031495984635134
loc238_pos26,FALSE,311,3,0.00964630225080386,0.00482315112540193,0.995176848874598,0.00959977667724693
loc242_pos14,FALSE,310,10,0.032258064516129,0.0290322580645161,0.970967741935484,0.0563787721123829
loc245_pos119,FALSE,307,6,0.0195439739413681,0.130293159609121,0.869706840390879,0.226633704336386
loc248_pos17,FALSE,321,1,0.00311526479750779,0.00155763239875389,0.998442367601246,0.00311041236012849
loc249_pos14,FALSE,294,0,0,0.993197278911565,0.00680272108843538,0.0135128881484567
loc251_pos4,FALSE,288,1,0.00347222222222222,0.998263888888889,0.00173611111111116,0.00346619405864207
loc253_pos9,FALSE,325,16,0.0492307692307692,0.113846153846154,0.886153846153846,0.201770414201183
loc254_pos8,FALSE,321,0,0,0.00311526479750779,0.996884735202492,0.00621111984549839
loc256_pos58,FALSE,288,7,0.0243055555555556,0.137152777777778,0.862847222222222,0.236683786651235
loc257_pos19,FALSE,331,1,0.00302114803625378,0.00151057401812689,0.998489425981873,0.0030165843685253
loc259_pos7,FALSE,319,3,0.00940438871473354,0.957680250783699,0.042319749216301,0.0810575760851408
loc260_pos6,TRUE,301,0,0,0.998338870431894,0.00166112956810627,0.00331674043332846
loc261_pos7,FALSE,301,2,0.00664451827242525,0.976744186046512,0.0232558139534884,0.0454299621416983
loc262_pos35,FALSE,310,74,0.238709677419355,0.335483870967742,0.664516129032258,0.445868886576483
loc264_pos11,TRUE,325,0,0,0.873846153846154,0.126153846153846,0.220478106508876
loc266_pos55,FALSE,329,1,0.00303951367781155,0.00151975683890578,0.998480243161094,0.00303489435611275
loc268_pos11,FALSE,324,1,0.00308641975308642,0.998456790123457,0.00154320987654322,0.00308165675964031
loc269_pos14,FALSE,312,19,0.0608974358974359,0.950320512820513,0.0496794871794872,0.0944228714661408
loc270_pos28,FALSE,286,3,0.0104895104895105,0.0576923076923077,0.942307692307692,0.108727810650888
loc272_pos27,FALSE,290,106,0.36551724137931,0.813793103448276,0.186206896551724,0.303067776456599
loc273_pos42,TRUE,291,0,0,0.86426116838488,0.13573883161512,0.234627602413765
loc274_pos43,FALSE,332,10,0.0301204819277108,0.0180722891566265,0.981927710843373,0.0354913630425316
loc276_pos32,FALSE,303,1,0.0033003300330033,0.998349834983498,0.00165016501650161,0.00329488394383986
loc278_pos1,FALSE,328,1,0.00304878048780488,0.998475609756098,0.00152439024390238,0.00304413295657336
loc280_pos58,FALSE,329,1,0.00303951367781155,0.998480243161094,0.00151975683890582,0.00303489435611283
loc283_pos27,FALSE,303,0,0,0.0033003300330033,0.996699669966997,0.00657887570935311
loc284_pos6,FALSE,322,1,0.0031055900621118,0.998447204968944,0.00155279503105588,0.00310076771729481
loc285_pos24,FALSE,313,1,0.00319488817891374,0.998402555910543,0.00159744408945683,0.00318978452367579
loc286_pos45,FALSE,285,0,0,0.996491228070175,0.00350877192982457,0.0069929208987381
loc288_pos27,TRUE,306,0,0,0.707516339869281,0.292483660130719,0.413873937374514
loc290_pos10,FALSE,310,1,0.0032258064516129,0.998387096774194,0.00161290322580643,0.00322060353798122
loc293_pos29,FALSE,316,10,0.0316455696202532,0.113924050632911,0.886075949367089,0.201890722640602
loc294_pos57,FALSE,304,11,0.0361842105263158,0.883223684210526,0.116776315789474,0.206279215720222
loc297_pos18,FALSE,307,1,0.00325732899022801,0.998371335504886,0.00162866449511401,0.00325202389415272
loc298_pos33,FALSE,314,1,0.00318471337579618,0.998407643312102,0.00159235668789814,0.0031796421761533
loc299_pos5,FALSE,328,8,0.024390243902439,0.984756097560976,0.0152439024390244,0.0300230517549078
loc301_pos9,FALSE,309,1,0.00323624595469256,0.998381877022654,0.00161812297734631,0.003231009310753
loc302_pos6,FALSE,287,16,0.0557491289198606,0.878048780487805,0.121951219512195,0.214158239143367
loc305_pos36,FALSE,300,14,0.0466666666666667,0.16,0.84,0.2688
loc307_pos52,FALSE,337,14,0.0415430267062315,0.13946587537092,0.86053412462908,0.240030289955886
loc310_pos48,FALSE,304,1,0.00328947368421053,0.998355263157895,0.00164473684210531,0.00328406336565106
loc311_pos20,FALSE,330,0,0,0.00303030303030303,0.996969696969697,0.00604224058769513
loc312_pos2,FALSE,330,1,0.00303030303030303,0.998484848484849,0.00151515151515147,0.00302571166207521
loc315_pos16,TRUE,294,0,0,0.00340136054421769,0.996598639455782,0.00677958258133185
loc318_pos4,FALSE,312,0,0,0.00641025641025641,0.993589743589744,0.0127383300460224
loc323_pos130,FALSE,292,1,0.00342465753424658,0.998287671232877,0.00171232876712324,0.00341879339463304
loc324_pos61,FALSE,321,7,0.0218068535825545,0.970404984423676,0.0295950155763239,0.0574383012587222
loc327_pos105,FALSE,323,1,0.00309597523219814,0.998452012383901,0.00154798761609909,0.00309118270087899
loc329_pos3,FALSE,290,5,0.0172413793103448,0.925862068965517,0.0741379310344827,0.137282996432818
loc330_pos5,FALSE,311,1,0.00321543408360129,0.998392282958199,0.00160771704180063,0.00321026457542826
loc335_pos3,FALSE,326,36,0.110429447852761,0.819018404907976,0.180981595092024,0.296454514659942
loc337_pos117,FALSE,316,1,0.00316455696202532,0.998417721518987,0.00158227848101267,0.00315954975164238
loc340_pos81,FALSE,291,103,0.353951890034364,0.427835051546392,0.572164948453608,0.489584440429376
loc341_pos69,FALSE,302,1,0.0033112582781457,0.00165562913907285,0.998344370860927,0.0033057760624534
loc342_pos9,FALSE,289,9,0.0311418685121107,0.136678200692042,0.863321799307958,0.235994540295255
loc343_pos18,FALSE,322,1,0.0031055900621118,0.998447204968944,0.00155279503105588,0.00310076771729481
loc346_pos9,TRUE,327,0,0,0.00305810397553517,0.996941896024465,0.00609750395121997
loc348_pos15,TRUE,300,0,0,0.998333333333333,0.0016666666666667,0.00332777777777785
loc349_pos43,FALSE,300,1,0.00333333333333333,0.998333333333333,0.0016666666666667,0.00332777777777785
loc350_pos18,FALSE,293,6,0.0204778156996587,0.126279863481229,0.873720136518771,0.220666519120782
loc351_pos18,FALSE,327,1,0.00305810397553517,0.998470948012232,0.00152905198776754,0.00305342797557248
loc355_pos15,FALSE,320,1,0.003125,0.0015625,0.9984375,0.0031201171875
loc356_pos19,FALSE,303,42,0.138613861386139,0.240924092409241,0.759075907590759,0.365759348212049
loc358_pos25,FALSE,291,1,0.00343642611683849,0.998281786941581,0.00171821305841924,0.00343052160461023
loc360_pos107,FALSE,296,1,0.00337837837837838,0.994932432432432,0.00506756756756754,0.0100837746530314
loc362_pos4,FALSE,324,1,0.00308641975308642,0.998456790123457,0.00154320987654322,0.00308165675964031
loc363_pos18,FALSE,317,0,0,0.00315457413249211,0.996845425867508,0.00628924558906945
loc364_pos60,FALSE,334,1,0.0029940119760479,0.998502994011976,0.00149700598802394,0.00298952992219151
loc365_pos24,FALSE,324,1,0.00308641975308642,0.998456790123457,0.00154320987654322,0.00308165675964031
loc366_pos7,FALSE,327,4,0.0122324159021407,0.883792048929664,0.116207951070336,0.205407326356741
loc368_pos65,FALSE,285,1,0.00350877192982456,0.998245614035088,0.00175438596491229,0.00350261618959681
loc370_pos29,FALSE,333,1,0.003003003003003,0.998498498498498,0.00150150150150152,0.00299849398948502
loc371_pos11,FALSE,280,0,0,0.00357142857142857,0.996428571428571,0.00711734693877551
loc372_pos22,FALSE,325,20,0.0615384615384615,0.0461538461538462,0.953846153846154,0.0880473372781065
loc375_pos21,FALSE,323,1,0.00309597523219814,0.998452012383901,0.00154798761609909,0.00309118270087899
loc376_pos16,TRUE,320,0,0,0.9984375,0.00156250000000002,0.00312011718750004
loc377_pos27,FALSE,330,1,0.00303030303030303,0.992424242424242,0.00757575757575757,0.0150367309458218
loc378_pos8,FALSE,318,0,0,0.00314465408805031,0.99685534591195,0.00626953047743365
loc380_pos25,FALSE,303,0,0,0.0033003300330033,0.996699669966997,0.00657887570935311
loc382_pos38,FALSE,331,0,0,0.00302114803625378,0.996978851963746,0.00602404140159363
loc383_pos30,FALSE,297,7,0.0235690235690236,0.957912457912458,0.0420875420875421,0.0806323617771429
loc385_pos31,FALSE,320,28,0.0875,0.93125,0.06875,0.128046875
loc388_pos2,FALSE,284,2,0.00704225352112676,0.996478873239437,0.00352112676056338,0.00701745685379884
loc391_pos26,FALSE,327,12,0.036697247706422,0.865443425076453,0.134556574923547,0.232902206136782
loc392_pos8,FALSE,319,0,0,0.00313479623824451,0.996865203761755,0.0062499385815784
loc394_pos76,FALSE,337,0,0,0.0029673590504451,0.997032640949555,0.00591710766142169
loc395_pos15,FALSE,333,4,0.012012012012012,0.993993993993994,0.00600600600600598,0.0119398677957236
loc397_pos84,FALSE,336,1,0.00297619047619048,0.998511904761905,0.00148809523809523,0.00297176162131518
loc399_pos5,TRUE,287,0,0,0.991289198606272,0.00871080139372826,0.0172698466656146
loc402_pos3,FALSE,337,0,0,0.0029673590504451,0.997032640949555,0.00591710766142169
loc404_pos24,FALSE,324,1,0.00308641975308642,0.998456790123457,0.00154320987654322,0.00308165675964031
loc407_pos95,FALSE,317,1,0.00315457413249211,0.998422712933754,0.00157728706624605,0.0031495984635134
loc408_pos8,FALSE,316,5,0.0158227848101266,0.992088607594937,0.00791139240506333,0.0156976045505529
loc409_pos114,FALSE,300,11,0.0366666666666667,0.971666666666667,0.0283333333333333,0.0550611111111111
loc412_pos3,FALSE,297,1,0.00336700336700337,0.998316498316498,0.00168350168350173,0.00336133501116676
loc414_pos13,TRUE,325,0,0,0.998461538461539,0.00153846153846149,0.00307218934911233
loc415_pos55,FALSE,313,0,0,1,0,0
loc418_pos28,TRUE,295,52,0.176271186440678,0.222033898305085,0.777966101694915,0.345469692617064
loc420_pos38,FALSE,290,1,0.00344827586206897,0.998275862068966,0.00172413793103443,0.0034423305588584
loc422_pos6,FALSE,294,0,0,0.00340136054421769,0.996598639455782,0.00677958258133185
loc423_pos117,TRUE,320,1,0.003125,0.0015625,0.9984375,0.0031201171875
loc425_pos35,FALSE,303,1,0.0033003300330033,0.998349834983498,0.00165016501650161,0.00329488394383986
loc427_pos11,FALSE,283,17,0.0600706713780919,0.969964664310954,0.0300353356890459,0.0582664285981845
loc428_pos9,FALSE,307,1,0.00325732899022801,0.998371335504886,0.00162866449511401,0.00325202389415272
loc432_pos13,FALSE,318,0,0,0.00314465408805031,0.99685534591195,0.00626953047743365
loc434_pos52,FALSE,326,1,0.00306748466257669,0.998466257668712,0.00153374233128833,0.0030627799314991
loc437_pos28,FALSE,332,1,0.00301204819277108,0.998493975903614,0.00150602409638556,0.00300751197561333
loc438_pos19,FALSE,310,0,0,0.0741935483870968,0.925806451612903,0.137377731529657
loc439_pos11,FALSE,331,1,0.00302114803625378,0.998489425981873,0.00151057401812693,0.00301658436852538
loc440_pos59,FALSE,335,1,0.00298507462686567,0.00149253731343284,0.998507462686567,0.00298061929160169
loc441_pos6,FALSE,324,0,0,1,0,0
loc442_pos15,FALSE,330,1,0.00303030303030303,0.998484848484849,0.00151515151515147,0.00302571166207521
loc443_pos56,FALSE,313,1,0.00319488817891374,0.998402555910543,0.00159744408945683,0.00318978452367579
loc447_pos173,FALSE,287,1,0.00348432055749129,0.998257839721254,0.00174216027874563,0.00347825031261758
loc449_pos82,FALSE,332,0,0,0.00301204819277108,0.996987951807229,0.00600595151691102
loc452_pos137,FALSE,327,7,0.0214067278287462,0.989296636085627,0.0107033639143731,0.0211776038305792
loc455_pos33,FALSE,316,2,0.00632911392405063,0.996835443037975,0.00316455696202533,0.00630908508251886
loc456_pos52,FALSE,321,1,0.00311526479750779,0.998442367601246,0.00155763239875384,0.00311041236012838
loc458_pos42,FALSE,328,1,0.00304878048780488,0.998475609756098,0.00152439024390238,0.00304413295657336
loc461_pos21,FALSE,292,8,0.0273972602739726,0.123287671232877,0.876712328767123,0.216175642709702
loc463_pos35,FALSE,331,0,0,1,0,0
loc464_pos4,FALSE,311,20,0.0643086816720257,0.951768488745981,0.0482315112540193,0.0918104651523453
loc468_pos29,FALSE,299,1,0.00334448160535117,0.998327759197324,0.00167224080267558,0.0033388888267469
loc470_pos92,FALSE,317,9,0.028391167192429,0.966876971608833,0.0331230283911672,0.0640517867627303
loc471_pos95,FALSE,324,0,0,0.00308641975308642,0.996913580246914,0.00615378753238835
loc472_pos32,FALSE,312,0,0,0.0032051282051282,0.996794871794872,0.00638971071663379
loc473_pos10,FALSE,326,4,0.0122699386503067,0.122699386503067,0.877300613496933,0.215288494109677
loc475_pos61,FALSE,324,1,0.00308641975308642,0.998456790123457,0.00154320987654322,0.00308165675964031
loc477_pos53,FALSE,311,4,0.0128617363344051,0.887459807073955,0.112540192926045,0.199749795804427
loc480_pos5,FALSE,318,1,0.00314465408805031,0.998427672955975,0.00157232704402521,0.00313970966338368
loc482_pos11,TRUE,313,0,0,0.977635782747604,0.0223642172523961,0.0437281180781675
loc484_pos64,FALSE,324,19,0.058641975308642,0.896604938271605,0.103395061728395,0.185409045877153
loc485_pos17,FALSE,283,2,0.00706713780918728,0.996466431095406,0.00353356890459366,0.00704216559078031
loc488_pos58,FALSE,315,1,0.00317460317460317,0.998412698412698,0.00158730158730158,0.00316956412194506
loc489_pos6,FALSE,306,1,0.00326797385620915,0.998366013071895,0.00163398692810457,0.00326263402964671
loc490_pos88,FALSE,326,1,0.00306748466257669,0.998466257668712,0.00153374233128833,0.0030627799314991
loc491_pos65,TRUE,333,0,0,0.987987987987988,0.012012012012012,0.0237354471588705
loc492_pos14,FALSE,317,1,0.00315457413249211,0.998422712933754,0.00157728706624605,0.0031495984635134
loc497_pos50,FALSE,284,1,0.00352112676056338,0.998239436619718,0.00176056338028174,0.00351492759373151
loc499_pos3,FALSE,334,1,0.0029940119760479,0.998502994011976,0.00149700598802394,0.00298952992219151
loc501_pos22,FALSE,295,1,0.00338983050847458,0.998305084745763,0.00169491525423726,0.00338408503303643
loc503_pos1,FALSE,318,2,0.00628930817610063,0.993710691823899,0.00628930817610063,0.0124995055575333
loc504_pos2,TRUE,297,0,0,0.998316498316498,0.00168350168350173,0.00336133501116676
loc505_pos29,FALSE,327,1,0.00305810397553517,0.00152905198776758,0.998470948012232,0.00305342797557258
loc506_pos5,FALSE,327,1,0.00305810397553517,0.998470948012232,0.00152905198776754,0.00305342797557248
loc507_pos41,FALSE,324,1,0.00308641975308642,0.00154320987654321,0.998456790123457,0.0030816567596403
loc512_pos25,FALSE,292,1,0.00342465753424658,0.998287671232877,0.00171232876712324,0.00341879339463304
loc514_pos72,FALSE,288,6,0.0208333333333333,0.0104166666666667,0.989583333333333,0.0206163194444444
loc515_pos25,TRUE,284,0,0,0.998239436619718,0.00176056338028174,0.00351492759373151
loc527_pos26,FALSE,282,3,0.0106382978723404,0.0407801418439716,0.959219858156028,0.0782342437503144
loc529_pos30,FALSE,305,19,0.0622950819672131,0.0672131147540984,0.932786885245902,0.125391023918302
loc533_pos9,FALSE,329,3,0.00911854103343465,0.882978723404255,0.117021276595745,0.206654594839294
loc535_pos97,FALSE,332,1,0.00301204819277108,0.998493975903614,0.00150602409638556,0.00300751197561333
loc537_pos23,FALSE,303,1,0.0033003300330033,0.998349834983498,0.00165016501650161,0.00329488394383986
loc538_pos20,FALSE,325,43,0.132307692307692,0.9,0.1,0.18
loc541_pos10,FALSE,288,1,0.00347222222222222,0.998263888888889,0.00173611111111116,0.00346619405864207
loc543_pos95,FALSE,313,1,0.00319488817891374,0.00159744408945687,0.998402555910543,0.00318978452367586
loc544_pos25,FALSE,287,1,0.00348432055749129,0.998257839721254,0.00174216027874563,0.00347825031261758
loc545_pos33,FALSE,338,13,0.0384615384615385,0.980769230769231,0.0192307692307693,0.0377218934911243
loc546_pos38,FALSE,326,1,0.00306748466257669,0.998466257668712,0.00153374233128833,0.0030627799314991
loc549_pos34,FALSE,283,2,0.00706713780918728,0.0706713780918728,0.929328621908127,0.131353868820937
loc550_pos171,FALSE,282,1,0.00354609929078014,0.99822695035461,0.00177304964539005,0.00353981188069006
loc554_pos22,FALSE,318,6,0.0188679245283019,0.874213836477987,0.125786163522013,0.219928009176852
loc558_pos56,FALSE,303,3,0.0099009900990099,0.919141914191419,0.0808580858085809,0.148640111535906
loc562_pos38,FALSE,328,6,0.0182926829268293,0.878048780487805,0.121951219512195,0.214158239143367
loc563_pos17,FALSE,294,17,0.0578231292517007,0.964285714285714,0.0357142857142857,0.0688775510204081
loc565_pos4,FALSE,315,5,0.0158730158730159,0.992063492063492,0.00793650793650791,0.0157470395565633
loc571_pos6,FALSE,280,1,0.00357142857142857,0.998214285714286,0.00178571428571428,0.00356505102040815
loc574_pos16,FALSE,307,1,0.00325732899022801,0.998371335504886,0.00162866449511401,0.00325202389415272
loc575_pos0,FALSE,332,0,0,0.00301204819277108,0.996987951807229,0.00600595151691102
loc577_pos12,TRUE,315,0,0,0.998412698412698,0.00158730158730158,0.00316956412194506
loc583_pos90,TRUE,286,0,0,0.998251748251748,0.00174825174825177,0.00349039072815301
loc586_pos44,FALSE,327,0,0,0.00305810397553517,0.996941896024465,0.00609750395121997
loc587_pos27,FALSE,299,5,0.0167224080267559,0.0183946488294314,0.981605351170569,0.0361125714477467
loc588_pos17,FALSE,299,1,0.00334448160535117,0.998327759197324,0.00167224080267558,0.0033388888267469
loc589_pos56,FALSE,350,2,0.00571428571428571,0.997142857142857,0.00285714285714289,0.00569795918367354
loc590_pos24,FALSE,326,18,0.0552147239263804,0.941717791411043,0.058282208588957,0.109770785501901
loc591_pos36,FALSE,309,17,0.0550161812297735,0.0469255663430421,0.953074433656958,0.0894471151328537
loc595_pos116,FALSE,287,1,0.00348432055749129,0.00522648083623693,0.994773519163763,0.0103983294686108
loc596_pos8,FALSE,320,6,0.01875,0.1,0.9,0.18
loc598_pos10,FALSE,332,1,0.00301204819277108,0.998493975903614,0.00150602409638556,0.00300751197561333
loc601_pos58,FALSE,299,1,0.00334448160535117,0.998327759197324,0.00167224080267558,0.0033388888267469
loc604_pos15,FALSE,327,18,0.055045871559633,0.941896024464832,0.0581039755351682,0.109455807124354
loc608_pos122,FALSE,331,9,0.027190332326284,0.983383685800604,0.0166163141993958,0.0326804246036455
loc611_pos24,FALSE,314,2,0.00636942675159236,0.993630573248408,0.00636942675159236,0.0126577143088969
loc614_pos76,FALSE,311,109,0.35048231511254,0.37459807073955,0.62540192926045,0.468548712275514
loc617_pos0,FALSE,330,1,0.00303030303030303,0.998484848484849,0.00151515151515147,0.00302571166207521
loc620_pos22,FALSE,326,1,0.00306748466257669,0.00460122699386503,0.995398773006135,0.00916011140803192
loc625_pos28,FALSE,325,1,0.00307692307692308,0.998461538461539,0.00153846153846149,0.00307218934911233
loc626_pos41,FALSE,290,17,0.0586206896551724,0.95,0.05,0.0950000000000001
loc627_pos20,FALSE,305,1,0.00327868852459016,0.998360655737705,0.00163934426229506,0.00327331362536948
loc628_pos99,FALSE,335,0,0,0.00298507462686567,0.997014925373134,0.00595232791267543
loc632_pos3,FALSE,307,129,0.420195439739414,0.620521172638437,0.379478827361563,0.470949293891712
loc633_pos31,FALSE,301,1,0.00332225913621262,0.998338870431894,0.00166112956810627,0.00331674043332846
loc636_pos58,FALSE,327,1,0.00305810397553517,0.998470948012232,0.00152905198776754,0.00305342797557248
loc645_pos0,FALSE,317,1,0.00315457413249211,0.998422712933754,0.00157728706624605,0.0031495984635134
loc647_pos37,FALSE,324,1,0.00308641975308642,0.998456790123457,0.00154320987654322,0.00308165675964031
loc648_pos55,FALSE,313,1,0.00319488817891374,0.998402555910543,0.00159744408945683,0.00318978452367579
loc649_pos11,FALSE,332,1,0.00301204819277108,0.998493975903614,0.00150602409638556,0.00300751197561333
loc650_pos18,FALSE,335,1,0.00298507462686567,0.998507462686567,0.0014925373134328,0.00298061929160161
loc651_pos111,FALSE,323,0,0,0.00309597523219814,0.996904024767802,0.00617278033911952
loc656_pos14,FALSE,331,1,0.00302114803625378,0.998489425981873,0.00151057401812693,0.00301658436852538
loc658_pos37,FALSE,327,1,0.00305810397553517,0.998470948012232,0.00152905198776754,0.00305342797557248
loc660_pos11,FALSE,283,1,0.00353356890459364,0.998233215547703,0.00176678445229683,0.00352732584999191
loc661_pos9,FALSE,323,19,0.0588235294117647,0.143962848297214,0.856037151702786,0.246475093214734
loc664_pos116,FALSE,318,1,0.00314465408805031,0.998427672955975,0.00157232704402521,0.00313970966338368
loc670_pos9,FALSE,328,7,0.0213414634146341,0.132621951219512,0.867378048780488,0.230066738548483
loc671_pos119,FALSE,329,1,0.00303951367781155,0.998480243161094,0.00151975683890582,0.00303489435611283
loc674_pos106,FALSE,321,9,0.0280373831775701,0.883177570093458,0.116822429906542,0.206349899554546
loc675_pos22,FALSE,289,7,0.0242214532871972,0.987889273356401,0.0121107266435986,0.0239281138875252
loc678_pos8,FALSE,311,17,0.0546623794212219,0.956591639871383,0.0434083601286174,0.0830481487991233
loc679_pos16,FALSE,328,1,0.00304878048780488,0.998475609756098,0.00152439024390238,0.00304413295657336
loc680_pos40,FALSE,316,1,0.00316455696202532,0.998417721518987,0.00158227848101267,0.00315954975164238
loc681_pos159,FALSE,308,0,0,1,0,0
loc683_pos9,FALSE,322,20,0.062111801242236,0.934782608695652,0.0652173913043478,0.121928166351607
loc684_pos4,FALSE,286,0,0,0.0034965034965035,0.996503496503496,0.00696855591960487
loc686_pos24,FALSE,311,1,0.00321543408360129,0.998392282958199,0.00160771704180063,0.00321026457542826
loc689_pos3,FALSE,290,1,0.00344827586206897,0.998275862068966,0.00172413793103443,0.0034423305588584
loc692_pos6,FALSE,327,0,0,0.00305810397553517,0.996941896024465,0.00609750395121997
loc694_pos3,FALSE,325,1,0.00307692307692308,0.998461538461539,0.00153846153846149,0.00307218934911233
loc697_pos67,FALSE,324,4,0.0123456790123457,0.993827160493827,0.00617283950617287,0.0122694711172078
loc698_pos23,FALSE,324,1,0.00308641975308642,0.998456790123457,0.00154320987654322,0.00308165675964031
loc699_pos3,FALSE,321,18,0.0560747663551402,0.0716510903426791,0.928348909657321,0.133034423190769
loc704_pos96,FALSE,322,1,0.0031055900621118,0.998447204968944,0.00155279503105588,0.00310076771729481
loc705_pos5,FALSE,313,1,0.00319488817891374,0.998402555910543,0.00159744408945683,0.00318978452367579
loc709_pos4,FALSE,327,0,0,0.00305810397553517,0.996941896024465,0.00609750395121997
loc711_pos15,FALSE,320,1,0.003125,0.9984375,0.00156250000000002,0.00312011718750004
loc719_pos14,FALSE,324,1,0.00308641975308642,0.998456790123457,0.00154320987654322,0.00308165675964031
loc725_pos19,FALSE,298,0,0,0.00335570469798658,0.996644295302013,0.00668888788793298
loc729_pos74,FALSE,317,1,0.00315457413249211,0.00157728706624606,0.998422712933754,0.00314959846351342
loc731_pos9,FALSE,312,1,0.0032051282051282,0.998397435897436,0.0016025641025641,0.00319999178172254
loc733_pos7,FALSE,318,0,0,0.00314465408805031,0.99685534591195,0.00626953047743365
loc735_pos48,FALSE,323,20,0.0619195046439628,0.0959752321981424,0.904024767801858,0.17352797400531
loc737_pos4,FALSE,329,18,0.0547112462006079,0.887537993920973,0.112462006079027,0.199628606535416
loc738_pos9,FALSE,280,1,0.00357142857142857,0.998214285714286,0.00178571428571428,0.00356505102040815
loc739_pos38,FALSE,297,86,0.28956228956229,0.441077441077441,0.558922558922559,0.493056264100035
loc741_pos11,FALSE,344,1,0.00290697674418605,0.998546511627907,0.00145348837209303,0.00290275148729043
loc742_pos25,TRUE,329,0,0,0.998480243161094,0.00151975683890582,0.00303489435611283
loc747_pos8,FALSE,325,1,0.00307692307692308,0.998461538461539,0.00153846153846149,0.00307218934911233
loc748_pos44,FALSE,286,5,0.0174825174825175,0.127622377622378,0.872377622377622,0.222669812704778
loc750_pos123,FALSE,311,9,0.0289389067524116,0.139871382636656,0.860128617363344,0.240614757911932
loc754_pos40,FALSE,300,0,0,0.956666666666667,0.0433333333333333,0.0829111111111111
loc756_pos63,FALSE,350,1,0.00285714285714286,0.998571428571429,0.00142857142857145,0.00285306122448983
loc760_pos15,FALSE,326,1,0.00306748466257669,0.998466257668712,0.00153374233128833,0.0030627799314991
loc762_pos55,FALSE,290,4,0.0137931034482759,0.986206896551724,0.0137931034482759,0.0272057074910821
loc763_pos95,FALSE,319,1,0.00313479623824451,0.998432601880878,0.00156739811912221,0.00312988276451676
loc764_pos76,FALSE,309,1,0.00323624595469256,0.998381877022654,0.00161812297734631,0.003231009310753
loc765_pos6,FALSE,290,1,0.00344827586206897,0.998275862068966,0.00172413793103443,0.0034423305588584
loc767_pos32,FALSE,314,1,0.00318471337579618,0.998407643312102,0.00159235668789814,0.0031796421761533
loc775_pos15,FALSE,327,0,0,0.00305810397553517,0.996941896024465,0.00609750395121997
loc777_pos38,FALSE,324,1,0.00308641975308642,0.998456790123457,0.00154320987654322,0.00308165675964031
loc778_pos11,FALSE,311,1,0.00321543408360129,0.998392282958199,0.00160771704180063,0.00321026457542826
loc779_pos15,FALSE,280,1,0.00357142857142857,0.998214285714286,0.00178571428571428,0.00356505102040815
loc781_pos49,FALSE,280,130,0.464285714285714,0.296428571428571,0.703571428571429,0.417117346938776
loc783_pos9,FALSE,316,59,0.186708860759494,0.884493670886076,0.115506329113924,0.2043292340971
loc784_pos23,FALSE,324,4,0.0123456790123457,0.12962962962963,0.87037037037037,0.225651577503429
loc785_pos66,FALSE,321,2,0.00623052959501558,0.996884735202492,0.00311526479750779,0.0062111198454984
loc786_pos5,FALSE,291,4,0.013745704467354,0.914089347079038,0.0859106529209622,0.157060025271312
loc789_pos12,FALSE,316,1,0.00316455696202532,0.998417721518987,0.00158227848101267,0.00315954975164238
loc791_pos17,FALSE,318,1,0.00314465408805031,0.998427672955975,0.00157232704402521,0.00313970966338368
loc793_pos5,FALSE,337,124,0.367952522255193,0.344213649851632,0.655786350148368,0.4514612262149
loc795_pos21,FALSE,317,1,0.00315457413249211,0.998422712933754,0.00157728706624605,0.0031495984635134
loc796_pos48,FALSE,293,1,0.00341296928327645,0.998293515358362,0.00170648464163825,0.00340714510361221
loc797_pos29,FALSE,310,1,0.0032258064516129,0.998387096774194,0.00161290322580643,0.00322060353798122
loc798_pos28,FALSE,330,1,0.00303030303030303,0.998484848484849,0.00151515151515147,0.00302571166207521
loc799_pos41,FALSE,292,1,0.00342465753424658,0.998287671232877,0.00171232876712324,0.00341879339463304
loc801_pos20,FALSE,302,1,0.0033112582781457,0.998344370860927,0.0016556291390728,0.00330577606245331
loc803_pos7,FALSE,289,1,0.00346020761245675,0.998269896193772,0.0017301038062284,0.00345422109409615
loc805_pos2,FALSE,310,1,0.0032258064516129,0.998387096774194,0.00161290322580643,0.00322060353798122
loc808_pos110,FALSE,298,1,0.00335570469798658,0.998322147651007,0.00167785234899331,0.00335007432097658
loc810_pos36,FALSE,320,1,0.003125,0.9984375,0.00156250000000002,0.00312011718750004
loc812_pos119,FALSE,311,1,0.00321543408360129,0.00160771704180064,0.998392282958199,0.00321026457542829
loc813_pos50,FALSE,309,2,0.00647249190938511,0.996763754045307,0.00323624595469252,0.00645154533362651
loc817_pos3,FALSE,318,0,0,1,0,0
loc818_pos0,FALSE,316,0,0,0.996835443037975,0.00316455696202533,0.00630908508251886
loc821_pos8,FALSE,311,1,0.00321543408360129,0.998392282958199,0.00160771704180063,0.00321026457542826
loc824_pos52,FALSE,301,1,0.00332225913621262,0.998338870431894,0.00166112956810627,0.00331674043332846
loc826_pos136,FALSE,324,18,0.0555555555555556,0.891975308641975,0.108024691358025,0.192710714830056
loc828_pos23,FALSE,307,1,0.00325732899022801,0.998371335504886,0.00162866449511401,0.00325202389415272
loc831_pos28,FALSE,313,1,0.00319488817891374,0.998402555910543,0.00159744408945683,0.00318978452367579
loc833_pos52,FALSE,286,104,0.363636363636364,0.367132867132867,0.632867132867133,0.464692650007335
loc837_pos47,FALSE,288,3,0.0104166666666667,0.911458333333333,0.0885416666666666,0.161404079861111
loc840_pos11,FALSE,302,1,0.0033112582781457,0.998344370860927,0.0016556291390728,0.00330577606245331
loc842_pos86,FALSE,307,10,0.0325732899022801,0.957654723127036,0.0423452768729642,0.0811043087990324
loc843_pos4,FALSE,294,1,0.00340136054421769,0.98469387755102,0.0153061224489796,0.0301436901291128
loc844_pos17,FALSE,324,1,0.00308641975308642,0.998456790123457,0.00154320987654322,0.00308165675964031
loc847_pos8,FALSE,295,3,0.0101694915254237,0.910169491525424,0.0898305084745763,0.163521976443551
loc848_pos48,FALSE,329,0,0,0.00303951367781155,0.996960486322188,0.00606055006882789
loc849_pos13,FALSE,292,1,0.00342465753424658,0.998287671232877,0.00171232876712324,0.00341879339463304
loc850_pos9,FALSE,332,8,0.0240963855421687,0.987951807228916,0.0120481927710844,0.0238060676440703
loc851_pos2,FALSE,329,7,0.0212765957446809,0.870820668693009,0.129179331306991,0.224984063340139
loc852_pos36,FALSE,302,1,0.0033112582781457,0.998344370860927,0.0016556291390728,0.00330577606245331
loc853_pos7,FALSE,323,5,0.0154798761609907,0.992260061919505,0.00773993808049533,0.0153600628780109
loc855_pos63,FALSE,293,1,0.00341296928327645,0.998293515358362,0.00170648464163825,0.00340714510361221
loc856_pos22,FALSE,306,6,0.0196078431372549,0.127450980392157,0.872549019607843,0.22241445597847
loc866_pos3,FALSE,287,12,0.0418118466898955,0.97212543554007,0.0278745644599303,0.054195146232199
loc867_pos30,FALSE,319,1,0.00313479623824451,0.998432601880878,0.00156739811912221,0.00312988276451676
loc868_pos64,FALSE,324,1,0.00308641975308642,0.00462962962962963,0.99537037037037,0.00921639231824417
loc871_pos67,FALSE,316,1,0.00316455696202532,0.998417721518987,0.00158227848101267,0.00315954975164238
loc872_pos0,FALSE,311,56,0.180064308681672,0.877813504823151,0.122186495176849,0.214513911146494
loc873_pos22,FALSE,287,58,0.202090592334495,0.850174216027875,0.149825783972125,0.254756036858527
loc877_pos81,FALSE,308,0,0,0.00649350649350649,0.993506493506494,0.0129026817338506
loc878_pos1,FALSE,291,28,0.0962199312714777,0.0652920962199313,0.934707903780069,0.122058076782277
loc879_pos75,FALSE,326,1,0.00306748466257669,0.998466257668712,0.00153374233128833,0.0030627799314991
loc880_pos37,FALSE,330,2,0.00606060606060606,0.996969696969697,0.00303030303030305,0.00604224058769517
loc882_pos173,FALSE,303,1,0.0033003300330033,0.998349834983498,0.00165016501650161,0.00329488394383986
loc884_pos34,FALSE,310,1,0.0032258064516129,0.998387096774194,0.00161290322580643,0.00322060353798122
loc886_pos93,FALSE,323,0,0,1,0,0
loc887_pos61,FALSE,331,1,0.00302114803625378,0.998489425981873,0.00151057401812693,0.00301658436852538
loc888_pos15,FALSE,331,1,0.00302114803625378,0.998489425981873,0.00151057401812693,0.00301658436852538
loc890_pos18,FALSE,334,12,0.0359281437125748,0.119760479041916,0.880239520958084,0.210835813403134
loc891_pos54,FALSE,320,1,0.003125,0.9984375,0.00156250000000002,0.00312011718750004
loc893_pos28,FALSE,305,1,0.00327868852459016,0.998360655737705,0.00163934426229506,0.00327331362536948
loc894_pos34,FALSE,331,1,0.00302114803625378,0.998489425981873,0.00151057401812693,0.00301658436852538
loc895_pos16,FALSE,322,10,0.031055900621118,0.031055900621118,0.968944099378882,0.0601828633154585
loc896_pos22,FALSE,320,7,0.021875,0.8671875,0.1328125,0.2303466796875
loc899_pos12,FALSE,322,8,0.0248447204968944,0.872670807453416,0.127329192546584,0.222232938544038
loc902_pos34,FALSE,293,2,0.0068259385665529,0.993174061433447,0.00682593856655289,0.0135586902584771
loc903_pos29,FALSE,323,0,0,0.00309597523219814,0.996904024767802,0.00617278033911952
loc904_pos7,FALSE,313,0,0,0.996805111821086,0.00319488817891378,0.00636936173687603
loc905_pos47,FALSE,317,1,0.00315457413249211,0.998422712933754,0.00157728706624605,0.0031495984635134
loc906_pos32,FALSE,285,1,0.00350877192982456,0.998245614035088,0.00175438596491229,0.00350261618959681
loc907_pos9,FALSE,310,7,0.0225806451612903,0.888709677419355,0.111290322580645,0.197809573361082
loc908_pos17,FALSE,317,16,0.0504731861198738,0.971608832807571,0.0283911671924291,0.0551702176357612
loc909_pos1,TRUE,313,0,0,0.00319488817891374,0.996805111821086,0.00636936173687595
loc913_pos12,TRUE,324,0,0,0.945987654320988,0.0540123456790124,0.102190024386526
loc914_pos18,FALSE,310,1,0.0032258064516129,0.998387096774194,0.00161290322580643,0.00322060353798122
loc915_pos31,FALSE,331,0,0,0.996978851963746,0.00302114803625375,0.00602404140159358
loc918_pos42,FALSE,332,1,0.00301204819277108,0.998493975903614,0.00150602409638556,0.00300751197561333
loc920_pos11,FALSE,297,1,0.00336700336700337,0.998316498316498,0.00168350168350173,0.00336133501116676
loc922_pos5,FALSE,320,95,0.296875,0.8515625,0.1484375,0.2528076171875
loc923_pos24,FALSE,335,21,0.0626865671641791,0.0462686567164179,0.953731343283582,0.0882557362441524
loc924_pos3,FALSE,281,1,0.00355871886120996,0.998220640569395,0.00177935943060503,0.0035523866212435
loc926_pos8,FALSE,280,1,0.00357142857142857,0.998214285714286,0.00178571428571428,0.00356505102040815
loc927_pos9,FALSE,317,34,0.107255520504732,0.848580441640379,0.151419558359621,0.256983351411597
loc930_pos35,FALSE,297,1,0.00336700336700337,0.998316498316498,0.00168350168350173,0.00336133501116676
loc932_pos57,FALSE,303,1,0.0033003300330033,0.998349834983498,0.00165016501650161,0.00329488394383986
loc937_pos170,FALSE,307,1,0.00325732899022801,0.998371335504886,0.00162866449511401,0.00325202389415272
loc938_pos26,FALSE,304,14,0.0460526315789474,0.0789473684210526,0.921052631578947,0.145429362880886
loc939_pos35,FALSE,331,22,0.0664652567975831,0.11178247734139,0.88821752265861,0.198574310201623
loc940_pos35,FALSE,320,36,0.1125,0.80625,0.19375,0.312421875
loc941_pos3,FALSE,329,1,0.00303951367781155,0.998480243161094,0.00151975683890582,0.00303489435611283
loc942_pos74,FALSE,325,1,0.00307692307692308,0.998461538461539,0.00153846153846149,0.00307218934911233
loc944_pos2,FALSE,310,1,0.0032258064516129,0.998387096774194,0.00161290322580643,0.00322060353798122
loc949_pos28,FALSE,337,1,0.0029673590504451,0.998516320474777,0.00148367952522255,0.00296295644057797
loc951_pos2,FALSE,287,0,0,1,0,0
loc952_pos38,FALSE,314,10,0.0318471337579618,0.0668789808917197,0.93312101910828,0.124812365613209
loc953_pos2,FALSE,336,1,0.00297619047619048,0.998511904761905,0.00148809523809523,0.00297176162131518
loc954_pos7,FALSE,301,1,0.00332225913621262,0.998338870431894,0.00166112956810627,0.00331674043332846
loc963_pos23,FALSE,334,1,0.0029940119760479,0.998502994011976,0.00149700598802394,0.00298952992219151
loc964_pos110,FALSE,289,1,0.00346020761245675,0.998269896193772,0.0017301038062284,0.00345422109409615
loc967_pos4,FALSE,308,0,0,0.00324675324675325,0.996753246753247,0.00647242368021589
loc968_pos42,FALSE,288,9,0.03125,0.154513888888889,0.845486111111111,0.261278694058642
loc971_pos45,FALSE,326,19,0.058282208588957,0.053680981595092,0.946319018404908,0.101598667620159
loc972_pos15,FALSE,312,11,0.0352564102564103,0.963141025641026,0.0368589743589743,0.0710007807363576
loc975_pos5,FALSE,310,1,0.0032258064516129,0.998387096774194,0.00161290322580643,0.00322060353798122
loc977_pos23,FALSE,318,1,0.00314465408805031,0.00471698113207547,0.995283018867924,0.00938946244215023
loc980_pos17,FALSE,324,1,0.00308641975308642,0.998456790123457,0.00154320987654322,0.00308165675964031
loc981_pos9,FALSE,332,1,0.00301204819277108,0.998493975903614,0.00150602409638556,0.00300751197561333
loc983_pos62,FALSE,313,13,0.0415335463258786,0.876996805111821,0.123003194888179,0.215746817870959
loc985_pos12,FALSE,335,8,0.0238805970149254,0.13134328358209,0.86865671641791,0.228184450879929
loc986_pos36,FALSE,333,1,0.003003003003003,0.998498498498498,0.00150150150150152,0.00299849398948502
loc990_pos25,FALSE,338,1,0.0029585798816568,0.998520710059172,0.00147928994082835,0.00295420328419864
loc991_pos32,FALSE,313,1,0.00319488817891374,0.998402555910543,0.00159744408945683,0.00318978452367579
loc993_pos54,FALSE,322,22,0.0683229813664596,0.906832298136646,0.093167701863354,0.16897496238571
loc994_pos16,TRUE,291,0,0,0.807560137457045,0.192439862542955,0.310813523694808
loc996_pos13,FALSE,320,1,0.003125,0.9984375,0.00156250000000002,0.00312011718750004
loc999_pos8,FALSE,301,1,0.00332225913621262,0.998338870431894,0.00166112956810627,0.00331674043332846
loc1003_pos28,FALSE,317,1,0.00315457413249211,0.998422712933754,0.00157728706624605,0.0031495984635134
loc1005_pos33,FALSE,337,0,0,1,0,0
loc1006_pos3,FALSE,322,1,0.0031055900621118,0.998447204968944,0.00155279503105588,0.00310076771729481
loc1007_pos27,FALSE,328,1,0.00304878048780488,0.998475609756098,0.00152439024390238,0.00304413295657336
loc1011_pos2,FALSE,305,1,0.00327868852459016,0.998360655737705,0.00163934426229506,0.00327331362536948
loc1017_pos57,FALSE,297,1,0.00336700336700337,0.998316498316498,0.00168350168350173,0.00336133501116676
loc1018_pos2,FALSE,314,1,0.00318471337579618,0.998407643312102,0.00159235668789814,0.0031796421761533
loc1019_pos27,FALSE,330,0,0,0.00303030303030303,0.996969696969697,0.00604224058769513
loc1020_pos4,FALSE,288,13,0.0451388888888889,0.157986111111111,0.842013888888889,0.266052999614197
loc1023_pos77,FALSE,321,0,0,1,0,0
loc1026_pos11,FALSE,302,0,0,0.0033112582781457,0.996688741721854,0.00660058769352221
loc1027_pos52,FALSE,315,2,0.00634920634920635,0.996825396825397,0.00317460317460316,0.00632905013857393
loc1030_pos18,FALSE,318,1,0.00314465408805031,0.998427672955975,0.00157232704402521,0.00313970966338368
loc1035_pos35,FALSE,281,1,0.00355871886120996,0.998220640569395,0.00177935943060503,0.0035523866212435
loc1036_pos17,FALSE,320,39,0.121875,0.1109375,0.8890625,0.1972607421875
loc1037_pos121,TRUE,292,1,0.00342465753424658,0.99486301369863,0.00513698630136983,0.0102211953462187
loc1038_pos42,FALSE,288,66,0.229166666666667,0.739583333333333,0.260416666666667,0.385199652777778
loc1040_pos15,FALSE,327,0,0,0.00305810397553517,0.996941896024465,0.00609750395121997
loc1043_pos7,FALSE,312,51,0.163461538461538,0.911858974358974,0.0881410256410257,0.160744370479947
loc1044_pos2,FALSE,316,1,0.00316455696202532,0.998417721518987,0.00158227848101267,0.00315954975164238
loc1047_pos21,FALSE,322,1,0.0031055900621118,0.998447204968944,0.00155279503105588,0.00310076771729481
loc1051_pos11,FALSE,294,1,0.00340136054421769,0.998299319727891,0.00170068027210879,0.0033955759174417
loc1052_pos25,FALSE,293,1,0.00341296928327645,0.998293515358362,0.00170648464163825,0.00340714510361221
loc1053_pos15,FALSE,316,2,0.00632911392405063,0.996835443037975,0.00316455696202533,0.00630908508251886
loc1054_pos52,FALSE,316,1,0.00316455696202532,0.998417721518987,0.00158227848101267,0.00315954975164238
loc1060_pos3,FALSE,321,0,0,0.00311526479750779,0.996884735202492,0.00621111984549839
loc1063_pos61,FALSE,333,1,0.003003003003003,0.0015015015015015,0.998498498498498,0.00299849398948498
loc1067_pos29,FALSE,310,27,0.0870967741935484,0.179032258064516,0.820967741935484,0.293959417273673
loc1068_pos22,FALSE,318,7,0.0220125786163522,0.985849056603774,0.0141509433962265,0.0279013883944465
loc1069_pos140,FALSE,320,0,0,0.996875,0.00312500000000004,0.00623046875000009
loc1071_pos66,FALSE,321,19,0.059190031152648,0.926791277258567,0.073208722741433,0.135698411312002
loc1072_pos25,FALSE,324,1,0.00308641975308642,0.998456790123457,0.00154320987654322,0.00308165675964031
loc1074_pos38,FALSE,345,22,0.063768115942029,0.0318840579710145,0.968115942028986,0.061734929636631
loc1077_pos49,FALSE,325,1,0.00307692307692308,0.998461538461539,0.00153846153846149,0.00307218934911233
loc1079_pos74,FALSE,296,18,0.0608108108108108,0.918918918918919,0.081081081081081,0.149013878743608
loc1080_pos32,FALSE,307,1,0.00325732899022801,0.998371335504886,0.00162866449511401,0.00325202389415272
loc1082_pos52,FALSE,308,1,0.00324675324675325,0.00162337662337662,0.998376623376623,0.0032414825434306
loc1083_pos106,FALSE,317,1,0.00315457413249211,0.998422712933754,0.00157728706624605,0.0031495984635134
loc1084_pos29,FALSE,312,9,0.0288461538461538,0.136217948717949,0.863782051282051,0.235325238330046
loc1085_pos3,FALSE,319,5,0.0156739811912226,0.0956112852664577,0.904388714733542,0.172939534792307
loc1088_pos37,FALSE,318,5,0.0157232704402516,0.0172955974842767,0.982704402515723,0.0339929195838772
loc1089_pos43,FALSE,325,1,0.00307692307692308,0.998461538461539,0.00153846153846149,0.00307218934911233
loc1091_pos60,FALSE,335,0,0,1,0,0
loc1092_pos49,FALSE,294,1,0.00340136054421769,0.998299319727891,0.00170068027210879,0.0033955759174417
loc1093_pos41,TRUE,323,5,0.0154798761609907,0.0139318885448916,0.986068111455108,0.0274755820529287
loc1094_pos13,FALSE,337,22,0.0652818991097923,0.949554896142433,0.0504451038575667,0.0958007907087321
loc1096_pos19,FALSE,311,0,0,0.00321543408360129,0.996784565916399,0.0064101901345106
loc1098_pos69,TRUE,337,15,0.0445103857566766,0.967359050445104,0.0326409495548962,0.0631510359341018
loc1099_pos17,FALSE,313,1,0.00319488817891374,0.998402555910543,0.00159744408945683,0.00318978452367579
loc1100_pos9,FALSE,324,11,0.0339506172839506,0.930555555555556,0.0694444444444444,0.129243827160494
loc1103_pos26,FALSE,283,1,0.00353356890459364,0.998233215547703,0.00176678445229683,0.00352732584999191
loc1104_pos7,FALSE,322,1,0.0031055900621118,0.998447204968944,0.00155279503105588,0.00310076771729481
loc1105_pos47,FALSE,319,1,0.00313479623824451,0.00156739811912226,0.998432601880878,0.00312988276451686
loc1107_pos45,TRUE,301,0,0,0.990033222591362,0.00996677740863783,0.019734881513449
loc1108_pos29,FALSE,315,1,0.00317460317460317,0.998412698412698,0.00158730158730158,0.00316956412194506
loc1109_pos20,FALSE,301,1,0.00332225913621262,0.998338870431894,0.00166112956810627,0.00331674043332846
loc1110_pos86,FALSE,322,23,0.0714285714285714,0.156832298136646,0.843167701863354,0.264471856795648
loc1112_pos32,FALSE,335,2,0.00597014925373134,0.997014925373134,0.0029850746268657,0.00595232791267549
loc1114_pos91,FALSE,323,0,0,0.00309597523219814,0.996904024767802,0.00617278033911952
loc1115_pos9,FALSE,336,0,0,0.00297619047619048,0.99702380952381,0.00593466553287982
loc1116_pos44,FALSE,310,1,0.0032258064516129,0.998387096774194,0.00161290322580643,0.00322060353798122
loc1118_pos54,FALSE,293,2,0.0068259385665529,0.996587030716723,0.0034129692832765,0.00680264184789582
loc1120_pos15,FALSE,299,1,0.00334448160535117,0.998327759197324,0.00167224080267558,0.0033388888267469
loc1121_pos104,FALSE,312,0,0,0.0032051282051282,0.996794871794872,0.00638971071663379
loc1122_pos20,FALSE,311,0,0,0.996784565916399,0.00321543408360125,0.00641019013451054
loc1123_pos14,FALSE,331,0,0,0.00302114803625378,0.996978851963746,0.00602404140159363
loc1124_pos14,FALSE,313,1,0.00319488817891374,0.00479233226837061,0.995207667731629,0.00953873163960028
loc1128_pos65,FALSE,323,1,0.00309597523219814,0.998452012383901,0.00154798761609909,0.00309118270087899
loc1132_pos26,TRUE,325,13,0.04,0.858461538461538,0.141538461538462,0.243010650887574
loc1139_pos5,FALSE,288,47,0.163194444444444,0.880208333333333,0.119791666666667,0.210883246527778
loc1148_pos18,FALSE,293,0,0,0.00341296928327645,0.996587030716723,0.00680264184789572
loc1149_pos73,TRUE,294,0,0,0.998299319727891,0.00170068027210879,0.0033955759174417
loc1152_pos11,FALSE,331,0,0,1,0,0
loc1153_pos4,FALSE,310,0,0,0.0032258064516129,0.996774193548387,0.00643080124869927
loc1155_pos14,FALSE,318,1,0.00314465408805031,0.998427672955975,0.00157232704402521,0.00313970966338368
loc1157_pos46,FALSE,286,1,0.0034965034965035,0.998251748251748,0.00174825174825177,0.00349039072815301
loc1159_pos17,FALSE,288,5,0.0173611111111111,0.984375,0.015625,0.03076171875
loc1161_pos8,FALSE,333,0,0,0.003003003003003,0.996996996996997,0.00598796995193392
loc1162_pos8,FALSE,321,0,0,0.00311526479750779,0.996884735202492,0.00621111984549839
loc1165_pos79,FALSE,329,1,0.00303951367781155,0.998480243161094,0.00151975683890582,0.00303489435611283
loc1168_pos10,FALSE,305,1,0.00327868852459016,0.998360655737705,0.00163934426229506,0.00327331362536948
loc1169_pos120,FALSE,328,16,0.048780487804878,0.960365853658537,0.0396341463414634,0.0761265615704938
loc1172_pos20,FALSE,330,1,0.00303030303030303,0.998484848484849,0.00151515151515147,0.00302571166207521
loc1175_pos32,FALSE,323,4,0.0123839009287926,0.990712074303406,0.00928792569659442,0.0184033202656979
loc1176_pos11,FALSE,318,6,0.0188679245283019,0.874213836477987,0.125786163522013,0.219928009176852
loc1177_pos32,FALSE,330,1,0.00303030303030303,0.998484848484849,0.00151515151515147,0.00302571166207521
loc1178_pos26,FALSE,318,1,0.00314465408805031,0.998427672955975,0.00157232704402521,0.00313970966338368
loc1179_pos47,FALSE,320,0,0,1,0,0
loc1180_pos34,TRUE,283,0,0,0.998233215547703,0.00176678445229683,0.00352732584999191
loc1182_pos5,FALSE,286,1,0.0034965034965035,0.994755244755245,0.00524475524475521,0.0104344955743556
loc1183_pos14,FALSE,316,1,0.00316455696202532,0.998417721518987,0.00158227848101267,0.00315954975164238
loc1185_pos3,FALSE,332,1,0.00301204819277108,0.998493975903614,0.00150602409638556,0.00300751197561333
loc1186_pos18,FALSE,338,1,0.0029585798816568,0.998520710059172,0.00147928994082835,0.00295420328419864
loc1189_pos16,TRUE,303,6,0.0198019801980198,0.905940594059406,0.094059405940594,0.170424468189393
loc1191_pos11,FALSE,313,1,0.00319488817891374,0.998402555910543,0.00159744408945683,0.00318978452367579
loc1193_pos61,FALSE,332,1,0.00301204819277108,0.998493975903614,0.00150602409638556,0.00300751197561333
loc1195_pos67,FALSE,332,58,0.174698795180723,0.268072289156627,0.731927710843373,0.392419073885905
loc1197_pos16,FALSE,291,1,0.00343642611683849,0.998281786941581,0.00171821305841924,0.00343052160461023
loc1198_pos80,FALSE,303,1,0.0033003300330033,0.998349834983498,0.00165016501650161,0.00329488394383986
loc1203_pos4,FALSE,312,1,0.0032051282051282,0.00480769230769231,0.995192307692308,0.00956915680473373
loc1206_pos11,FALSE,331,26,0.0785498489425982,0.836858006042296,0.163141993957704,0.273053367530417
loc1208_pos20,FALSE,300,1,0.00333333333333333,0.998333333333333,0.0016666666666667,0.00332777777777785
loc1211_pos4,FALSE,311,1,0.00321543408360129,0.998392282958199,0.00160771704180063,0.00321026457542826
loc1213_pos6,FALSE,330,0,0,0.00606060606060606,0.993939393939394,0.0120477502295684
loc1215_pos99,FALSE,329,13,0.0395136778115502,0.955927051671733,0.0440729483282675,0.0842610471078427
loc1216_pos30,FALSE,319,1,0.00313479623824451,0.00156739811912226,0.998432601880878,0.00312988276451686
loc1217_pos18,FALSE,331,1,0.00302114803625378,0.998489425981873,0.00151057401812693,0.00301658436852538
loc1219_pos160,FALSE,285,35,0.12280701754386,0.931578947368421,0.0684210526315789,0.127479224376731
loc1220_pos20,FALSE,321,0,0,0.0996884735202492,0.900311526479751,0.179501363534904
loc1221_pos24,FALSE,286,7,0.0244755244755245,0.131118881118881,0.868881118881119,0.227853440266028
loc1222_pos4,FALSE,322,4,0.0124223602484472,0.87888198757764,0.12111801242236,0.212896878978434
loc1223_pos25,FALSE,330,1,0.00303030303030303,0.998484848484849,0.00151515151515147,0.00302571166207521
loc1224_pos0,FALSE,304,1,0.00328947368421053,0.998355263157895,0.00164473684210531,0.00328406336565106
loc1226_pos2,FALSE,312,1,0.0032051282051282,0.998397435897436,0.0016025641025641,0.00319999178172254
loc1227_pos28,FALSE,293,1,0.00341296928327645,0.998293515358362,0.00170648464163825,0.00340714510361221
loc1229_pos95,FALSE,316,1,0.00316455696202532,0.998417721518987,0.00158227848101267,0.00315954975164238
loc1233_pos3,FALSE,328,1,0.00304878048780488,0.998475609756098,0.00152439024390238,0.00304413295657336
loc1238_pos52,FALSE,315,1,0.00317460317460317,0.998412698412698,0.00158730158730158,0.00316956412194506
loc1241_pos30,FALSE,311,1,0.00321543408360129,0.998392282958199,0.00160771704180063,0.00321026457542826
loc1243_pos21,FALSE,289,1,0.00346020761245675,0.998269896193772,0.0017301038062284,0.00345422109409615
loc1245_pos175,FALSE,321,5,0.0155763239875389,0.88006230529595,0.11993769470405,0.211105288186256
loc1249_pos4,FALSE,309,1,0.00323624595469256,0.998381877022654,0.00161812297734631,0.003231009310753
loc1250_pos65,FALSE,333,10,0.03003003003003,0.981981981981982,0.0180180180180181,0.0353867380894409
loc1251_pos29,FALSE,315,1,0.00317460317460317,0.00158730158730159,0.998412698412698,0.00316956412194507
loc1253_pos42,FALSE,312,2,0.00641025641025641,0.996794871794872,0.00320512820512819,0.00638971071663377
loc1255_pos64,FALSE,318,1,0.00314465408805031,0.998427672955975,0.00157232704402521,0.00313970966338368
loc1256_pos10,FALSE,283,1,0.00353356890459364,0.991166077738516,0.00883392226148405,0.0175117681579242
loc1259_pos9,FALSE,330,16,0.0484848484848485,0.0424242424242424,0.957575757575758,0.0812488521579431
loc1262_pos27,FALSE,317,1,0.00315457413249211,0.998422712933754,0.00157728706624605,0.0031495984635134
loc1263_pos36,FALSE,326,0,0,0.00306748466257669,0.996932515337423,0.00611615040084309
loc1267_pos117,FALSE,328,1,0.00304878048780488,0.998475609756098,0.00152439024390238,0.00304413295657336
loc1268_pos8,TRUE,331,0,0,0.00302114803625378,0.996978851963746,0.00602404140159363
loc1271_pos21,FALSE,326,1,0.00306748466257669,0.998466257668712,0.00153374233128833,0.0030627799314991
loc1274_pos24,FALSE,309,14,0.0453074433656958,0.0420711974110032,0.957928802588997,0.0806024235188153
loc1276_pos17,FALSE,284,5,0.0176056338028169,0.125,0.875,0.21875
loc1277_pos21,FALSE,308,3,0.00974025974025974,0.99512987012987,0.00487012987012991,0.00969282341035596
loc1278_pos25,FALSE,329,1,0.00303951367781155,0.998480243161094,0.00151975683890582,0.00303489435611283
loc1279_pos52,FALSE,296,1,0.00337837837837838,0.998310810810811,0.00168918918918914,0.00337267165814454
loc1282_pos28,FALSE,316,1,0.00316455696202532,0.998417721518987,0.00158227848101267,0.00315954975164238
loc1283_pos16,FALSE,296,3,0.0101351351351351,0.133445945945946,0.866554054054054,0.231276250913075
loc1285_pos33,FALSE,296,1,0.00337837837837838,0.998310810810811,0.00168918918918914,0.00337267165814454
loc1286_pos3,FALSE,325,0,0,1,0,0
loc1287_pos179,FALSE,289,1,0.00346020761245675,0.998269896193772,0.0017301038062284,0.00345422109409615
loc1288_pos12,TRUE,285,91,0.319298245614035,0.782456140350877,0.217543859649123,0.340437057556171
loc1290_pos7,FALSE,324,9,0.0277777777777778,0.109567901234568,0.890432098765432,0.19512555250724
loc1291_pos14,FALSE,329,1,0.00303951367781155,0.998480243161094,0.00151975683890582,0.00303489435611283
loc1293_pos49,FALSE,285,1,0.00350877192982456,0.998245614035088,0.00175438596491229,0.00350261618959681
loc1294_pos44,FALSE,298,1,0.00335570469798658,0.998322147651007,0.00167785234899331,0.00335007432097658
loc1295_pos4,FALSE,283,7,0.0247349823321555,0.941696113074205,0.058303886925795,0.109809087390278
loc1297_pos24,FALSE,307,1,0.00325732899022801,0.998371335504886,0.00162866449511401,0.00325202389415272
loc1298_pos63,FALSE,312,0,0,0.0032051282051282,0.996794871794872,0.00638971071663379
loc1299_pos57,FALSE,327,24,0.073394495412844,0.920489296636086,0.0795107033639144,0.14637750282898
loc1300_pos0,FALSE,320,0,0,0.003125,0.996875,0.00623046875
loc1303_pos66,FALSE,331,0,0,1,0,0
loc1305_pos81,FALSE,320,16,0.05,0.91875,0.08125,0.149296875
loc1308_pos2,FALSE,293,1,0.00341296928327645,0.998293515358362,0.00170648464163825,0.00340714510361221
loc1310_pos15,FALSE,303,1,0.0033003300330033,0.998349834983498,0.00165016501650161,0.00329488394383986
loc1312_pos24,FALSE,330,1,0.00303030303030303,0.998484848484849,0.00151515151515147,0.00302571166207521
loc1313_pos3,FALSE,332,0,0,0.00301204819277108,0.996987951807229,0.00600595151691102
loc1314_pos50,FALSE,316,1,0.00316455696202532,0.998417721518987,0.00158227848101267,0.00315954975164238
loc1316_pos12,FALSE,333,1,0.003003003003003,0.998498498498498,0.00150150150150152,0.00299849398948502
loc1320_pos83,FALSE,333,0,0,0.003003003003003,0.996996996996997,0.00598796995193392
loc1321_pos6,FALSE,318,2,0.00628930817610063,0.99685534591195,0.00314465408805031,0.00626953047743364
loc1327_pos15,FALSE,326,1,0.00306748466257669,0.998466257668712,0.00153374233128833,0.0030627799314991
loc1329_pos29,FALSE,296,17,0.0574324324324324,0.0320945945945946,0.967905405405405,0.0621290631848064
loc1332_pos15,FALSE,306,6,0.0196078431372549,0.986928104575163,0.0130718954248366,0.0258020419496774
loc1334_pos7,FALSE,323,0,0,0.00309597523219814,0.996904024767802,0.00617278033911952
loc1337_pos58,FALSE,330,0,0,1,0,0
loc1338_pos22,FALSE,325,1,0.00307692307692308,0.998461538461539,0.00153846153846149,0.00307218934911233
loc1346_pos9,FALSE,290,1,0.00344827586206897,0.0637931034482759,0.936206896551724,0.119447086801427
loc1347_pos45,FALSE,323,6,0.0185758513931889,0.123839009287926,0.876160990712074,0.217005818133021
loc1348_pos105,FALSE,313,8,0.0255591054313099,0.134185303514377,0.865814696485623,0.232359215670263
loc1350_pos83,FALSE,322,1,0.0031055900621118,0.998447204968944,0.00155279503105588,0.00310076771729481
loc1353_pos60,FALSE,301,1,0.00332225913621262,0.998338870431894,0.00166112956810627,0.00331674043332846
loc1354_pos20,FALSE,312,1,0.0032051282051282,0.998397435897436,0.0016025641025641,0.00319999178172254
loc1355_pos16,FALSE,336,4,0.0119047619047619,0.994047619047619,0.00595238095238093,0.0118339002267573
loc1357_pos54,FALSE,328,1,0.00304878048780488,0.998475609756098,0.00152439024390238,0.00304413295657336
loc1362_pos15,FALSE,280,1,0.00357142857142857,0.998214285714286,0.00178571428571428,0.00356505102040815
loc1363_pos8,FALSE,291,1,0.00343642611683849,0.998281786941581,0.00171821305841924,0.00343052160461023
loc1367_pos12,FALSE,331,0,0,1,0,0
loc1368_pos135,FALSE,314,1,0.00318471337579618,0.998407643312102,0.00159235668789814,0.0031796421761533
loc1369_pos16,FALSE,318,16,0.050314465408805,0.160377358490566,0.839622641509434,0.269312922748309
loc1372_pos24,FALSE,324,1,0.00308641975308642,0.998456790123457,0.00154320987654322,0.00308165675964031
loc1373_pos7,FALSE,324,0,0,0.00308641975308642,0.996913580246914,0.00615378753238835
loc1377_pos1,FALSE,332,0,0,1,0,0
loc1378_pos9,FALSE,331,1,0.00302114803625378,0.998489425981873,0.00151057401812693,0.00301658436852538
loc1381_pos56,FALSE,303,1,0.0033003300330033,0.998349834983498,0.00165016501650161,0.00329488394383986
loc1387_pos6,FALSE,300,0,0,0.00333333333333333,0.996666666666667,0.00664444444444445
loc1390_pos2,FALSE,322,1,0.0031055900621118,0.998447204968944,0.00155279503105588,0.00310076771729481
loc1391_pos18,FALSE,292,76,0.26027397260274,0.133561643835616,0.866438356164384,0.231445862263089
loc1394_pos19,FALSE,331,2,0.00604229607250755,0.996978851963746,0.00302114803625375,0.00602404140159358
loc1395_pos30,FALSE,299,0,0,0.976588628762542,0.0234113712374582,0.0457265578684802
loc1396_pos16,FALSE,307,1,0.00325732899022801,0.00162866449511401,0.998371335504886,0.00325202389415272
loc1397_pos62,FALSE,298,135,0.453020134228188,0.246644295302013,0.753355704697987,0.371621773793973
loc1400_pos4,FALSE,335,0,0,0.00597014925373134,0.994029850746269,0.011869013143239
loc1401_pos44,FALSE,323,5,0.0154798761609907,0.868421052631579,0.131578947368421,0.228531855955679
loc1403_pos16,FALSE,327,1,0.00305810397553517,0.998470948012232,0.00152905198776754,0.00305342797557248
loc1404_pos32,FALSE,309,1,0.00323624595469256,0.998381877022654,0.00161812297734631,0.003231009310753
loc1407_pos48,FALSE,327,15,0.0458715596330275,0.148318042813456,0.851681957186544,0.252639601978883
loc1409_pos8,FALSE,293,0,0,0.00341296928327645,0.996587030716723,0.00680264184789572
loc1412_pos17,FALSE,314,0,0,0.00318471337579618,0.996815286624204,0.00634914195302041
loc1413_pos140,FALSE,319,108,0.338557993730408,0.636363636363636,0.363636363636364,0.462809917355372
loc1414_pos18,FALSE,319,1,0.00313479623824451,0.998432601880878,0.00156739811912221,0.00312988276451676
loc1415_pos27,FALSE,321,14,0.043613707165109,0.11214953271028,0.88785046728972,0.199144030046292
loc1418_pos87,TRUE,280,0,0,0.926785714285714,0.0732142857142857,0.135707908163265
loc1425_pos15,FALSE,313,3,0.00958466453674121,0.995207667731629,0.00479233226837061,0.0095387316396003
loc1427_pos28,FALSE,311,7,0.022508038585209,0.133440514469453,0.866559485530547,0.231268287135162
loc1431_pos4,FALSE,329,0,0,1,0,0
loc1432_pos1,FALSE,307,1,0.00325732899022801,0.998371335504886,0.00162866449511401,0.00325202389415272
loc1434_pos6,FALSE,317,1,0.00315457413249211,0.998422712933754,0.00157728706624605,0.0031495984635134
loc1435_pos9,FALSE,312,1,0.0032051282051282,0.998397435897436,0.0016025641025641,0.00319999178172254
loc1437_pos27,FALSE,294,0,0,0.996598639455782,0.00340136054421769,0.00677958258133186
loc1438_pos14,FALSE,327,1,0.00305810397553517,0.998470948012232,0.00152905198776754,0.00305342797557248
loc1439_pos46,FALSE,314,3,0.00955414012738853,0.99203821656051,0.0079617834394905,0.0157967868879063
loc1440_pos2,FALSE,329,0,0,0.996960486322188,0.00303951367781152,0.00606055006882784
loc1444_pos41,FALSE,330,1,0.00303030303030303,0.998484848484849,0.00151515151515147,0.00302571166207521
loc1450_pos128,FALSE,333,1,0.003003003003003,0.998498498498498,0.00150150150150152,0.00299849398948502
loc1453_pos64,FALSE,319,7,0.0219435736677116,0.126959247648903,0.873040752351097,0.221681194170655
loc1457_pos11,FALSE,306,5,0.0163398692810458,0.988562091503268,0.011437908496732,0.0226141654919047
loc1462_pos111,FALSE,296,2,0.00675675675675676,0.996621621621622,0.0033783783783784,0.00673392987582181
loc1463_pos11,FALSE,330,13,0.0393939393939394,0.977272727272727,0.0227272727272727,0.0444214876033057
loc1464_pos22,FALSE,305,6,0.019672131147541,0.947540983606557,0.0524590163934426,0.0994141359849503
loc1470_pos9,FALSE,336,1,0.00297619047619048,0.998511904761905,0.00148809523809523,0.00297176162131518
loc1473_pos16,FALSE,291,1,0.00343642611683849,0.998281786941581,0.00171821305841924,0.00343052160461023
loc1474_pos22,FALSE,319,1,0.00313479623824451,0.998432601880878,0.00156739811912221,0.00312988276451676
loc1475_pos10,FALSE,327,5,0.0152905198776758,0.986238532110092,0.0137614678899083,0.0271441797828466
loc1476_pos3,FALSE,305,1,0.00327868852459016,0.998360655737705,0.00163934426229506,0.00327331362536948
loc1478_pos4,FALSE,323,1,0.00309597523219814,0.998452012383901,0.00154798761609909,0.00309118270087899
loc1480_pos3,FALSE,327,1,0.00305810397553517,0.998470948012232,0.00152905198776754,0.00305342797557248
loc1481_pos0,FALSE,336,0,0,0.00297619047619048,0.99702380952381,0.00593466553287982
loc1483_pos12,FALSE,299,53,0.177257525083612,0.192307692307692,0.807692307692308,0.310650887573965
loc1484_pos28,TRUE,310,0,0,0.998387096774194,0.00161290322580643,0.00322060353798122
loc1485_pos0,FALSE,291,2,0.00687285223367698,0.996563573883162,0.00343642611683848,0.00684923418476397
loc1486_pos10,TRUE,337,0,0,0.997032640949555,0.0029673590504451,0.00591710766142167
loc1487_pos101,FALSE,282,0,0,0.00354609929078014,0.99645390070922,0.00706704894120014
loc1488_pos48,FALSE,308,1,0.00324675324675325,0.998376623376623,0.00162337662337664,0.00324148254343062
loc1491_pos41,FALSE,325,1,0.00307692307692308,0.998461538461539,0.00153846153846149,0.00307218934911233
loc1493_pos40,FALSE,318,7,0.0220125786163522,0.988993710691824,0.0110062893081762,0.0217703018076818
loc1502_pos63,FALSE,291,1,0.00343642611683849,0.998281786941581,0.00171821305841924,0.00343052160461023
loc1503_pos13,FALSE,325,17,0.0523076923076923,0.946153846153846,0.0538461538461539,0.10189349112426
loc1504_pos35,FALSE,324,120,0.37037037037037,0.339506172839506,0.660493827160494,0.448483462886755
loc1508_pos137,FALSE,324,3,0.00925925925925926,0.00462962962962963,0.99537037037037,0.00921639231824417
loc1510_pos5,FALSE,311,2,0.00643086816720257,0.996784565916399,0.00321543408360125,0.00641019013451054
loc1511_pos48,FALSE,329,16,0.0486322188449848,0.0243161094224924,0.975683890577508,0.0474496724900916
loc1513_pos8,FALSE,327,6,0.018348623853211,0.116207951070336,0.883792048929664,0.205407326356741
loc1514_pos28,TRUE,334,4,0.0119760479041916,0.122754491017964,0.877245508982036,0.215371651905769
loc1515_pos56,FALSE,304,1,0.00328947368421053,0.998355263157895,0.00164473684210531,0.00328406336565106
loc1517_pos116,FALSE,327,13,0.0397553516819572,0.0382262996941896,0.96177370030581,0.0735300994117592
loc1519_pos36,FALSE,298,5,0.0167785234899329,0.129194630872483,0.870805369127517,0.225006756452412
loc1520_pos39,FALSE,332,6,0.0180722891566265,0.870481927710843,0.129518072289157,0.225486282479315
loc1522_pos128,FALSE,311,20,0.0643086816720257,0.144694533762058,0.855305466237942,0.247516051322877
loc1523_pos16,FALSE,299,1,0.00334448160535117,0.998327759197324,0.00167224080267558,0.0033388888267469
loc1525_pos5,FALSE,317,1,0.00315457413249211,0.998422712933754,0.00157728706624605,0.0031495984635134
loc1526_pos44,FALSE,341,7,0.0205278592375367,0.124633431085044,0.875366568914956,0.218199877882027
loc1530_pos17,FALSE,326,1,0.00306748466257669,0.998466257668712,0.00153374233128833,0.0030627799314991
loc1532_pos3,FALSE,321,3,0.00934579439252336,0.123052959501558,0.876947040498442,0.215821857318931
loc1537_pos5,FALSE,326,7,0.0214723926380368,0.121165644171779,0.878834355828221,0.212969061688434
loc1539_pos46,FALSE,335,1,0.00298507462686567,0.998507462686567,0.0014925373134328,0.00298061929160161
loc1542_pos3,FALSE,333,2,0.00600600600600601,0.996996996996997,0.00300300300300305,0.005987969951934
loc1544_pos8,FALSE,292,0,0,1,0,0
loc1545_pos41,FALSE,307,0,0,1,0,0
loc1547_pos10,FALSE,327,1,0.00305810397553517,0.998470948012232,0.00152905198776754,0.00305342797557248
loc1549_pos6,FALSE,302,7,0.0231788079470199,0.0910596026490066,0.908940397350993,0.165535502828823
loc1551_pos0,FALSE,334,0,0,0.0029940119760479,0.997005988023952,0.00597009573667037
loc1553_pos35,FALSE,307,1,0.00325732899022801,0.998371335504886,0.00162866449511401,0.00325202389415272
loc1554_pos16,FALSE,333,107,0.321321321321321,0.734234234234234,0.265765765765766,0.390268647025404
loc1556_pos3,FALSE,286,1,0.0034965034965035,0.998251748251748,0.00174825174825177,0.00349039072815301
loc1559_pos2,FALSE,322,1,0.0031055900621118,0.998447204968944,0.00155279503105588,0.00310076771729481
loc1565_pos83,FALSE,316,8,0.0253164556962025,0.924050632911392,0.0759493670886076,0.140362121454895
loc1566_pos21,FALSE,316,1,0.00316455696202532,0.995253164556962,0.004746835443038,0.00944860599262944
loc1568_pos2,FALSE,306,1,0.00326797385620915,0.998366013071895,0.00163398692810457,0.00326263402964671
loc1571_pos8,FALSE,316,3,0.00949367088607595,0.995253164556962,0.004746835443038,0.00944860599262944
loc1572_pos7,FALSE,314,1,0.00318471337579618,0.998407643312102,0.00159235668789814,0.0031796421761533
loc1573_pos10,FALSE,326,14,0.0429447852760736,0.966257668711656,0.0337423312883436,0.0652075727351425
loc1580_pos10,FALSE,335,0,0,0.00298507462686567,0.997014925373134,0.00595232791267543
loc1583_pos9,FALSE,330,1,0.00303030303030303,0.998484848484849,0.00151515151515147,0.00302571166207521
loc1590_pos17,FALSE,330,0,0,0.00303030303030303,0.996969696969697,0.00604224058769513
loc1592_pos3,FALSE,319,8,0.0250783699059561,0.86833855799373,0.13166144200627,0.228653413390199
loc1595_pos36,FALSE,322,2,0.0062111801242236,0.996894409937888,0.00310559006211175,0.00619189074495573
loc1598_pos3,FALSE,335,8,0.0238805970149254,0.871641791044776,0.128358208955224,0.223764758298062
loc1599_pos45,FALSE,329,0,0,0.00303951367781155,0.996960486322188,0.00606055006882789
loc1603_pos35,FALSE,328,1,0.00304878048780488,0.00152439024390244,0.998475609756098,0.00304413295657347
loc1604_pos88,FALSE,305,0,0,0.00327868852459016,0.99672131147541,0.00653587745229777
loc1607_pos11,FALSE,328,4,0.0121951219512195,0.86890243902439,0.13109756097561,0.227821980963712
loc1609_pos42,FALSE,337,0,0,0.0029673590504451,0.997032640949555,0.00591710766142169
loc1610_pos2,FALSE,304,1,0.00328947368421053,0.998355263157895,0.00164473684210531,0.00328406336565106
loc1612_pos15,FALSE,323,27,0.0835913312693498,0.924148606811146,0.0758513931888545,0.140195918680329
loc1613_pos31,TRUE,292,0,0,0.969178082191781,0.0308219178082192,0.0597438543816851
loc1615_pos10,FALSE,322,5,0.015527950310559,0.119565217391304,0.880434782608696,0.210538752362949
loc1616_pos9,FALSE,305,5,0.0163934426229508,0.113114754098361,0.886885245901639,0.200639613007256
loc1617_pos8,FALSE,280,1,0.00357142857142857,0.998214285714286,0.00178571428571428,0.00356505102040815
loc1618_pos29,FALSE,334,1,0.0029940119760479,0.998502994011976,0.00149700598802394,0.00298952992219151
loc1620_pos15,FALSE,294,1,0.00340136054421769,0.998299319727891,0.00170068027210879,0.0033955759174417
loc1624_pos106,FALSE,312,1,0.0032051282051282,0.998397435897436,0.0016025641025641,0.00319999178172254
loc1626_pos120,FALSE,320,1,0.003125,0.9984375,0.00156250000000002,0.00312011718750004
loc1628_pos5,FALSE,320,1,0.003125,0.0015625,0.9984375,0.0031201171875
loc1629_pos46,FALSE,307,0,0,1,0,0
loc1631_pos38,FALSE,326,0,0,0.00306748466257669,0.996932515337423,0.00611615040084309
loc1633_pos6,FALSE,298,1,0.00335570469798658,0.998322147651007,0.00167785234899331,0.00335007432097658
loc1634_pos15,FALSE,301,1,0.00332225913621262,0.998338870431894,0.00166112956810627,0.00331674043332846
loc1636_pos71,FALSE,308,6,0.0194805194805195,0.126623376623377,0.873376623376623,0.221179794231742
loc1637_pos14,FALSE,322,1,0.0031055900621118,0.998447204968944,0.00155279503105588,0.00310076771729481
loc1640_pos134,FALSE,315,1,0.00317460317460317,0.998412698412698,0.00158730158730158,0.00316956412194506
loc1641_pos7,FALSE,329,1,0.00303951367781155,0.998480243161094,0.00151975683890582,0.00303489435611283
loc1642_pos24,TRUE,320,0,0,0.9984375,0.00156250000000002,0.00312011718750004
loc1643_pos83,FALSE,310,1,0.0032258064516129,0.995161290322581,0.0048387096774194,0.00963059313215409
loc1645_pos5,FALSE,335,1,0.00298507462686567,0.998507462686567,0.0014925373134328,0.00298061929160161
loc1649_pos22,FALSE,329,0,0,0.00303951367781155,0.996960486322188,0.00606055006882789
loc1651_pos12,TRUE,311,0,0,0.995176848874598,0.00482315112540188,0.00959977667724683
loc1652_pos3,FALSE,300,2,0.00666666666666667,0.996666666666667,0.0033333333333333,0.00664444444444438
loc1656_pos38,FALSE,326,1,0.00306748466257669,0.998466257668712,0.00153374233128833,0.0030627799314991
loc1657_pos56,FALSE,318,24,0.0754716981132075,0.949685534591195,0.050314465408805,0.0955658399588624
loc1659_pos15,FALSE,324,1,0.00308641975308642,0.998456790123457,0.00154320987654322,0.00308165675964031
loc1662_pos27,FALSE,323,12,0.0371517027863777,0.975232198142415,0.0247678018575851,0.048308715697457
loc1664_pos62,FALSE,334,2,0.00598802395209581,0.997005988023952,0.00299401197604787,0.00597009573667031
loc1667_pos9,FALSE,318,1,0.00314465408805031,0.998427672955975,0.00157232704402521,0.00313970966338368
loc1668_pos17,FALSE,281,20,0.0711743772241993,0.9644128113879,0.0355871886120996,0.068641481237573
loc1669_pos81,FALSE,286,14,0.048951048951049,0.0384615384615385,0.961538461538462,0.0739644970414201
loc1672_pos19,FALSE,285,0,0,0.992982456140351,0.00701754385964914,0.0139365958756541
loc1673_pos26,FALSE,327,1,0.00305810397553517,0.998470948012232,0.00152905198776754,0.00305342797557248
loc1674_pos31,FALSE,294,1,0.00340136054421769,0.998299319727891,0.00170068027210879,0.0033955759174417
loc1676_pos0,FALSE,297,1,0.00336700336700337,0.998316498316498,0.00168350168350173,0.00336133501116676
loc1677_pos15,FALSE,339,4,0.0117994100294985,0.994100294985251,0.00589970501474923,0.0117297969909764
loc1679_pos18,FALSE,326,26,0.0797546012269939,0.957055214723926,0.0429447852760736,0.082201061387331
loc1684_pos31,FALSE,306,1,0.00326797385620915,0.998366013071895,0.00163398692810457,0.00326263402964671
loc1686_pos2,FALSE,321,0,0,1,0,0
loc1687_pos13,FALSE,287,0,0,0.968641114982578,0.0313588850174216,0.0607510106957714
loc1688_pos37,FALSE,323,1,0.00309597523219814,0.998452012383901,0.00154798761609909,0.00309118270087899
loc1690_pos23,FALSE,283,1,0.00353356890459364,0.998233215547703,0.00176678445229683,0.00352732584999191
loc1691_pos25,FALSE,292,15,0.0513698630136986,0.974315068493151,0.0256849315068494,0.0500504316006756
loc1692_pos72,FALSE,294,0,0,0.993197278911565,0.00680272108843538,0.0135128881484567
loc1695_pos15,FALSE,330,6,0.0181818181818182,0.984848484848485,0.0151515151515151,0.0298438934802571
loc1697_pos64,FALSE,314,1,0.00318471337579618,0.998407643312102,0.00159235668789814,0.0031796421761533
loc1699_pos31,FALSE,315,16,0.0507936507936508,0.0666666666666667,0.933333333333333,0.124444444444444
loc1700_pos11,FALSE,297,0,0,1,0,0
loc1702_pos115,FALSE,320,1,0.003125,0.9984375,0.00156250000000002,0.00312011718750004
loc1703_pos15,FALSE,322,1,0.0031055900621118,0.998447204968944,0.00155279503105588,0.00310076771729481
loc1704_pos17,FALSE,339,2,0.00589970501474926,0.00589970501474926,0.994100294985251,0.0117297969909764
loc1707_pos113,FALSE,288,2,0.00694444444444444,0.996527777777778,0.00347222222222221,0.00692033179012343
loc1708_pos1,FALSE,329,0,0,0.00303951367781155,0.996960486322188,0.00606055006882789
loc1709_pos97,FALSE,298,0,0,0.00335570469798658,0.996644295302013,0.00668888788793298
loc1710_pos11,FALSE,313,0,0,0.00319488817891374,0.996805111821086,0.00636936173687595
loc1712_pos70,FALSE,283,6,0.0212014134275618,0.989399293286219,0.0106007067137809,0.0209766634618986
loc1714_pos27,FALSE,327,10,0.0305810397553517,0.883792048929664,0.116207951070336,0.205407326356741
loc1720_pos21,TRUE,284,0,0,0.943661971830986,0.0563380281690141,0.106328109502083
loc1723_pos4,FALSE,327,1,0.00305810397553517,0.998470948012232,0.00152905198776754,0.00305342797557248
loc1724_pos7,FALSE,302,1,0.0033112582781457,0.998344370860927,0.0016556291390728,0.00330577606245331
loc1727_pos36,FALSE,315,6,0.019047619047619,0.974603174603175,0.0253968253968254,0.0495036533131772
loc1728_pos49,FALSE,332,3,0.00903614457831325,0.992469879518072,0.00753012048192769,0.0149468355349107
loc1730_pos28,FALSE,324,1,0.00308641975308642,0.998456790123457,0.00154320987654322,0.00308165675964031
loc1731_pos11,FALSE,335,0,0,0.997014925373134,0.0029850746268657,0.00595232791267549
loc1736_pos30,FALSE,323,20,0.0619195046439628,0.931888544891641,0.0681114551083591,0.126944569582762
loc1738_pos23,FALSE,294,1,0.00340136054421769,0.998299319727891,0.00170068027210879,0.0033955759174417
loc1739_pos12,FALSE,321,0,0,0.996884735202492,0.00311526479750779,0.0062111198454984
loc1740_pos19,FALSE,318,11,0.0345911949685535,0.143081761006289,0.856918238993711,0.245218741347257
loc1742_pos5,FALSE,309,18,0.058252427184466,0.954692556634304,0.0453074433656958,0.0865093578827202
loc1743_pos42,FALSE,335,1,0.00298507462686567,0.998507462686567,0.0014925373134328,0.00298061929160161
loc1744_pos6,FALSE,290,1,0.00344827586206897,0.998275862068966,0.00172413793103443,0.0034423305588584
loc1745_pos17,FALSE,308,1,0.00324675324675325,0.998376623376623,0.00162337662337664,0.00324148254343062
loc1748_pos38,FALSE,280,11,0.0392857142857143,0.9625,0.0375,0.0721875
loc1749_pos18,FALSE,334,0,0,0.997005988023952,0.00299401197604787,0.00597009573667031
loc1751_pos4,FALSE,280,1,0.00357142857142857,0.00535714285714286,0.994642857142857,0.010656887755102
loc1755_pos0,FALSE,315,3,0.00952380952380952,0.0174603174603175,0.982539682539682,0.0343109095490048
loc1759_pos11,FALSE,319,67,0.210031347962382,0.315047021943574,0.684952978056426,0.431584791816118
loc1761_pos6,FALSE,329,1,0.00303951367781155,0.998480243161094,0.00151975683890582,0.00303489435611283
loc1763_pos17,FALSE,330,0,0,0.00303030303030303,0.996969696969697,0.00604224058769513
loc1764_pos17,FALSE,287,4,0.0139372822299652,0.937282229965157,0.0627177700348432,0.1175685027134
loc1765_pos2,FALSE,317,1,0.00315457413249211,0.998422712933754,0.00157728706624605,0.0031495984635134
loc1766_pos2,FALSE,310,1,0.0032258064516129,0.082258064516129,0.917741935483871,0.150983350676379
loc1770_pos13,TRUE,322,0,0,0.998447204968944,0.00155279503105588,0.00310076771729481
loc1771_pos15,FALSE,324,4,0.0123456790123457,0.993827160493827,0.00617283950617287,0.0122694711172078
loc1772_pos5,FALSE,330,1,0.00303030303030303,0.998484848484849,0.00151515151515147,0.00302571166207521
loc1780_pos3,FALSE,339,0,0,1,0,0
loc1783_pos3,FALSE,318,1,0.00314465408805031,0.998427672955975,0.00157232704402521,0.00313970966338368
loc1785_pos7,FALSE,338,0,0,0.0029585798816568,0.997041420118343,0.00589965337348132
loc1786_pos17,FALSE,325,0,0,0.00307692307692308,0.996923076923077,0.00613491124260355
loc1789_pos19,FALSE,330,0,0,0.00303030303030303,0.996969696969697,0.00604224058769513
loc1790_pos2,FALSE,327,0,0,1,0,0
loc1793_pos15,FALSE,334,1,0.0029940119760479,0.998502994011976,0.00149700598802394,0.00298952992219151
loc1795_pos37,FALSE,335,1,0.00298507462686567,0.998507462686567,0.0014925373134328,0.00298061929160161
loc1796_pos38,FALSE,293,1,0.00341296928327645,0.998293515358362,0.00170648464163825,0.00340714510361221
loc1797_pos103,FALSE,323,3,0.00928792569659443,0.992260061919505,0.00773993808049533,0.0153600628780109
loc1798_pos45,FALSE,294,1,0.00340136054421769,0.998299319727891,0.00170068027210879,0.0033955759174417
loc1804_pos26,FALSE,309,1,0.00323624595469256,0.998381877022654,0.00161812297734631,0.003231009310753
loc1805_pos7,FALSE,305,5,0.0163934426229508,0.126229508196721,0.873770491803279,0.22059123891427
loc1808_pos13,TRUE,292,0,0,0.998287671232877,0.00171232876712324,0.00341879339463304
loc1811_pos4,FALSE,309,0,0,1,0,0
loc1814_pos6,FALSE,324,0,0,0.00308641975308642,0.996913580246914,0.00615378753238835
loc1816_pos60,FALSE,303,2,0.0066006600660066,0.996699669966997,0.00330033003300334,0.00657887570935319
loc1818_pos85,FALSE,329,20,0.060790273556231,0.969604863221885,0.0303951367781155,0.0589425448767102
loc1820_pos6,FALSE,332,0,0,0.00301204819277108,0.996987951807229,0.00600595151691102
loc1823_pos36,FALSE,305,63,0.20655737704918,0.70983606557377,0.290163934426229,0.41193765116904
loc1825_pos10,FALSE,282,0,0,0.00354609929078014,0.99645390070922,0.00706704894120014
loc1829_pos65,FALSE,296,0,0,1,0,0
loc1830_pos9,FALSE,306,0,0,0.00326797385620915,0.996732026143791,0.00651458840616857
loc1832_pos34,FALSE,317,1,0.00315457413249211,0.998422712933754,0.00157728706624605,0.0031495984635134
loc1833_pos102,FALSE,322,3,0.0093167701863354,0.995341614906832,0.00465838509316774,0.00927336908298298
loc1834_pos2,FALSE,324,7,0.0216049382716049,0.125,0.875,0.21875
loc1835_pos9,FALSE,327,1,0.00305810397553517,0.998470948012232,0.00152905198776754,0.00305342797557248
loc1836_pos60,FALSE,289,1,0.00346020761245675,0.998269896193772,0.0017301038062284,0.00345422109409615
loc1838_pos16,FALSE,291,0,0,0.00343642611683849,0.996563573883162,0.006849234184764
loc1840_pos54,FALSE,302,1,0.0033112582781457,0.998344370860927,0.0016556291390728,0.00330577606245331
loc1842_pos93,FALSE,318,2,0.00628930817610063,0.99685534591195,0.00314465408805031,0.00626953047743364
loc1844_pos25,FALSE,330,6,0.0181818181818182,0.127272727272727,0.872727272727273,0.222148760330579
loc1845_pos8,FALSE,318,8,0.0251572327044025,0.984276729559748,0.0157232704402516,0.0309520984138286
loc1846_pos21,FALSE,297,1,0.00336700336700337,0.998316498316498,0.00168350168350173,0.00336133501116676
loc1848_pos30,FALSE,331,1,0.00302114803625378,0.998489425981873,0.00151057401812693,0.00301658436852538
loc1849_pos9,FALSE,296,0,0,0.00337837837837838,0.996621621621622,0.00673392987582177
loc1851_pos4,FALSE,299,25,0.0836120401337793,0.834448160535117,0.165551839464883,0.276288855829353
loc1853_pos17,FALSE,326,1,0.00306748466257669,0.998466257668712,0.00153374233128833,0.0030627799314991
loc1855_pos26,FALSE,284,1,0.00352112676056338,0.998239436619718,0.00176056338028174,0.00351492759373151
loc1859_pos121,FALSE,324,1,0.00308641975308642,0.998456790123457,0.00154320987654322,0.00308165675964031
loc1860_pos6,FALSE,290,4,0.0137931034482759,0.872413793103448,0.127586206896552,0.222615933412604
loc1862_pos3,FALSE,327,1,0.00305810397553517,0.998470948012232,0.00152905198776754,0.00305342797557248
loc1865_pos113,FALSE,330,1,0.00303030303030303,0.998484848484849,0.00151515151515147,0.00302571166207521
loc1866_pos1,FALSE,314,1,0.00318471337579618,0.998407643312102,0.00159235668789814,0.0031796421761533
loc1867_pos3,FALSE,321,9,0.0280373831775701,0.979750778816199,0.0202492211838006,0.0396783804505002
loc1868_pos32,FALSE,322,1,0.0031055900621118,0.995341614906832,0.00465838509316774,0.00927336908298298
loc1870_pos97,FALSE,326,1,0.00306748466257669,0.998466257668712,0.00153374233128833,0.0030627799314991
loc1873_pos17,FALSE,280,1,0.00357142857142857,0.998214285714286,0.00178571428571428,0.00356505102040815
loc1876_pos45,FALSE,318,1,0.00314465408805031,0.992138364779874,0.00786163522012584,0.015599659823583
loc1877_pos22,TRUE,328,115,0.350609756097561,0.708841463414634,0.291158536585366,0.412770486317668
loc1880_pos5,FALSE,333,0,0,1,0,0
loc1882_pos7,FALSE,336,24,0.0714285714285714,0.916666666666667,0.0833333333333334,0.152777777777778
loc1883_pos4,FALSE,327,0,0,1,0,0
loc1885_pos6,FALSE,311,1,0.00321543408360129,0.998392282958199,0.00160771704180063,0.00321026457542826
loc1889_pos22,FALSE,337,1,0.0029673590504451,0.998516320474777,0.00148367952522255,0.00296295644057797
loc1892_pos41,FALSE,294,1,0.00340136054421769,0.00510204081632653,0.994897959183674,0.0101520199916701
loc1894_pos57,TRUE,338,2,0.00591715976331361,0.99112426035503,0.00887573964497046,0.0175939217814503
loc1895_pos12,FALSE,313,1,0.00319488817891374,0.998402555910543,0.00159744408945683,0.00318978452367579
loc1897_pos27,FALSE,317,1,0.00315457413249211,0.998422712933754,0.00157728706624605,0.0031495984635134
loc1900_pos8,FALSE,287,0,0,1,0,0
loc1904_pos30,FALSE,311,3,0.00964630225080386,0.995176848874598,0.00482315112540188,0.00959977667724683
loc1906_pos7,FALSE,314,0,0,0.00318471337579618,0.996815286624204,0.00634914195302041
loc1907_pos3,FALSE,334,0,0,0.00598802395209581,0.994011976047904,0.0119043350424899
loc1908_pos11,FALSE,332,2,0.00602409638554217,0.993975903614458,0.00602409638554213,0.0119756132965597
loc1909_pos40,FALSE,307,1,0.00325732899022801,0.998371335504886,0.00162866449511401,0.00325202389415272
loc1914_pos40,FALSE,311,11,0.0353697749196141,0.956591639871383,0.0434083601286174,0.0830481487991233
loc1915_pos2,FALSE,322,2,0.0062111801242236,0.0031055900621118,0.996894409937888,0.00619189074495583
loc1917_pos11,FALSE,320,1,0.003125,0.9984375,0.00156250000000002,0.00312011718750004
loc1919_pos149,FALSE,327,1,0.00305810397553517,0.998470948012232,0.00152905198776754,0.00305342797557248
loc1922_pos24,TRUE,317,2,0.00630914826498423,0.00788643533123028,0.99211356466877,0.0156484789379932
loc1923_pos44,FALSE,324,21,0.0648148148148148,0.936728395061728,0.0632716049382716,0.118536617893614
loc1929_pos20,FALSE,326,1,0.00306748466257669,0.998466257668712,0.00153374233128833,0.0030627799314991
loc1931_pos16,FALSE,313,20,0.0638977635782748,0.140575079872204,0.859424920127795,0.241627453582256
loc1933_pos36,FALSE,290,15,0.0517241379310345,0.139655172413793,0.860344827586207,0.240303210463734
loc1934_pos17,FALSE,306,1,0.00326797385620915,0.998366013071895,0.00163398692810457,0.00326263402964671
loc1935_pos6,FALSE,311,0,0,0.090032154340836,0.909967845659164,0.163852731051168
loc1936_pos26,FALSE,308,1,0.00324675324675325,0.00162337662337662,0.998376623376623,0.0032414825434306
loc1937_pos13,FALSE,309,0,0,1,0,0
loc1938_pos11,FALSE,326,1,0.00306748466257669,0.00153374233128834,0.998466257668712,0.00306277993149912
loc1939_pos39,FALSE,318,21,0.0660377358490566,0.866352201257862,0.133647798742138,0.231572129267039
loc1940_pos20,FALSE,302,16,0.0529801324503311,0.860927152317881,0.139072847682119,0.239463181439411
loc1941_pos10,FALSE,312,21,0.0673076923076923,0.870192307692308,0.129807692307692,0.225915310650888
loc1943_pos32,FALSE,318,1,0.00314465408805031,0.998427672955975,0.00157232704402521,0.00313970966338368
loc1944_pos93,FALSE,315,1,0.00317460317460317,0.998412698412698,0.00158730158730158,0.00316956412194506
loc1945_pos3,FALSE,294,0,0,0.00340136054421769,0.996598639455782,0.00677958258133185
loc1946_pos61,FALSE,330,2,0.00606060606060606,0.996969696969697,0.00303030303030305,0.00604224058769517
loc1948_pos32,FALSE,350,1,0.00285714285714286,0.00142857142857143,0.998571428571429,0.0028530612244898
loc1960_pos215,FALSE,306,1,0.00326797385620915,0.998366013071895,0.00163398692810457,0.00326263402964671
loc1969_pos5,FALSE,318,2,0.00628930817610063,0.99685534591195,0.00314465408805031,0.00626953047743364
loc1972_pos33,FALSE,304,114,0.375,0.80921052631579,0.19078947368421,0.308777700831025
loc1973_pos29,FALSE,332,24,0.072289156626506,0.900602409638554,0.0993975903614458,0.179035418783568
loc1974_pos2,FALSE,297,3,0.0101010101010101,0.968013468013468,0.031986531986532,0.0619267875160131
loc1979_pos38,FALSE,285,7,0.0245614035087719,0.984210526315789,0.0157894736842106,0.0310803324099724
loc1985_pos0,FALSE,332,1,0.00301204819277108,0.00150602409638554,0.998493975903614,0.0030075119756133
loc1986_pos5,FALSE,337,1,0.0029673590504451,0.998516320474777,0.00148367952522255,0.00296295644057797
loc1987_pos11,FALSE,320,13,0.040625,0.0328125,0.9671875,0.0634716796875
loc1989_pos0,FALSE,325,0,0,1,0,0
loc1990_pos1,FALSE,334,1,0.0029940119760479,0.998502994011976,0.00149700598802394,0.00298952992219151
loc1992_pos59,FALSE,288,1,0.00347222222222222,0.998263888888889,0.00173611111111116,0.00346619405864207
loc1993_pos25,FALSE,316,2,0.00632911392405063,0.996835443037975,0.00316455696202533,0.00630908508251886
loc1995_pos35,FALSE,326,8,0.0245398773006135,0.987730061349693,0.0122699386503068,0.024238774511649
loc1999_pos36,FALSE,292,1,0.00342465753424658,0.998287671232877,0.00171232876712324,0.00341879339463304
loc2001_pos47,FALSE,281,2,0.00711743772241993,0.99644128113879,0.00355871886120995,0.00709210876255364
loc2004_pos41,FALSE,326,1,0.00306748466257669,0.998466257668712,0.00153374233128833,0.0030627799314991
loc2005_pos12,FALSE,293,1,0.00341296928327645,0.998293515358362,0.00170648464163825,0.00340714510361221
loc2006_pos118,FALSE,332,1,0.00301204819277108,0.998493975903614,0.00150602409638556,0.00300751197561333
loc2008_pos72,FALSE,330,1,0.00303030303030303,0.998484848484849,0.00151515151515147,0.00302571166207521
loc2011_pos12,FALSE,334,1,0.0029940119760479,0.998502994011976,0.00149700598802394,0.00298952992219151
loc2012_pos0,FALSE,284,13,0.0457746478873239,0.871478873239437,0.128521126760563,0.224006893473517
loc2014_pos50,FALSE,313,4,0.012779552715655,0.0638977635782748,0.936102236421725,0.119629678775939
loc2015_pos43,FALSE,310,1,0.0032258064516129,0.998387096774194,0.00161290322580643,0.00322060353798122
loc2020_pos17,FALSE,327,18,0.055045871559633,0.926605504587156,0.073394495412844,0.136015486911876
loc2021_pos72,FALSE,332,1,0.00301204819277108,0.998493975903614,0.00150602409638556,0.00300751197561333
loc2022_pos100,FALSE,324,0,0,0.00308641975308642,0.996913580246914,0.00615378753238835
loc2023_pos6,FALSE,327,8,0.0244648318042813,0.113149847094801,0.886850152905199,0.200693918394449
loc2026_pos31,FALSE,317,1,0.00315457413249211,0.00157728706624606,0.998422712933754,0.00314959846351342
loc2028_pos35,FALSE,325,12,0.0369230769230769,0.12,0.88,0.2112
loc2031_pos16,FALSE,283,1,0.00353356890459364,0.0159010600706714,0.984098939929329,0.0312964327186006
loc2033_pos23,FALSE,330,12,0.0363636363636364,0.118181818181818,0.881818181818182,0.208429752066116
loc2034_pos5,FALSE,328,16,0.048780487804878,0.954268292682927,0.0457317073170732,0.0872806365258775
loc2036_pos15,FALSE,316,6,0.0189873417721519,0.120253164556962,0.879746835443038,0.211584681941996
loc2038_pos51,FALSE,316,1,0.00316455696202532,0.998417721518987,0.00158227848101267,0.00315954975164238
loc2040_pos25,FALSE,327,23,0.0703363914373089,0.952599388379205,0.0474006116207951,0.0903075872775393
loc2042_pos19,FALSE,323,1,0.00309597523219814,0.998452012383901,0.00154798761609909,0.00309118270087899
loc2044_pos20,FALSE,326,10,0.0306748466257669,0.91717791411043,0.0828220858895705,0.151925175956942
loc2050_pos43,FALSE,321,0,0,1,0,0
loc2051_pos42,FALSE,325,1,0.00307692307692308,0.998461538461539,0.00153846153846149,0.00307218934911233
loc2054_pos13,FALSE,319,1,0.00313479623824451,0.998432601880878,0.00156739811912221,0.00312988276451676
loc2055_pos29,FALSE,300,8,0.0266666666666667,0.0166666666666667,0.983333333333333,0.0327777777777778
loc2056_pos21,FALSE,329,1,0.00303951367781155,0.998480243161094,0.00151975683890582,0.00303489435611283
loc2057_pos27,FALSE,333,0,0,0.003003003003003,0.996996996996997,0.00598796995193392
loc2059_pos14,FALSE,309,20,0.0647249190938511,0.948220064724919,0.051779935275081,0.0981975471559788
loc2063_pos29,FALSE,317,9,0.028391167192429,0.938485804416404,0.0615141955835962,0.115460398650598
loc2064_pos26,FALSE,313,20,0.0638977635782748,0.952076677316294,0.047923322683706,0.0912533556533188
loc2066_pos61,FALSE,317,1,0.00315457413249211,0.998422712933754,0.00157728706624605,0.0031495984635134
loc2068_pos66,FALSE,325,2,0.00615384615384615,0.996923076923077,0.00307692307692309,0.00613491124260357
loc2070_pos20,FALSE,330,0,0,0.00303030303030303,0.996969696969697,0.00604224058769513
loc2071_pos48,FALSE,310,2,0.00645161290322581,0.996774193548387,0.00322580645161286,0.00643080124869918
loc2079_pos59,FALSE,333,15,0.045045045045045,0.971471471471472,0.0285285285285285,0.0554293031770509
loc2080_pos31,TRUE,282,0,0,0.99822695035461,0.00177304964539005,0.00353981188069006
loc2081_pos6,FALSE,325,1,0.00307692307692308,0.998461538461539,0.00153846153846149,0.00307218934911233
loc2082_pos16,FALSE,321,68,0.21183800623053,0.109034267912773,0.890965732087227,0.194291592666997
loc2083_pos20,FALSE,305,4,0.0131147540983607,0.0852459016393443,0.914754098360656,0.155958075786079
loc2085_pos6,FALSE,311,1,0.00321543408360129,0.998392282958199,0.00160771704180063,0.00321026457542826
loc2087_pos79,FALSE,321,10,0.0311526479750779,0.0218068535825545,0.978193146417445,0.0426626294387671
loc2089_pos123,FALSE,319,5,0.0156739811912226,0.989028213166144,0.0109717868338558,0.0217028134550565
loc2091_pos4,FALSE,316,0,0,0.00316455696202532,0.996835443037975,0.00630908508251883
loc2096_pos33,FALSE,318,4,0.0125786163522013,0.993710691823899,0.00628930817610063,0.0124995055575333
loc2097_pos139,FALSE,319,6,0.0188087774294671,0.128526645768025,0.871473354231975,0.224015094191291
loc2106_pos8,FALSE,317,0,0,0.00315457413249211,0.996845425867508,0.00628924558906945
loc2108_pos27,FALSE,290,0,0,0.00344827586206897,0.996551724137931,0.00687277051129608
loc2111_pos41,FALSE,324,1,0.00308641975308642,0.998456790123457,0.00154320987654322,0.00308165675964031
loc2112_pos17,FALSE,315,1,0.00317460317460317,0.998412698412698,0.00158730158730158,0.00316956412194506
loc2114_pos56,FALSE,303,5,0.0165016501650165,0.13036303630363,0.86963696369637,0.226737030138657
loc2116_pos21,FALSE,285,1,0.00350877192982456,0.998245614035088,0.00175438596491229,0.00350261618959681
loc2120_pos3,TRUE,298,0,0,0.00335570469798658,0.996644295302013,0.00668888788793298
loc2125_pos9,FALSE,318,1,0.00314465408805031,0.998427672955975,0.00157232704402521,0.00313970966338368
loc2126_pos5,FALSE,313,1,0.00319488817891374,0.998402555910543,0.00159744408945683,0.00318978452367579
loc2128_pos6,FALSE,326,1,0.00306748466257669,0.998466257668712,0.00153374233128833,0.0030627799314991
loc2129_pos26,FALSE,321,1,0.00311526479750779,0.998442367601246,0.00155763239875384,0.00311041236012838
loc2134_pos43,FALSE,306,4,0.0130718954248366,0.866013071895425,0.133986928104575,0.232068862403349
loc2140_pos36,FALSE,333,0,0,0.996996996996997,0.00300300300300305,0.005987969951934
loc2142_pos9,FALSE,298,1,0.00335570469798658,0.998322147651007,0.00167785234899331,0.00335007432097658
loc2144_pos11,FALSE,320,0,0,1,0,0
loc2147_pos33,TRUE,327,0,0,0.510703363914373,0.489296636085627,0.499770876001833
loc2148_pos35,FALSE,318,125,0.393081761006289,0.378930817610063,0.621069182389937,0.470684506150864
loc2150_pos31,TRUE,308,0,0,0.998376623376623,0.00162337662337664,0.00324148254343062
loc2151_pos9,FALSE,321,2,0.00623052959501558,0.996884735202492,0.00311526479750779,0.0062111198454984
loc2152_pos2,FALSE,332,0,0,0.00301204819277108,0.996987951807229,0.00600595151691102
loc2153_pos77,FALSE,287,10,0.0348432055749129,0.975609756097561,0.024390243902439,0.0475907198096372
loc2154_pos57,FALSE,331,1,0.00302114803625378,0.998489425981873,0.00151057401812693,0.00301658436852538
loc2158_pos8,FALSE,335,1,0.00298507462686567,0.998507462686567,0.0014925373134328,0.00298061929160161
loc2161_pos18,FALSE,305,1,0.00327868852459016,0.998360655737705,0.00163934426229506,0.00327331362536948
loc2162_pos18,FALSE,313,1,0.00319488817891374,0.998402555910543,0.00159744408945683,0.00318978452367579
loc2163_pos19,FALSE,312,1,0.0032051282051282,0.998397435897436,0.0016025641025641,0.00319999178172254
loc2170_pos5,FALSE,325,1,0.00307692307692308,0.998461538461539,0.00153846153846149,0.00307218934911233
loc2171_pos21,FALSE,300,2,0.00666666666666667,0.996666666666667,0.0033333333333333,0.00664444444444438
loc2175_pos17,FALSE,297,7,0.0235690235690236,0.984848484848485,0.0151515151515151,0.0298438934802571
loc2181_pos22,FALSE,322,97,0.301242236024845,0.501552795031056,0.498447204968944,0.499995177655183
loc2183_pos12,FALSE,333,7,0.021021021021021,0.983483483483483,0.0165165165165165,0.0324874423973523
loc2189_pos10,FALSE,305,0,0,1,0,0
loc2191_pos25,FALSE,307,18,0.0586319218241042,0.0912052117263844,0.908794788273616,0.16577364216066
loc2193_pos72,TRUE,280,0,0,0.998214285714286,0.00178571428571428,0.00356505102040815
loc2196_pos10,FALSE,330,0,0,0.00303030303030303,0.996969696969697,0.00604224058769513
loc2197_pos93,FALSE,315,0,0,0.00317460317460317,0.996825396825397,0.00632905013857395
loc2199_pos0,FALSE,306,0,0,0.00326797385620915,0.996732026143791,0.00651458840616857
loc2200_pos6,FALSE,317,1,0.00315457413249211,0.998422712933754,0.00157728706624605,0.0031495984635134
loc2201_pos26,FALSE,327,10,0.0305810397553517,0.113149847094801,0.886850152905199,0.200693918394449
loc2204_pos30,FALSE,328,7,0.0213414634146341,0.132621951219512,0.867378048780488,0.230066738548483
loc2212_pos47,FALSE,293,1,0.00341296928327645,0.998293515358362,0.00170648464163825,0.00340714510361221
loc2213_pos23,FALSE,330,1,0.00303030303030303,0.998484848484849,0.00151515151515147,0.00302571166207521
loc2219_pos27,FALSE,287,40,0.139372822299652,0.881533101045296,0.118466898954704,0.20886498561352
loc2221_pos23,FALSE,322,1,0.0031055900621118,0.998447204968944,0.00155279503105588,0.00310076771729481
loc2223_pos39,FALSE,323,1,0.00309597523219814,0.998452012383901,0.00154798761609909,0.00309118270087899
loc2227_pos34,FALSE,335,40,0.119402985074627,0.904477611940299,0.0955223880597015,0.172795722878147
loc2230_pos30,FALSE,321,1,0.00311526479750779,0.998442367601246,0.00155763239875384,0.00311041236012838
loc2231_pos25,FALSE,319,0,0,0.00313479623824451,0.996865203761755,0.0062499385815784
loc2234_pos3,FALSE,309,2,0.00647249190938511,0.993527508090615,0.00647249190938515,0.0128611975157362
loc2236_pos30,FALSE,283,1,0.00353356890459364,0.998233215547703,0.00176678445229683,0.00352732584999191
loc2237_pos31,FALSE,314,1,0.00318471337579618,0.998407643312102,0.00159235668789814,0.0031796421761533
loc2238_pos25,FALSE,310,1,0.0032258064516129,0.998387096774194,0.00161290322580643,0.00322060353798122
loc2239_pos33,FALSE,335,0,0,0.00597014925373134,0.994029850746269,0.011869013143239
loc2242_pos114,FALSE,314,105,0.334394904458599,0.718152866242038,0.281847133757962,0.404818653900767
loc2244_pos95,FALSE,326,0,0,0.00306748466257669,0.996932515337423,0.00611615040084309
loc2246_pos25,FALSE,312,1,0.0032051282051282,0.0016025641025641,0.998397435897436,0.00319999178172255
loc2248_pos9,FALSE,320,1,0.003125,0.9984375,0.00156250000000002,0.00312011718750004
loc2250_pos110,FALSE,283,0,0,0.989399293286219,0.0106007067137809,0.0209766634618986
loc2251_pos33,FALSE,326,1,0.00306748466257669,0.998466257668712,0.00153374233128833,0.0030627799314991
loc2252_pos23,FALSE,324,11,0.0339506172839506,0.949074074074074,0.0509259259259259,0.0966649519890261
loc2254_pos69,FALSE,311,1,0.00321543408360129,0.998392282958199,0.00160771704180063,0.00321026457542826
loc2259_pos11,FALSE,287,3,0.0104529616724739,0.0993031358885017,0.900696864111498,0.178884046182423
loc2261_pos0,FALSE,332,1,0.00301204819277108,0.998493975903614,0.00150602409638556,0.00300751197561333
loc2267_pos6,FALSE,308,1,0.00324675324675325,0.998376623376623,0.00162337662337664,0.00324148254343062
loc2268_pos17,FALSE,334,0,0,0.0029940119760479,0.997005988023952,0.00597009573667037
loc2274_pos14,FALSE,297,0,0,0.00336700336700337,0.996632996632997,0.00671133331065991
loc2276_pos124,FALSE,318,6,0.0188679245283019,0.861635220125786,0.138364779874214,0.238439935129148
loc2277_pos36,FALSE,313,0,0,1,0,0
loc2282_pos45,FALSE,310,1,0.0032258064516129,0.998387096774194,0.00161290322580643,0.00322060353798122
loc2283_pos108,FALSE,316,1,0.00316455696202532,0.998417721518987,0.00158227848101267,0.00315954975164238
loc2285_pos10,FALSE,325,1,0.00307692307692308,0.998461538461539,0.00153846153846149,0.00307218934911233
loc2288_pos24,FALSE,309,78,0.252427184466019,0.854368932038835,0.145631067961165,0.248845320011311
loc2289_pos31,FALSE,313,1,0.00319488817891374,0.998402555910543,0.00159744408945683,0.00318978452367579
loc2291_pos4,FALSE,335,0,0,0.00298507462686567,0.997014925373134,0.00595232791267543
loc2292_pos19,FALSE,328,17,0.0518292682926829,0.958841463414634,0.0411585365853658,0.0789290229030339
loc2294_pos66,FALSE,319,1,0.00313479623824451,0.998432601880878,0.00156739811912221,0.00312988276451676
loc2295_pos68,FALSE,312,112,0.358974358974359,0.57051282051282,0.42948717948718,0.490055884286654
loc2296_pos108,FALSE,336,1,0.00297619047619048,0.998511904761905,0.00148809523809523,0.00297176162131518
loc2301_pos11,FALSE,323,5,0.0154798761609907,0.877708978328173,0.122291021671827,0.214671855380575
loc2304_pos41,FALSE,306,1,0.00326797385620915,0.998366013071895,0.00163398692810457,0.00326263402964671
loc2309_pos9,FALSE,307,1,0.00325732899022801,0.998371335504886,0.00162866449511401,0.00325202389415272
loc2312_pos69,FALSE,328,1,0.00304878048780488,0.998475609756098,0.00152439024390238,0.00304413295657336
loc2315_pos102,FALSE,312,1,0.0032051282051282,0.995192307692308,0.00480769230769229,0.00956915680473369
loc2316_pos41,FALSE,307,1,0.00325732899022801,0.998371335504886,0.00162866449511401,0.00325202389415272
loc2319_pos71,FALSE,314,1,0.00318471337579618,0.998407643312102,0.00159235668789814,0.0031796421761533
loc2320_pos45,FALSE,300,1,0.00333333333333333,0.998333333333333,0.0016666666666667,0.00332777777777785
loc2322_pos131,FALSE,332,1,0.00301204819277108,0.998493975903614,0.00150602409638556,0.00300751197561333
loc2323_pos106,FALSE,311,1,0.00321543408360129,0.998392282958199,0.00160771704180063,0.00321026457542826
loc2324_pos22,FALSE,313,1,0.00319488817891374,0.998402555910543,0.00159744408945683,0.00318978452367579
loc2326_pos10,FALSE,310,1,0.0032258064516129,0.998387096774194,0.00161290322580643,0.00322060353798122
loc2327_pos106,FALSE,316,1,0.00316455696202532,0.998417721518987,0.00158227848101267,0.00315954975164238
loc2330_pos57,FALSE,319,1,0.00313479623824451,0.998432601880878,0.00156739811912221,0.00312988276451676
loc2331_pos10,FALSE,314,1,0.00318471337579618,0.998407643312102,0.00159235668789814,0.0031796421761533
loc2334_pos44,FALSE,333,2,0.00600600600600601,0.993993993993994,0.00600600600600598,0.0119398677957236
loc2335_pos11,FALSE,309,0,0,1,0,0
loc2336_pos73,FALSE,328,1,0.00304878048780488,0.998475609756098,0.00152439024390238,0.00304413295657336
loc2338_pos15,FALSE,297,0,0,1,0,0
loc2339_pos24,FALSE,336,1,0.00297619047619048,0.998511904761905,0.00148809523809523,0.00297176162131518
loc2341_pos17,FALSE,343,14,0.0408163265306122,0.979591836734694,0.0204081632653061,0.0399833402748855
loc2343_pos3,FALSE,312,0,0,0.0032051282051282,0.996794871794872,0.00638971071663379
loc2345_pos18,FALSE,317,2,0.00630914826498423,0.1198738170347,0.8801261829653,0.211008170048463
loc2347_pos18,FALSE,323,15,0.0464396284829721,0.902476780185758,0.0975232198142415,0.176024882822609
loc2348_pos45,FALSE,322,1,0.0031055900621118,0.0015527950310559,0.998447204968944,0.00310076771729486
loc2353_pos15,FALSE,323,12,0.0371517027863777,0.978328173374613,0.021671826625387,0.0424043171122124
loc2355_pos11,FALSE,311,0,0,1,0,0
loc2358_pos7,FALSE,280,1,0.00357142857142857,0.998214285714286,0.00178571428571428,0.00356505102040815
loc2359_pos12,FALSE,311,0,0,0.00321543408360129,0.996784565916399,0.0064101901345106
loc2360_pos103,FALSE,288,0,0,1,0,0
loc2364_pos44,FALSE,284,3,0.0105633802816901,0.994718309859155,0.00528169014084512,0.0105075877802024
loc2366_pos5,FALSE,348,4,0.0114942528735632,0.994252873563218,0.00574712643678166,0.0114281939490026
loc2368_pos6,FALSE,331,1,0.00302114803625378,0.998489425981873,0.00151057401812693,0.00301658436852538
loc2369_pos30,FALSE,320,1,0.003125,0.9984375,0.00156250000000002,0.00312011718750004
loc2370_pos14,FALSE,326,39,0.119631901840491,0.20398773006135,0.79601226993865,0.324753472091535
loc2372_pos55,FALSE,284,1,0.00352112676056338,0.998239436619718,0.00176056338028174,0.00351492759373151
loc2378_pos41,FALSE,312,2,0.00641025641025641,0.0576923076923077,0.942307692307692,0.108727810650888
loc2379_pos17,FALSE,309,4,0.0129449838187702,0.98705501618123,0.0129449838187702,0.0255548224254039
loc2383_pos151,FALSE,320,4,0.0125,0.128125,0.871875,0.22341796875
loc2385_pos12,FALSE,281,1,0.00355871886120996,0.998220640569395,0.00177935943060503,0.0035523866212435
loc2389_pos20,FALSE,327,23,0.0703363914373089,0.931192660550459,0.0688073394495413,0.128145778974834
loc2391_pos3,TRUE,312,0,0,0.0032051282051282,0.996794871794872,0.00638971071663379
loc2393_pos42,FALSE,302,1,0.0033112582781457,0.998344370860927,0.0016556291390728,0.00330577606245331
loc2394_pos117,FALSE,317,4,0.0126182965299685,0.993690851735016,0.00630914826498419,0.0125386858263093
loc2396_pos5,FALSE,323,5,0.0154798761609907,0.122291021671827,0.877708978328173,0.214671855380575
loc2397_pos125,FALSE,303,7,0.0231023102310231,0.988448844884488,0.0115511551155115,0.0228354518620178
loc2398_pos36,FALSE,334,1,0.0029940119760479,0.998502994011976,0.00149700598802394,0.00298952992219151
loc2400_pos29,FALSE,302,1,0.0033112582781457,0.998344370860927,0.0016556291390728,0.00330577606245331
loc2401_pos14,FALSE,316,1,0.00316455696202532,0.998417721518987,0.00158227848101267,0.00315954975164238
loc2403_pos20,FALSE,322,18,0.0559006211180124,0.959627329192547,0.0403726708074534,0.0774854365186529
loc2406_pos36,FALSE,326,1,0.00306748466257669,0.998466257668712,0.00153374233128833,0.0030627799314991
loc2408_pos39,FALSE,323,25,0.0773993808049536,0.93343653250774,0.06656346749226,0.124265544575334
loc2412_pos33,FALSE,293,1,0.00341296928327645,0.998293515358362,0.00170648464163825,0.00340714510361221
loc2419_pos15,FALSE,324,1,0.00308641975308642,0.998456790123457,0.00154320987654322,0.00308165675964031
loc2422_pos100,FALSE,295,0,0,0.0135593220338983,0.986440677966102,0.0267509336397587
loc2428_pos10,FALSE,282,11,0.0390070921985816,0.132978723404255,0.867021276595745,0.23059076505206
loc2429_pos67,FALSE,327,1,0.00305810397553517,0.998470948012232,0.00152905198776754,0.00305342797557248
loc2430_pos39,FALSE,304,0,0,0.00328947368421053,0.99671052631579,0.00655730609418283
loc2431_pos0,FALSE,297,1,0.00336700336700337,0.00168350168350168,0.998316498316498,0.00336133501116666
loc2432_pos119,FALSE,330,30,0.0909090909090909,0.954545454545455,0.0454545454545454,0.0867768595041322
loc2436_pos17,FALSE,291,1,0.00343642611683849,0.998281786941581,0.00171821305841924,0.00343052160461023
loc2438_pos101,FALSE,327,0,0,0.996941896024465,0.00305810397553519,0.00609750395122
loc2440_pos20,FALSE,334,1,0.0029940119760479,0.998502994011976,0.00149700598802394,0.00298952992219151
loc2441_pos6,FALSE,331,21,0.0634441087613293,0.90785498489426,0.0921450151057401,0.167308622593806
loc2443_pos35,FALSE,318,24,0.0754716981132075,0.955974842767296,0.0440251572327044,0.0841738855266801
loc2448_pos11,FALSE,329,2,0.0060790273556231,0.993920972644377,0.00607902735562305,0.0120841455640653
loc2449_pos28,FALSE,334,0,0,0.0029940119760479,0.997005988023952,0.00597009573667037
loc2450_pos14,FALSE,307,23,0.0749185667752443,0.929967426710098,0.0700325732899023,0.130256023936594
loc2451_pos38,FALSE,335,0,0,0.00298507462686567,0.997014925373134,0.00595232791267543
loc2452_pos51,FALSE,328,1,0.00304878048780488,0.998475609756098,0.00152439024390238,0.00304413295657336
loc2458_pos75,FALSE,326,1,0.00306748466257669,0.998466257668712,0.00153374233128833,0.0030627799314991
loc2459_pos3,FALSE,298,0,0,0.00335570469798658,0.996644295302013,0.00668888788793298
loc2460_pos7,FALSE,302,9,0.0298013245033113,0.120860927152318,0.879139072847682,0.2125071268804
loc2462_pos10,FALSE,283,4,0.0141342756183746,0.992932862190813,0.00706713780918733,0.0140343867447466
loc2464_pos0,FALSE,318,7,0.0220125786163522,0.130503144654088,0.869496855345912,0.226944147778964
loc2465_pos12,FALSE,326,80,0.245398773006135,0.315950920245399,0.684049079754601,0.432251872482969
loc2466_pos11,FALSE,322,0,0,0.996894409937888,0.00310559006211175,0.00619189074495573
loc2469_pos32,FALSE,313,0,0,1,0,0
loc2471_pos52,FALSE,340,4,0.0117647058823529,0.994117647058824,0.00588235294117645,0.0116955017301038
loc2472_pos11,FALSE,315,2,0.00634920634920635,0.99047619047619,0.00952380952380949,0.0188662131519274
loc2474_pos3,FALSE,330,1,0.00303030303030303,0.998484848484849,0.00151515151515147,0.00302571166207521
loc2476_pos7,FALSE,289,1,0.00346020761245675,0.998269896193772,0.0017301038062284,0.00345422109409615
loc2479_pos30,FALSE,292,0,0,0.00342465753424658,0.996575342465753,0.00682585851003941
loc2480_pos29,FALSE,338,1,0.0029585798816568,0.998520710059172,0.00147928994082835,0.00295420328419864
loc2482_pos45,FALSE,332,11,0.0331325301204819,0.0225903614457831,0.977409638554217,0.044160074031064
loc2483_pos14,FALSE,330,1,0.00303030303030303,0.998484848484849,0.00151515151515147,0.00302571166207521
loc2485_pos61,FALSE,287,1,0.00348432055749129,0.998257839721254,0.00174216027874563,0.00347825031261758
loc2489_pos7,FALSE,321,0,0,0.996884735202492,0.00311526479750779,0.0062111198454984
loc2490_pos2,FALSE,335,0,0,1,0,0
loc2491_pos89,FALSE,330,0,0,0.00303030303030303,0.996969696969697,0.00604224058769513
loc2494_pos44,FALSE,328,1,0.00304878048780488,0.998475609756098,0.00152439024390238,0.00304413295657336
loc2495_pos48,FALSE,285,1,0.00350877192982456,0.998245614035088,0.00175438596491229,0.00350261618959681
loc2498_pos99,FALSE,321,1,0.00311526479750779,0.998442367601246,0.00155763239875384,0.00311041236012838
loc2501_pos18,FALSE,301,1,0.00332225913621262,0.998338870431894,0.00166112956810627,0.00331674043332846
loc2503_pos14,FALSE,332,1,0.00301204819277108,0.00150602409638554,0.998493975903614,0.0030075119756133
loc2504_pos64,FALSE,307,1,0.00325732899022801,0.998371335504886,0.00162866449511401,0.00325202389415272
loc2508_pos8,FALSE,339,0,0,1,0,0
loc2511_pos0,FALSE,301,1,0.00332225913621262,0.998338870431894,0.00166112956810627,0.00331674043332846
loc2513_pos0,FALSE,336,1,0.00297619047619048,0.998511904761905,0.00148809523809523,0.00297176162131518
loc2516_pos13,FALSE,308,10,0.0324675324675325,0.967532467532468,0.0324675324675324,0.0628267836060043
loc2517_pos0,FALSE,339,1,0.00294985250737463,0.998525073746313,0.00147492625368728,0.00294550169246693
loc2519_pos96,FALSE,300,1,0.00333333333333333,0.998333333333333,0.0016666666666667,0.00332777777777785
loc2520_pos126,FALSE,325,8,0.0246153846153846,0.864615384615385,0.135384615384615,0.23411124260355
loc2527_pos58,FALSE,321,17,0.0529595015576324,0.948598130841122,0.0514018691588785,0.097519434011704
loc2530_pos13,FALSE,325,15,0.0461538461538462,0.943076923076923,0.056923076923077,0.107365680473373
loc2532_pos14,FALSE,333,1,0.003003003003003,0.0015015015015015,0.998498498498498,0.00299849398948498
loc2534_pos19,FALSE,310,1,0.0032258064516129,0.998387096774194,0.00161290322580643,0.00322060353798122
loc2535_pos6,FALSE,312,1,0.0032051282051282,0.998397435897436,0.0016025641025641,0.00319999178172254
loc2538_pos43,FALSE,321,0,0,1,0,0
loc2539_pos10,FALSE,318,14,0.0440251572327044,0.915094339622642,0.0849056603773585,0.155393378426486
loc2542_pos38,FALSE,312,0,0,0.0032051282051282,0.996794871794872,0.00638971071663379
loc2543_pos14,FALSE,307,0,0,1,0,0
loc2545_pos16,FALSE,329,0,0,1,0,0
loc2549_pos56,FALSE,315,1,0.00317460317460317,0.998412698412698,0.00158730158730158,0.00316956412194506
loc2551_pos12,FALSE,324,0,0,1,0,0
loc2553_pos83,FALSE,323,0,0,0.00309597523219814,0.996904024767802,0.00617278033911952
loc2554_pos10,FALSE,328,5,0.0152439024390244,0.120426829268293,0.879573170731707,0.211848416121356
loc2555_pos40,FALSE,297,5,0.0168350168350168,0.984848484848485,0.0151515151515151,0.0298438934802571
loc2557_pos18,FALSE,314,2,0.00636942675159236,0.996815286624204,0.00318471337579618,0.0063491419530204
loc2558_pos2,FALSE,324,1,0.00308641975308642,0.998456790123457,0.00154320987654322,0.00308165675964031
loc2560_pos3,FALSE,334,0,0,0.997005988023952,0.00299401197604787,0.00597009573667031
loc2563_pos42,FALSE,304,1,0.00328947368421053,0.998355263157895,0.00164473684210531,0.00328406336565106
loc2565_pos44,FALSE,322,120,0.372670807453416,0.56832298136646,0.43167701863354,0.490663940434397
loc2567_pos20,FALSE,305,13,0.0426229508196721,0.926229508196721,0.0737704918032787,0.136656812684762
loc2569_pos20,FALSE,283,1,0.00353356890459364,0.998233215547703,0.00176678445229683,0.00352732584999191
loc2570_pos7,FALSE,321,22,0.0685358255451713,0.105919003115265,0.894080996884735,0.189400335788667
loc2571_pos34,FALSE,317,0,0,1,0,0
loc2572_pos17,FALSE,311,0,0,0.00321543408360129,0.996784565916399,0.0064101901345106
loc2573_pos6,FALSE,288,1,0.00347222222222222,0.998263888888889,0.00173611111111116,0.00346619405864207
loc2575_pos59,FALSE,308,21,0.0681818181818182,0.108766233766234,0.891233766233766,0.193872280317086
loc2578_pos59,FALSE,324,2,0.00617283950617284,0.996913580246914,0.00308641975308643,0.00615378753238838
loc2580_pos32,FALSE,331,1,0.00302114803625378,0.998489425981873,0.00151057401812693,0.00301658436852538
loc2581_pos106,FALSE,327,0,0,0.00305810397553517,0.996941896024465,0.00609750395121997
loc2583_pos38,FALSE,326,1,0.00306748466257669,0.998466257668712,0.00153374233128833,0.0030627799314991
loc2584_pos12,FALSE,317,1,0.00315457413249211,0.998422712933754,0.00157728706624605,0.0031495984635134
loc2585_pos8,FALSE,308,28,0.0909090909090909,0.0746753246753247,0.925324675324675,0.138197841119919
loc2586_pos22,FALSE,303,1,0.0033003300330033,0.998349834983498,0.00165016501650161,0.00329488394383986
loc2587_pos6,FALSE,325,1,0.00307692307692308,0.998461538461539,0.00153846153846149,0.00307218934911233
loc2588_pos20,FALSE,331,0,0,0.00302114803625378,0.996978851963746,0.00602404140159363
loc2589_pos9,FALSE,314,1,0.00318471337579618,0.998407643312102,0.00159235668789814,0.0031796421761533
loc2593_pos49,FALSE,319,94,0.294670846394984,0.423197492163009,0.576802507836991,0.488202749579898
loc2597_pos7,FALSE,301,34,0.112956810631229,0.186046511627907,0.813953488372093,0.302866414277988
loc2598_pos5,FALSE,301,1,0.00332225913621262,0.998338870431894,0.00166112956810627,0.00331674043332846
loc2605_pos146,FALSE,316,1,0.00316455696202532,0.998417721518987,0.00158227848101267,0.00315954975164238
loc2606_pos31,FALSE,283,0,0,0.00353356890459364,0.996466431095406,0.00704216559078026
loc2607_pos28,FALSE,280,131,0.467857142857143,0.751785714285714,0.248214285714286,0.373207908163265
loc2608_pos13,FALSE,300,0,0,0.00333333333333333,0.996666666666667,0.00664444444444445
loc2611_pos49,FALSE,299,5,0.0167224080267559,0.861204013377926,0.138795986622074,0.239063321439358
loc2613_pos47,FALSE,295,1,0.00338983050847458,0.998305084745763,0.00169491525423726,0.00338408503303643
loc2614_pos10,FALSE,285,0,0,0.943859649122807,0.0561403508771929,0.105977223761157
loc2617_pos18,FALSE,293,0,0,0.00341296928327645,0.996587030716723,0.00680264184789572
loc2620_pos9,FALSE,283,1,0.00353356890459364,0.998233215547703,0.00176678445229683,0.00352732584999191
loc2623_pos45,FALSE,324,1,0.00308641975308642,0.998456790123457,0.00154320987654322,0.00308165675964031
loc2624_pos4,FALSE,282,11,0.0390070921985816,0.980496453900709,0.0195035460992907,0.0382463155776871
loc2626_pos33,FALSE,319,1,0.00313479623824451,0.998432601880878,0.00156739811912221,0.00312988276451676
loc2627_pos24,FALSE,319,11,0.0344827586206897,0.979623824451411,0.0203761755485894,0.0399219740372049
loc2628_pos34,FALSE,349,3,0.00859598853868195,0.995702005730659,0.00429799426934097,0.00855904302920336
loc2630_pos13,FALSE,321,1,0.00311526479750779,0.998442367601246,0.00155763239875384,0.00311041236012838
loc2634_pos105,FALSE,327,1,0.00305810397553517,0.998470948012232,0.00152905198776754,0.00305342797557248
loc2639_pos24,FALSE,336,1,0.00297619047619048,0.00446428571428571,0.995535714285714,0.00888871173469388
loc2640_pos9,FALSE,307,1,0.00325732899022801,0.998371335504886,0.00162866449511401,0.00325202389415272
loc2641_pos3,FALSE,317,1,0.00315457413249211,0.998422712933754,0.00157728706624605,0.0031495984635134
loc2643_pos5,FALSE,293,5,0.0170648464163823,0.138225255972696,0.861774744027304,0.238238069167958
loc2648_pos19,FALSE,333,1,0.003003003003003,0.998498498498498,0.00150150150150152,0.00299849398948502
loc2650_pos137,FALSE,280,15,0.0535714285714286,0.951785714285714,0.0482142857142858,0.091779336734694
loc2651_pos37,FALSE,314,4,0.0127388535031847,0.993630573248408,0.00636942675159236,0.0126577143088969
loc2652_pos5,FALSE,333,157,0.471471471471471,0.749249249249249,0.250750750750751,0.375749623497371
loc2655_pos13,FALSE,289,3,0.0103806228373702,0.0709342560553633,0.929065743944637,0.131805174746471
loc2657_pos3,FALSE,328,1,0.00304878048780488,0.998475609756098,0.00152439024390238,0.00304413295657336
loc2663_pos20,FALSE,327,1,0.00305810397553517,0.995412844036697,0.00458715596330272,0.00913222792694212
loc2666_pos13,FALSE,329,1,0.00303951367781155,0.998480243161094,0.00151975683890582,0.00303489435611283
loc2667_pos19,FALSE,330,7,0.0212121212121212,0.125757575757576,0.874242424242424,0.219885215794307
loc2668_pos60,FALSE,342,1,0.00292397660818713,0.998538011695906,0.00146198830409361,0.0029197017885846
loc2669_pos44,FALSE,286,1,0.0034965034965035,0.998251748251748,0.00174825174825177,0.00349039072815301
loc2670_pos10,FALSE,320,0,0,1,0,0
loc2672_pos21,FALSE,329,1,0.00303951367781155,0.998480243161094,0.00151975683890582,0.00303489435611283
loc2673_pos49,FALSE,329,2,0.0060790273556231,0.00303951367781155,0.996960486322188,0.00606055006882789
loc2675_pos41,FALSE,328,5,0.0152439024390244,0.989329268292683,0.010670731707317,0.021113734384295
loc2678_pos22,FALSE,321,107,0.333333333333333,0.419003115264797,0.580996884735203,0.486879009326385
loc2683_pos101,FALSE,314,11,0.035031847133758,0.947452229299363,0.052547770700637,0.0995730049900605
loc2685_pos148,FALSE,328,1,0.00304878048780488,0.998475609756098,0.00152439024390238,0.00304413295657336
loc2686_pos30,FALSE,325,0,0,0.00307692307692308,0.996923076923077,0.00613491124260355
loc2687_pos16,FALSE,308,4,0.012987012987013,0.00649350649350649,0.993506493506494,0.0129026817338506
loc2691_pos2,FALSE,307,1,0.00325732899022801,0.998371335504886,0.00162866449511401,0.00325202389415272
loc2692_pos4,FALSE,313,4,0.012779552715655,0.865814696485623,0.134185303514377,0.232359215670263
loc2693_pos164,FALSE,300,1,0.00333333333333333,0.998333333333333,0.0016666666666667,0.00332777777777785
loc2694_pos52,FALSE,328,1,0.00304878048780488,0.998475609756098,0.00152439024390238,0.00304413295657336
loc2696_pos26,FALSE,303,54,0.178217821782178,0.257425742574257,0.742574257425743,0.382315459268699
loc2697_pos9,FALSE,299,102,0.341137123745819,0.59866220735786,0.40133779264214,0.480531537678549
loc2701_pos2,FALSE,304,0,0,0.99671052631579,0.00328947368421051,0.00655730609418279
loc2704_pos32,FALSE,314,21,0.0668789808917197,0.921974522292994,0.0780254777070064,0.1438750050712
loc2708_pos24,FALSE,288,1,0.00347222222222222,0.998263888888889,0.00173611111111116,0.00346619405864207
loc2709_pos14,FALSE,305,1,0.00327868852459016,0.998360655737705,0.00163934426229506,0.00327331362536948
loc2710_pos12,FALSE,329,0,0,1,0,0
loc2714_pos27,FALSE,317,1,0.00315457413249211,0.998422712933754,0.00157728706624605,0.0031495984635134
loc2717_pos3,FALSE,314,1,0.00318471337579618,0.998407643312102,0.00159235668789814,0.0031796421761533
loc2719_pos11,FALSE,305,8,0.0262295081967213,0.980327868852459,0.019672131147541,0.0385702768073098
loc2720_pos17,FALSE,300,1,0.00333333333333333,0.998333333333333,0.0016666666666667,0.00332777777777785
loc2726_pos35,FALSE,331,1,0.00302114803625378,0.998489425981873,0.00151057401812693,0.00301658436852538
loc2729_pos12,FALSE,338,1,0.0029585798816568,0.998520710059172,0.00147928994082835,0.00295420328419864
loc2730_pos4,FALSE,334,0,0,1,0,0
loc2731_pos61,FALSE,309,1,0.00323624595469256,0.998381877022654,0.00161812297734631,0.003231009310753
loc2732_pos54,FALSE,325,7,0.0215384615384615,0.884615384615385,0.115384615384615,0.20414201183432
loc2735_pos10,FALSE,316,1,0.00316455696202532,0.00158227848101266,0.998417721518987,0.00315954975164236
loc2739_pos40,FALSE,340,1,0.00294117647058824,0.998529411764706,0.00147058823529411,0.00293685121107265
loc2740_pos28,FALSE,305,1,0.00327868852459016,0.998360655737705,0.00163934426229506,0.00327331362536948
loc2741_pos95,FALSE,321,0,0,1,0,0
loc2744_pos21,FALSE,330,1,0.00303030303030303,0.998484848484849,0.00151515151515147,0.00302571166207521
loc2747_pos31,FALSE,339,0,0,1,0,0
loc2748_pos8,FALSE,297,1,0.00336700336700337,0.998316498316498,0.00168350168350173,0.00336133501116676
loc2749_pos11,FALSE,289,0,0,0.98961937716263,0.0103806228373703,0.0205457310137571
loc2752_pos7,FALSE,321,4,0.0124610591900312,0.0903426791277259,0.909657320872274,0.164361758911501
loc2753_pos2,FALSE,311,1,0.00321543408360129,0.998392282958199,0.00160771704180063,0.00321026457542826
loc2754_pos20,FALSE,336,1,0.00297619047619048,0.998511904761905,0.00148809523809523,0.00297176162131518
loc2756_pos14,FALSE,310,2,0.00645161290322581,0.938709677419355,0.0612903225806452,0.115067637877211
loc2757_pos27,FALSE,313,1,0.00319488817891374,0.998402555910543,0.00159744408945683,0.00318978452367579
loc2759_pos3,FALSE,318,1,0.00314465408805031,0.998427672955975,0.00157232704402521,0.00313970966338368
loc2761_pos122,FALSE,334,1,0.0029940119760479,0.998502994011976,0.00149700598802394,0.00298952992219151
loc2763_pos16,FALSE,325,1,0.00307692307692308,0.998461538461539,0.00153846153846149,0.00307218934911233
loc2767_pos5,FALSE,327,19,0.0581039755351682,0.922018348623853,0.0779816513761468,0.143801026849592
loc2769_pos18,FALSE,299,19,0.0635451505016722,0.0652173913043478,0.934782608695652,0.121928166351607
loc2770_pos120,FALSE,310,13,0.0419354838709677,0.946774193548387,0.0532258064516129,0.100785639958377
loc2771_pos75,FALSE,334,1,0.0029940119760479,0.998502994011976,0.00149700598802394,0.00298952992219151
loc2772_pos46,FALSE,314,11,0.035031847133758,0.976114649681529,0.0238853503184714,0.0466296807172706
loc2774_pos16,FALSE,285,1,0.00350877192982456,0.998245614035088,0.00175438596491229,0.00350261618959681
loc2779_pos28,FALSE,324,0,0,0.00308641975308642,0.996913580246914,0.00615378753238835
loc2781_pos14,FALSE,324,1,0.00308641975308642,0.998456790123457,0.00154320987654322,0.00308165675964031
loc2782_pos9,FALSE,285,0,0,0.996491228070175,0.00350877192982457,0.0069929208987381
loc2783_pos9,FALSE,322,1,0.0031055900621118,0.998447204968944,0.00155279503105588,0.00310076771729481
loc2786_pos102,FALSE,324,1,0.00308641975308642,0.998456790123457,0.00154320987654322,0.00308165675964031
loc2790_pos115,FALSE,314,0,0,0.00318471337579618,0.996815286624204,0.00634914195302041
loc2795_pos4,FALSE,318,1,0.00314465408805031,0.998427672955975,0.00157232704402521,0.00313970966338368
loc2796_pos66,FALSE,305,1,0.00327868852459016,0.998360655737705,0.00163934426229506,0.00327331362536948
loc2798_pos40,FALSE,332,1,0.00301204819277108,0.998493975903614,0.00150602409638556,0.00300751197561333
loc2799_pos28,FALSE,285,0,0,0.00350877192982456,0.996491228070175,0.00699292089873807
loc2802_pos43,FALSE,319,1,0.00313479623824451,0.00156739811912226,0.998432601880878,0.00312988276451686
loc2806_pos43,FALSE,294,1,0.00340136054421769,0.998299319727891,0.00170068027210879,0.0033955759174417
loc2807_pos0,FALSE,328,0,0,0.00304878048780488,0.996951219512195,0.00607897085068412
loc2808_pos126,TRUE,313,0,0,0.998402555910543,0.00159744408945683,0.00318978452367579
loc2811_pos8,FALSE,324,0,0,0.996913580246914,0.00308641975308643,0.00615378753238838
loc2812_pos13,FALSE,329,0,0,0.00303951367781155,0.996960486322188,0.00606055006882789
loc2816_pos20,FALSE,325,1,0.00307692307692308,0.998461538461539,0.00153846153846149,0.00307218934911233
loc2817_pos10,FALSE,280,1,0.00357142857142857,0.998214285714286,0.00178571428571428,0.00356505102040815
loc2818_pos14,FALSE,294,5,0.0170068027210884,0.94047619047619,0.0595238095238095,0.111961451247166
loc2819_pos18,FALSE,282,1,0.00354609929078014,0.99822695035461,0.00177304964539005,0.00353981188069006
loc2820_pos5,FALSE,324,1,0.00308641975308642,0.998456790123457,0.00154320987654322,0.00308165675964031
loc2823_pos27,FALSE,286,2,0.00699300699300699,0.958041958041958,0.041958041958042,0.0803951293461783
loc2826_pos14,FALSE,332,18,0.0542168674698795,0.921686746987952,0.0783132530120482,0.144360574829438
loc2829_pos40,FALSE,317,12,0.0378548895899054,0.971608832807571,0.0283911671924291,0.0551702176357612
loc2831_pos40,FALSE,332,1,0.00301204819277108,0.998493975903614,0.00150602409638556,0.00300751197561333
loc2832_pos13,FALSE,323,1,0.00309597523219814,0.998452012383901,0.00154798761609909,0.00309118270087899
loc2835_pos48,FALSE,312,1,0.0032051282051282,0.998397435897436,0.0016025641025641,0.00319999178172254
loc2836_pos23,FALSE,336,0,0,1,0,0
loc2838_pos27,FALSE,331,0,0,1,0,0
loc2844_pos47,FALSE,308,0,0,1,0,0
loc2847_pos10,FALSE,317,0,0,0.00315457413249211,0.996845425867508,0.00628924558906945
loc2851_pos8,FALSE,320,1,0.003125,0.9984375,0.00156250000000002,0.00312011718750004
loc2852_pos3,FALSE,313,5,0.0159744408945687,0.129392971246006,0.870607028753994,0.225300860476273
loc2853_pos4,FALSE,326,2,0.00613496932515337,0.996932515337423,0.00306748466257667,0.00611615040084305
loc2854_pos80,FALSE,311,2,0.00643086816720257,0.996784565916399,0.00321543408360125,0.00641019013451054
loc2855_pos103,FALSE,329,1,0.00303951367781155,0.998480243161094,0.00151975683890582,0.00303489435611283
loc2861_pos46,FALSE,317,10,0.0315457413249211,0.984227129337539,0.0157728706624606,0.0310481744270517
loc2863_pos65,FALSE,324,1,0.00308641975308642,0.998456790123457,0.00154320987654322,0.00308165675964031
loc2864_pos30,FALSE,332,1,0.00301204819277108,0.998493975903614,0.00150602409638556,0.00300751197561333
loc2865_pos87,FALSE,290,1,0.00344827586206897,0.0293103448275862,0.970689655172414,0.0569024970273484
loc2867_pos55,FALSE,315,1,0.00317460317460317,0.998412698412698,0.00158730158730158,0.00316956412194506
loc2868_pos44,FALSE,321,1,0.00311526479750779,0.00155763239875389,0.998442367601246,0.00311041236012849
loc2870_pos153,FALSE,327,1,0.00305810397553517,0.00152905198776758,0.998470948012232,0.00305342797557258
loc2872_pos129,FALSE,324,1,0.00308641975308642,0.998456790123457,0.00154320987654322,0.00308165675964031
loc2875_pos27,FALSE,320,1,0.003125,0.9984375,0.00156250000000002,0.00312011718750004
loc2879_pos28,FALSE,336,1,0.00297619047619048,0.998511904761905,0.00148809523809523,0.00297176162131518
loc2880_pos26,FALSE,325,17,0.0523076923076923,0.927692307692308,0.0723076923076923,0.134158579881657
loc2881_pos53,FALSE,321,21,0.0654205607476635,0.939252336448598,0.0607476635514018,0.114114769848895
loc2883_pos45,FALSE,318,1,0.00314465408805031,0.998427672955975,0.00157232704402521,0.00313970966338368
loc2890_pos5,FALSE,329,0,0,0.00303951367781155,0.996960486322188,0.00606055006882789
loc2892_pos35,FALSE,327,21,0.0642201834862385,0.0382262996941896,0.96177370030581,0.0735300994117592
loc2894_pos23,FALSE,333,3,0.00900900900900901,0.995495495495496,0.00450450450450446,0.00896842788734671
loc2904_pos38,FALSE,320,0,0,1,0,0
loc2906_pos20,FALSE,313,3,0.00958466453674121,0.988817891373802,0.0111821086261981,0.0221141381457399
loc2911_pos5,FALSE,329,5,0.0151975683890578,0.113981762917933,0.886018237082067,0.201979841280106
loc2913_pos117,FALSE,331,1,0.00302114803625378,0.998489425981873,0.00151057401812693,0.00301658436852538
loc2915_pos127,FALSE,298,5,0.0167785234899329,0.13255033557047,0.86744966442953,0.229961488221251
loc2920_pos40,FALSE,321,1,0.00311526479750779,0.998442367601246,0.00155763239875384,0.00311041236012838
loc2922_pos20,FALSE,327,0,0,0.00305810397553517,0.996941896024465,0.00609750395121997
loc2923_pos5,FALSE,293,1,0.00341296928327645,0.998293515358362,0.00170648464163825,0.00340714510361221
loc2925_pos153,FALSE,322,1,0.0031055900621118,0.998447204968944,0.00155279503105588,0.00310076771729481
loc2926_pos15,FALSE,324,4,0.0123456790123457,0.12962962962963,0.87037037037037,0.225651577503429
loc2928_pos26,FALSE,292,1,0.00342465753424658,0.998287671232877,0.00171232876712324,0.00341879339463304
loc2930_pos28,FALSE,296,1,0.00337837837837838,0.998310810810811,0.00168918918918914,0.00337267165814454
loc2931_pos2,FALSE,324,1,0.00308641975308642,0.998456790123457,0.00154320987654322,0.00308165675964031
loc2932_pos23,FALSE,317,1,0.00315457413249211,0.998422712933754,0.00157728706624605,0.0031495984635134
loc2936_pos3,FALSE,303,123,0.405940594059406,0.566006600660066,0.433993399339934,0.491286257338605
loc2938_pos28,FALSE,321,143,0.445482866043614,0.568535825545171,0.431464174454829,0.490605681233684
loc2939_pos73,FALSE,292,1,0.00342465753424658,0.998287671232877,0.00171232876712324,0.00341879339463304
loc2943_pos4,TRUE,308,0,0,0.87012987012987,0.12987012987013,0.226007758475291
loc2945_pos25,FALSE,331,1,0.00302114803625378,0.00151057401812689,0.998489425981873,0.0030165843685253
loc2946_pos6,FALSE,331,15,0.0453172205438066,0.971299093655589,0.0287009063444109,0.0557543286388405
loc2950_pos17,FALSE,330,1,0.00303030303030303,0.998484848484849,0.00151515151515147,0.00302571166207521
loc2951_pos13,FALSE,324,1,0.00308641975308642,0.998456790123457,0.00154320987654322,0.00308165675964031
loc2952_pos5,FALSE,304,1,0.00328947368421053,0.998355263157895,0.00164473684210531,0.00328406336565106
loc2953_pos69,FALSE,324,1,0.00308641975308642,0.998456790123457,0.00154320987654322,0.00308165675964031
loc2954_pos7,FALSE,337,0,0,1,0,0
loc2956_pos10,FALSE,312,9,0.0288461538461538,0.982371794871795,0.0176282051282052,0.0346349030243262
loc2957_pos34,FALSE,330,1,0.00303030303030303,0.00151515151515152,0.998484848484849,0.0030257116620753
loc2959_pos19,FALSE,322,1,0.0031055900621118,0.998447204968944,0.00155279503105588,0.00310076771729481
loc2965_pos90,FALSE,331,1,0.00302114803625378,0.998489425981873,0.00151057401812693,0.00301658436852538
loc2969_pos9,FALSE,326,1,0.00306748466257669,0.998466257668712,0.00153374233128833,0.0030627799314991
loc2970_pos2,FALSE,327,10,0.0305810397553517,0.978593272171254,0.0214067278287462,0.0418969596648244
loc2971_pos30,FALSE,290,1,0.00344827586206897,0.998275862068966,0.00172413793103443,0.0034423305588584
loc2974_pos53,FALSE,321,1,0.00311526479750779,0.998442367601246,0.00155763239875384,0.00311041236012838
loc2975_pos22,FALSE,335,0,0,0.997014925373134,0.0029850746268657,0.00595232791267549
loc2976_pos8,FALSE,316,0,0,0.00316455696202532,0.996835443037975,0.00630908508251883
loc2977_pos44,FALSE,321,1,0.00311526479750779,0.998442367601246,0.00155763239875384,0.00311041236012838
loc2979_pos40,FALSE,320,1,0.003125,0.9984375,0.00156250000000002,0.00312011718750004
loc2981_pos14,FALSE,329,1,0.00303951367781155,0.998480243161094,0.00151975683890582,0.00303489435611283
loc2982_pos131,FALSE,332,1,0.00301204819277108,0.998493975903614,0.00150602409638556,0.00300751197561333
loc2984_pos5,FALSE,328,1,0.00304878048780488,0.00152439024390244,0.998475609756098,0.00304413295657347
loc2985_pos10,FALSE,314,15,0.0477707006369427,0.969745222929936,0.0302547770700637,0.058678851069009
loc2987_pos26,FALSE,327,21,0.0642201834862385,0.0504587155963303,0.94954128440367,0.0958252672333979
loc2989_pos102,FALSE,324,1,0.00308641975308642,0.998456790123457,0.00154320987654322,0.00308165675964031
loc2990_pos12,FALSE,330,0,0,0.00303030303030303,0.996969696969697,0.00604224058769513
loc2991_pos127,FALSE,286,1,0.0034965034965035,0.998251748251748,0.00174825174825177,0.00349039072815301
loc2992_pos108,FALSE,322,1,0.0031055900621118,0.998447204968944,0.00155279503105588,0.00310076771729481
loc2993_pos107,FALSE,296,4,0.0135135135135135,0.868243243243243,0.131756756756757,0.228793827611395
loc2996_pos33,FALSE,314,1,0.00318471337579618,0.00159235668789809,0.998407643312102,0.00317964217615319
loc2999_pos8,FALSE,322,0,0,0.0031055900621118,0.996894409937888,0.00619189074495583
loc3001_pos15,FALSE,287,5,0.0174216027874564,0.935540069686411,0.0644599303135889,0.120609695395112
loc3002_pos31,FALSE,311,10,0.0321543408360129,0.0353697749196141,0.964630225080386,0.0682375078835
loc3003_pos37,FALSE,304,0,0,0.970394736842105,0.0296052631578947,0.057457583102493
loc3004_pos22,FALSE,323,21,0.065015479876161,0.958204334365325,0.041795665634675,0.0800975759376588
loc3006_pos31,FALSE,331,1,0.00302114803625378,0.00151057401812689,0.998489425981873,0.0030165843685253
loc3010_pos36,FALSE,322,6,0.0186335403726708,0.869565217391304,0.130434782608696,0.226843100189036
loc3012_pos5,FALSE,337,0,0,1,0,0
loc3013_pos11,FALSE,315,106,0.336507936507937,0.593650793650794,0.406349206349206,0.482459057697153
loc3014_pos127,FALSE,318,4,0.0125786163522013,0.877358490566038,0.122641509433962,0.215201139195443
loc3015_pos3,FALSE,305,1,0.00327868852459016,0.998360655737705,0.00163934426229506,0.00327331362536948
loc3017_pos11,TRUE,336,0,0,0.87797619047619,0.12202380952381,0.214267998866213
loc3019_pos23,FALSE,291,2,0.00687285223367698,0.986254295532646,0.0137457044673539,0.0271135201521001
loc3021_pos38,FALSE,291,0,0,1,0,0
loc3022_pos9,FALSE,308,4,0.012987012987013,0.987012987012987,0.012987012987013,0.0256367009613763
loc3025_pos2,FALSE,323,0,0,1,0,0
loc3028_pos39,TRUE,319,0,0,0.882445141065831,0.117554858934169,0.207471428150274
loc3030_pos93,FALSE,309,16,0.0517799352750809,0.0420711974110032,0.957928802588997,0.0806024235188153
loc3032_pos116,FALSE,287,1,0.00348432055749129,0.998257839721254,0.00174216027874563,0.00347825031261758
loc3038_pos58,FALSE,288,1,0.00347222222222222,0.998263888888889,0.00173611111111116,0.00346619405864207
loc3041_pos69,FALSE,313,4,0.012779552715655,0.990415335463259,0.00958466453674123,0.0189855974849187
loc3043_pos18,FALSE,325,0,0,0.996923076923077,0.00307692307692309,0.00613491124260357
loc3045_pos16,FALSE,313,9,0.0287539936102236,0.0175718849840256,0.982428115015974,0.0345262276842675
loc3048_pos87,FALSE,338,1,0.0029585798816568,0.998520710059172,0.00147928994082835,0.00295420328419864
loc3049_pos20,FALSE,316,19,0.060126582278481,0.0522151898734177,0.947784810126582,0.0989775276398013
loc3050_pos16,FALSE,318,13,0.0408805031446541,0.979559748427673,0.0204402515723271,0.0400448953759742
loc3051_pos21,FALSE,298,1,0.00335570469798658,0.998322147651007,0.00167785234899331,0.00335007432097658
loc3054_pos49,FALSE,315,1,0.00317460317460317,0.998412698412698,0.00158730158730158,0.00316956412194506
loc3056_pos102,FALSE,298,15,0.0503355704697987,0.119127516778523,0.880872483221476,0.209872303049412
loc3057_pos31,FALSE,315,23,0.073015873015873,0.938095238095238,0.0619047619047619,0.116145124716553
loc3060_pos153,FALSE,332,0,0,1,0,0
loc3062_pos35,FALSE,293,0,0,1,0,0
loc3064_pos9,FALSE,281,2,0.00711743772241993,0.99644128113879,0.00355871886120995,0.00709210876255364
loc3065_pos19,FALSE,326,0,0,0.00306748466257669,0.996932515337423,0.00611615040084309
loc3067_pos63,FALSE,329,1,0.00303951367781155,0.00151975683890578,0.998480243161094,0.00303489435611275
loc3070_pos22,FALSE,324,1,0.00308641975308642,0.998456790123457,0.00154320987654322,0.00308165675964031
loc3072_pos26,FALSE,316,1,0.00316455696202532,0.998417721518987,0.00158227848101267,0.00315954975164238
loc3073_pos130,TRUE,316,0,0,0.996835443037975,0.00316455696202533,0.00630908508251886
loc3074_pos90,FALSE,309,3,0.00970873786407767,0.881877022653722,0.118122977346278,0.208339879138258
loc3075_pos21,FALSE,307,6,0.0195439739413681,0.133550488599349,0.866449511400651,0.231429511188448
loc3077_pos145,FALSE,318,9,0.0283018867924528,0.020440251572327,0.979559748427673,0.040044895375974
loc3079_pos14,FALSE,322,20,0.062111801242236,0.925465838509317,0.0745341614906833,0.137957640523128
loc3081_pos127,FALSE,315,0,0,0.00317460317460317,0.996825396825397,0.00632905013857395
loc3083_pos28,FALSE,320,0,0,1,0,0
loc3085_pos3,FALSE,325,1,0.00307692307692308,0.998461538461539,0.00153846153846149,0.00307218934911233
loc3088_pos5,FALSE,324,121,0.373456790123457,0.541666666666667,0.458333333333333,0.496527777777778
loc3090_pos44,FALSE,327,0,0,1,0,0
loc3091_pos5,FALSE,281,1,0.00355871886120996,0.998220640569395,0.00177935943060503,0.0035523866212435
loc3093_pos1,FALSE,324,0,0,0.00308641975308642,0.996913580246914,0.00615378753238835
loc3098_pos101,TRUE,301,9,0.0299003322259136,0.976744186046512,0.0232558139534884,0.0454299621416983
loc3099_pos6,FALSE,302,1,0.0033112582781457,0.998344370860927,0.0016556291390728,0.00330577606245331
loc3103_pos9,FALSE,329,0,0,0.00303951367781155,0.996960486322188,0.00606055006882789
loc3106_pos18,FALSE,307,1,0.00325732899022801,0.00162866449511401,0.998371335504886,0.00325202389415272
loc3110_pos17,FALSE,329,2,0.0060790273556231,0.996960486322188,0.00303951367781152,0.00606055006882784
loc3115_pos13,FALSE,305,0,0,0.00327868852459016,0.99672131147541,0.00653587745229777
loc3117_pos19,FALSE,321,9,0.0280373831775701,0.135514018691589,0.864485981308411,0.234299938859289
loc3118_pos37,FALSE,326,1,0.00306748466257669,0.998466257668712,0.00153374233128833,0.0030627799314991
loc3119_pos6,FALSE,286,1,0.0034965034965035,0.998251748251748,0.00174825174825177,0.00349039072815301
loc3120_pos45,FALSE,335,16,0.0477611940298507,0.961194029850746,0.0388059701492537,0.0746001336600578
loc3123_pos113,FALSE,308,1,0.00324675324675325,0.998376623376623,0.00162337662337664,0.00324148254343062
loc3124_pos39,FALSE,280,1,0.00357142857142857,0.991071428571429,0.0089285714285714,0.0176977040816326
loc3126_pos27,FALSE,326,0,0,1,0,0
loc3128_pos2,FALSE,312,0,0,0.00961538461538462,0.990384615384615,0.0190458579881657
loc3129_pos19,FALSE,310,1,0.0032258064516129,0.00161290322580645,0.998387096774194,0.00322060353798127
loc3133_pos3,FALSE,321,0,0,1,0,0
loc3135_pos18,FALSE,328,0,0,0.00304878048780488,0.996951219512195,0.00607897085068412
loc3138_pos24,FALSE,281,1,0.00355871886120996,0.00177935943060498,0.998220640569395,0.0035523866212434
loc3140_pos17,FALSE,291,79,0.271477663230241,0.259450171821306,0.740549828178694,0.384271560326401
loc3144_pos5,FALSE,296,1,0.00337837837837838,0.998310810810811,0.00168918918918914,0.00337267165814454
loc3149_pos31,FALSE,329,1,0.00303951367781155,0.998480243161094,0.00151975683890582,0.00303489435611283
loc3150_pos44,FALSE,324,29,0.0895061728395062,0.0910493827160494,0.908950617283951,0.165518785246152
loc3155_pos17,FALSE,328,108,0.329268292682927,0.74390243902439,0.25609756097561,0.381023200475907
loc3156_pos10,FALSE,326,12,0.0368098159509202,0.98159509202454,0.0184049079754601,0.0361323346757499
loc3158_pos51,FALSE,317,10,0.0315457413249211,0.126182965299685,0.873817034700315,0.220521649135726
loc3159_pos32,FALSE,337,0,0,0.0029673590504451,0.997032640949555,0.00591710766142169
loc3161_pos29,FALSE,329,0,0,0.00303951367781155,0.996960486322188,0.00606055006882789
loc3163_pos23,FALSE,325,19,0.0584615384615385,0.970769230769231,0.0292307692307693,0.0567526627218936
loc3165_pos21,FALSE,337,1,0.0029673590504451,0.998516320474777,0.00148367952522255,0.00296295644057797
loc3168_pos3,FALSE,332,35,0.105421686746988,0.944277108433735,0.0557228915662651,0.105235701843519
loc3171_pos94,FALSE,335,4,0.0119402985074627,0.991044776119403,0.008955223880597,0.0177500556916908
loc3172_pos19,FALSE,318,8,0.0251572327044025,0.125786163522013,0.874213836477987,0.219928009176852
loc3174_pos3,FALSE,319,1,0.00313479623824451,0.998432601880878,0.00156739811912221,0.00312988276451676
loc3175_pos4,FALSE,303,1,0.0033003300330033,0.998349834983498,0.00165016501650161,0.00329488394383986
loc3176_pos27,FALSE,324,2,0.00617283950617284,0.996913580246914,0.00308641975308643,0.00615378753238838
loc3179_pos117,FALSE,316,1,0.00316455696202532,0.998417721518987,0.00158227848101267,0.00315954975164238
loc3180_pos46,FALSE,323,1,0.00309597523219814,0.998452012383901,0.00154798761609909,0.00309118270087899
loc3188_pos51,FALSE,318,1,0.00314465408805031,0.998427672955975,0.00157232704402521,0.00313970966338368
loc3193_pos38,FALSE,327,6,0.018348623853211,0.0091743119266055,0.990825688073395,0.0181802878545577
loc3194_pos46,FALSE,316,0,0,0.00316455696202532,0.996835443037975,0.00630908508251883
loc3196_pos16,FALSE,330,0,0,0.00303030303030303,0.996969696969697,0.00604224058769513
loc3198_pos161,FALSE,328,51,0.155487804878049,0.208841463414634,0.791158536585366,0.330453413146936
loc3200_pos4,FALSE,319,1,0.00313479623824451,0.998432601880878,0.00156739811912221,0.00312988276451676
loc3202_pos8,FALSE,325,1,0.00307692307692308,0.998461538461539,0.00153846153846149,0.00307218934911233
loc3206_pos11,FALSE,327,0,0,0.00305810397553517,0.996941896024465,0.00609750395121997
loc3207_pos62,FALSE,304,76,0.25,0.125,0.875,0.21875
loc3209_pos29,FALSE,327,1,0.00305810397553517,0.998470948012232,0.00152905198776754,0.00305342797557248
loc3210_pos30,FALSE,335,0,0,0.00298507462686567,0.997014925373134,0.00595232791267543
loc3212_pos66,FALSE,304,3,0.00986842105263158,0.988486842105263,0.0115131578947368,0.0227612101800554
loc3214_pos0,FALSE,291,0,0,0.00343642611683849,0.996563573883162,0.006849234184764
loc3219_pos5,FALSE,327,1,0.00305810397553517,0.998470948012232,0.00152905198776754,0.00305342797557248
loc3220_pos11,TRUE,330,0,0,0.996969696969697,0.00303030303030305,0.00604224058769517
loc3221_pos31,FALSE,280,104,0.371428571428571,0.325,0.675,0.43875
loc3226_pos1,FALSE,323,33,0.102167182662539,0.825077399380805,0.174922600619195,0.288649368823625
loc3227_pos8,FALSE,324,1,0.00308641975308642,0.998456790123457,0.00154320987654322,0.00308165675964031
loc3229_pos49,FALSE,325,18,0.0553846153846154,0.923076923076923,0.0769230769230769,0.142011834319527
loc3230_pos4,FALSE,332,3,0.00903614457831325,0.992469879518072,0.00753012048192769,0.0149468355349107
loc3231_pos24,FALSE,323,1,0.00309597523219814,0.998452012383901,0.00154798761609909,0.00309118270087899
loc3232_pos94,FALSE,322,7,0.0217391304347826,0.861801242236025,0.138198757763975,0.238199722232939
loc3237_pos81,FALSE,327,1,0.00305810397553517,0.998470948012232,0.00152905198776754,0.00305342797557248
loc3239_pos26,FALSE,322,2,0.0062111801242236,0.0031055900621118,0.996894409937888,0.00619189074495583
loc3242_pos33,FALSE,308,0,0,0.00324675324675325,0.996753246753247,0.00647242368021589
loc3243_pos18,FALSE,321,1,0.00311526479750779,0.998442367601246,0.00155763239875384,0.00311041236012838
loc3245_pos24,FALSE,311,4,0.0128617363344051,0.983922829581994,0.0160771704180064,0.0316373900187135
loc3247_pos110,FALSE,297,1,0.00336700336700337,0.998316498316498,0.00168350168350173,0.00336133501116676
loc3249_pos17,TRUE,332,1,0.00301204819277108,0.00150602409638554,0.998493975903614,0.0030075119756133
loc3251_pos2,FALSE,319,0,0,0.00313479623824451,0.996865203761755,0.0062499385815784
loc3253_pos9,FALSE,330,0,0,0.996969696969697,0.00303030303030305,0.00604224058769517
loc3257_pos8,FALSE,323,1,0.00309597523219814,0.998452012383901,0.00154798761609909,0.00309118270087899
loc3258_pos20,FALSE,329,7,0.0212765957446809,0.873860182370821,0.126139817629179,0.220457128075313
loc3260_pos7,FALSE,300,1,0.00333333333333333,0.998333333333333,0.0016666666666667,0.00332777777777785
loc3261_pos16,FALSE,294,1,0.00340136054421769,0.998299319727891,0.00170068027210879,0.0033955759174417
loc3262_pos55,TRUE,294,0,0,0.75,0.25,0.375
loc3263_pos10,FALSE,315,8,0.0253968253968254,0.987301587301587,0.0126984126984127,0.0250743260267069
loc3264_pos114,FALSE,315,1,0.00317460317460317,0.998412698412698,0.00158730158730158,0.00316956412194506
loc3265_pos10,FALSE,305,111,0.363934426229508,0.381967213114754,0.618032786885246,0.472136522440204
loc3266_pos188,FALSE,311,0,0,1,0,0
loc3267_pos107,FALSE,290,4,0.0137931034482759,0.982758620689655,0.0172413793103449,0.0338882282996434
loc3268_pos12,FALSE,290,1,0.00344827586206897,0.998275862068966,0.00172413793103443,0.0034423305588584
loc3269_pos19,FALSE,298,1,0.00335570469798658,0.998322147651007,0.00167785234899331,0.00335007432097658
loc3270_pos11,FALSE,286,1,0.0034965034965035,0.998251748251748,0.00174825174825177,0.00349039072815301
loc3271_pos6,FALSE,310,1,0.0032258064516129,0.998387096774194,0.00161290322580643,0.00322060353798122
loc3272_pos21,FALSE,286,2,0.00699300699300699,0.98951048951049,0.0104895104895105,0.0207589613184019
loc3274_pos20,FALSE,312,1,0.0032051282051282,0.998397435897436,0.0016025641025641,0.00319999178172254
loc3275_pos10,FALSE,323,113,0.34984520123839,0.809597523219814,0.190402476780186,0.308298747232313
loc3278_pos28,FALSE,313,0,0,0.00319488817891374,0.996805111821086,0.00636936173687595
loc3280_pos10,FALSE,322,1,0.0031055900621118,0.998447204968944,0.00155279503105588,0.00310076771729481
loc3283_pos94,FALSE,298,86,0.288590604026846,0.604026845637584,0.395973154362416,0.478356830773389
loc3285_pos3,FALSE,308,1,0.00324675324675325,0.998376623376623,0.00162337662337664,0.00324148254343062
loc3287_pos116,FALSE,322,10,0.031055900621118,0.875776397515528,0.124223602484472,0.217584198140504
loc3288_pos15,FALSE,282,1,0.00354609929078014,0.99822695035461,0.00177304964539005,0.00353981188069006
loc3289_pos4,FALSE,282,1,0.00354609929078014,0.99822695035461,0.00177304964539005,0.00353981188069006
loc3290_pos41,FALSE,328,1,0.00304878048780488,0.998475609756098,0.00152439024390238,0.00304413295657336
loc3291_pos93,FALSE,305,9,0.0295081967213115,0.119672131147541,0.880327868852459,0.210701424348293
loc3293_pos49,FALSE,296,22,0.0743243243243243,0.962837837837838,0.0371621621621622,0.0715622717311907
loc3294_pos17,FALSE,325,1,0.00307692307692308,0.998461538461539,0.00153846153846149,0.00307218934911233
loc3295_pos22,FALSE,284,1,0.00352112676056338,0.998239436619718,0.00176056338028174,0.00351492759373151
loc3296_pos38,FALSE,288,0,0,1,0,0
loc3297_pos11,FALSE,285,1,0.00350877192982456,0.998245614035088,0.00175438596491229,0.00350261618959681
loc3298_pos4,FALSE,283,1,0.00353356890459364,0.998233215547703,0.00176678445229683,0.00352732584999191
loc3299_pos35,FALSE,309,1,0.00323624595469256,0.998381877022654,0.00161812297734631,0.003231009310753
loc3300_pos15,FALSE,329,1,0.00303951367781155,0.998480243161094,0.00151975683890582,0.00303489435611283
loc3301_pos29,FALSE,327,0,0,1,0,0
loc3302_pos102,FALSE,328,1,0.00304878048780488,0.998475609756098,0.00152439024390238,0.00304413295657336
loc3305_pos8,FALSE,291,0,0,0.996563573883162,0.00343642611683848,0.00684923418476397
loc3308_pos22,FALSE,296,1,0.00337837837837838,0.998310810810811,0.00168918918918914,0.00337267165814454
loc3309_pos7,TRUE,291,0,0,0.998281786941581,0.00171821305841924,0.00343052160461023
loc3313_pos127,FALSE,283,1,0.00353356890459364,0.998233215547703,0.00176678445229683,0.00352732584999191
loc3314_pos93,FALSE,326,1,0.00306748466257669,0.998466257668712,0.00153374233128833,0.0030627799314991
loc3317_pos5,FALSE,326,1,0.00306748466257669,0.998466257668712,0.00153374233128833,0.0030627799314991
loc3319_pos1,FALSE,304,1,0.00328947368421053,0.998355263157895,0.00164473684210531,0.00328406336565106
loc3320_pos97,FALSE,325,1,0.00307692307692308,0.998461538461539,0.00153846153846149,0.00307218934911233
loc3321_pos14,TRUE,293,0,0,0.998293515358362,0.00170648464163825,0.00340714510361221
loc3323_pos30,FALSE,299,28,0.0936454849498328,0.94314381270903,0.0568561872909699,0.107247122515408
loc3324_pos5,FALSE,329,0,0,0.0060790273556231,0.993920972644377,0.0120841455640654
loc3326_pos34,FALSE,305,1,0.00327868852459016,0.998360655737705,0.00163934426229506,0.00327331362536948
loc3328_pos5,FALSE,289,2,0.0069204152249135,0.996539792387543,0.0034602076124568,0.00689646915147099
loc3331_pos1,FALSE,318,1,0.00314465408805031,0.998427672955975,0.00157232704402521,0.00313970966338368
loc3334_pos71,FALSE,315,33,0.104761904761905,0.947619047619048,0.0523809523809524,0.0992743764172336
loc3335_pos6,FALSE,329,5,0.0151975683890578,0.117021276595745,0.882978723404255,0.206654594839294
loc3337_pos69,FALSE,329,1,0.00303951367781155,0.998480243161094,0.00151975683890582,0.00303489435611283
loc3341_pos13,FALSE,297,16,0.0538720538720539,0.956228956228956,0.0437710437710438,0.0837102789964743
loc3342_pos11,FALSE,303,5,0.0165016501650165,0.070957095709571,0.929042904290429,0.131844372556067
loc3343_pos39,TRUE,304,0,0,0.998355263157895,0.00164473684210531,0.00328406336565106
loc3344_pos15,FALSE,322,3,0.0093167701863354,0.923913043478261,0.0760869565217391,0.140595463137996
loc3345_pos110,FALSE,325,0,0,0.00307692307692308,0.996923076923077,0.00613491124260355
loc3349_pos148,FALSE,308,1,0.00324675324675325,0.998376623376623,0.00162337662337664,0.00324148254343062
loc3353_pos45,FALSE,321,1,0.00311526479750779,0.998442367601246,0.00155763239875384,0.00311041236012838
loc3355_pos11,FALSE,327,8,0.0244648318042813,0.128440366972477,0.871559633027523,0.223886878208905
loc3357_pos29,FALSE,317,2,0.00630914826498423,0.996845425867508,0.00315457413249209,0.00628924558906941
loc3360_pos17,FALSE,326,1,0.00306748466257669,0.998466257668712,0.00153374233128833,0.0030627799314991
loc3361_pos27,FALSE,291,1,0.00343642611683849,0.998281786941581,0.00171821305841924,0.00343052160461023
loc3363_pos17,FALSE,320,1,0.003125,0.9984375,0.00156250000000002,0.00312011718750004
loc3364_pos119,FALSE,310,1,0.0032258064516129,0.998387096774194,0.00161290322580643,0.00322060353798122
loc3367_pos98,FALSE,328,1,0.00304878048780488,0.998475609756098,0.00152439024390238,0.00304413295657336
loc3368_pos41,FALSE,319,1,0.00313479623824451,0.998432601880878,0.00156739811912221,0.00312988276451676
loc3369_pos37,FALSE,325,6,0.0184615384615385,0.126153846153846,0.873846153846154,0.220478106508876
loc3372_pos27,FALSE,334,1,0.0029940119760479,0.998502994011976,0.00149700598802394,0.00298952992219151
loc3373_pos8,TRUE,306,0,0,0.998366013071895,0.00163398692810457,0.00326263402964671
loc3374_pos34,FALSE,324,0,0,1,0,0
loc3376_pos31,TRUE,318,2,0.00628930817610063,0.995283018867924,0.00471698113207553,0.00938946244215034
loc3378_pos95,FALSE,332,7,0.0210843373493976,0.881024096385542,0.118975903614458,0.209641275947162
loc3380_pos24,FALSE,298,44,0.147651006711409,0.889261744966443,0.110738255033557,0.19695058781136
loc3382_pos46,FALSE,329,2,0.0060790273556231,0.996960486322188,0.00303951367781152,0.00606055006882784
loc3383_pos4,FALSE,334,1,0.0029940119760479,0.998502994011976,0.00149700598802394,0.00298952992219151
loc3387_pos61,FALSE,307,1,0.00325732899022801,0.998371335504886,0.00162866449511401,0.00325202389415272
loc3390_pos66,TRUE,306,14,0.0457516339869281,0.923202614379085,0.076797385620915,0.141799094365415
loc3391_pos35,FALSE,330,1,0.00303030303030303,0.998484848484849,0.00151515151515147,0.00302571166207521
loc3394_pos133,FALSE,337,5,0.0148367952522255,0.989614243323442,0.0103857566765578,0.0205557854696263
loc3395_pos73,FALSE,332,1,0.00301204819277108,0.998493975903614,0.00150602409638556,0.00300751197561333
loc3396_pos92,FALSE,328,1,0.00304878048780488,0.998475609756098,0.00152439024390238,0.00304413295657336
loc3398_pos55,FALSE,318,15,0.0471698113207547,0.0613207547169811,0.938679245283019,0.115121039515842
loc3407_pos133,TRUE,318,0,0,0.968553459119497,0.0314465408805031,0.060915311894308
loc3410_pos54,FALSE,313,1,0.00319488817891374,0.998402555910543,0.00159744408945683,0.00318978452367579
loc3412_pos26,FALSE,299,1,0.00334448160535117,0.998327759197324,0.00167224080267558,0.0033388888267469
loc3415_pos124,FALSE,328,1,0.00304878048780488,0.998475609756098,0.00152439024390238,0.00304413295657336
loc3416_pos11,FALSE,338,0,0,0.0029585798816568,0.997041420118343,0.00589965337348132
loc3417_pos71,FALSE,326,1,0.00306748466257669,0.998466257668712,0.00153374233128833,0.0030627799314991
loc3418_pos6,FALSE,318,1,0.00314465408805031,0.998427672955975,0.00157232704402521,0.00313970966338368
loc3419_pos37,FALSE,290,1,0.00344827586206897,0.998275862068966,0.00172413793103443,0.0034423305588584
loc3420_pos26,FALSE,317,10,0.0315457413249211,0.876971608832808,0.123028391167192,0.215784812268009
loc3422_pos17,FALSE,333,0,0,0.996996996996997,0.00300300300300305,0.005987969951934
loc3424_pos45,FALSE,321,1,0.00311526479750779,0.998442367601246,0.00155763239875384,0.00311041236012838
loc3426_pos0,FALSE,325,1,0.00307692307692308,0.998461538461539,0.00153846153846149,0.00307218934911233
loc3427_pos8,FALSE,329,12,0.0364741641337386,0.975683890577508,0.0243161094224924,0.0474496724900916
loc3429_pos23,FALSE,285,1,0.00350877192982456,0.998245614035088,0.00175438596491229,0.00350261618959681
loc3431_pos10,TRUE,307,0,0,0.697068403908795,0.302931596091205,0.42232808836168
loc3432_pos121,FALSE,308,5,0.0162337662337662,0.98538961038961,0.0146103896103896,0.0287938522516445
loc3433_pos28,FALSE,341,0,0,0.00293255131964809,0.997067448680352,0.00584790292481145
loc3434_pos39,FALSE,307,0,0,0.00325732899022801,0.996742671009772,0.00649343759615487
loc3435_pos13,FALSE,323,1,0.00309597523219814,0.998452012383901,0.00154798761609909,0.00309118270087899
loc3437_pos18,FALSE,305,1,0.00327868852459016,0.998360655737705,0.00163934426229506,0.00327331362536948
loc3440_pos42,FALSE,312,20,0.0641025641025641,0.153846153846154,0.846153846153846,0.260355029585799
loc3441_pos32,FALSE,325,0,0,0.00307692307692308,0.996923076923077,0.00613491124260355
loc3447_pos16,FALSE,280,1,0.00357142857142857,0.998214285714286,0.00178571428571428,0.00356505102040815
loc3449_pos19,FALSE,314,1,0.00318471337579618,0.998407643312102,0.00159235668789814,0.0031796421761533
loc3453_pos18,TRUE,323,0,0,0.964396284829721,0.0356037151702786,0.0686721812727046
loc3454_pos63,FALSE,321,1,0.00311526479750779,0.998442367601246,0.00155763239875384,0.00311041236012838
loc3463_pos64,FALSE,319,1,0.00313479623824451,0.998432601880878,0.00156739811912221,0.00312988276451676
loc3466_pos19,FALSE,317,31,0.0977917981072555,0.919558359621451,0.080441640378549,0.147941565743514
loc3468_pos56,FALSE,309,1,0.00323624595469256,0.998381877022654,0.00161812297734631,0.003231009310753
loc3469_pos33,FALSE,330,26,0.0787878787878788,0.166666666666667,0.833333333333333,0.277777777777778
loc3470_pos5,FALSE,292,1,0.00342465753424658,0.998287671232877,0.00171232876712324,0.00341879339463304
loc3471_pos43,FALSE,287,6,0.0209059233449477,0.947735191637631,0.0522648083623694,0.0990663963384283
loc3473_pos59,FALSE,329,1,0.00303951367781155,0.998480243161094,0.00151975683890582,0.00303489435611283
loc3474_pos2,FALSE,282,2,0.00709219858156028,0.99645390070922,0.00354609929078009,0.00706704894120004
loc3476_pos3,FALSE,338,1,0.0029585798816568,0.998520710059172,0.00147928994082835,0.00295420328419864
loc3477_pos95,FALSE,330,1,0.00303030303030303,0.998484848484849,0.00151515151515147,0.00302571166207521
loc3478_pos13,FALSE,299,0,0,1,0,0
loc3479_pos11,FALSE,302,7,0.0231788079470199,0.98841059602649,0.0115894039735099,0.0229101793780975
loc3481_pos20,TRUE,301,0,0,0.998338870431894,0.00166112956810627,0.00331674043332846
loc3482_pos14,FALSE,328,0,0,1,0,0
loc3483_pos61,FALSE,336,23,0.068452380952381,0.947916666666667,0.0520833333333334,0.0987413194444445
loc3486_pos8,FALSE,322,1,0.0031055900621118,0.998447204968944,0.00155279503105588,0.00310076771729481
loc3489_pos11,FALSE,310,1,0.0032258064516129,0.998387096774194,0.00161290322580643,0.00322060353798122
loc3490_pos25,FALSE,302,1,0.0033112582781457,0.998344370860927,0.0016556291390728,0.00330577606245331
loc3492_pos24,FALSE,295,1,0.00338983050847458,0.998305084745763,0.00169491525423726,0.00338408503303643
loc3493_pos49,FALSE,322,1,0.0031055900621118,0.998447204968944,0.00155279503105588,0.00310076771729481
loc3495_pos22,FALSE,326,1,0.00306748466257669,0.998466257668712,0.00153374233128833,0.0030627799314991
loc3496_pos48,FALSE,280,16,0.0571428571428571,0.971428571428571,0.0285714285714286,0.0555102040816327
loc3500_pos6,FALSE,315,1,0.00317460317460317,0.998412698412698,0.00158730158730158,0.00316956412194506
loc3501_pos15,FALSE,327,1,0.00305810397553517,0.998470948012232,0.00152905198776754,0.00305342797557248
loc3503_pos21,FALSE,326,1,0.00306748466257669,0.998466257668712,0.00153374233128833,0.0030627799314991
loc3504_pos111,FALSE,309,0,0,0.00323624595469256,0.996763754045307,0.00645154533362659
loc3505_pos60,FALSE,327,12,0.036697247706422,0.0305810397553517,0.969418960244648,0.0592916795256666
loc3506_pos15,FALSE,302,1,0.0033112582781457,0.00165562913907285,0.998344370860927,0.0033057760624534
loc3508_pos25,FALSE,335,24,0.0716417910447761,0.0447761194029851,0.955223880597015,0.0855424370683894
loc3509_pos126,FALSE,297,1,0.00336700336700337,0.998316498316498,0.00168350168350173,0.00336133501116676
loc3510_pos23,FALSE,316,0,0,0.00316455696202532,0.996835443037975,0.00630908508251883
loc3513_pos29,FALSE,341,2,0.00586510263929619,0.997067448680352,0.00293255131964809,0.00584790292481144
loc3514_pos3,FALSE,313,62,0.198083067092652,0.798722044728435,0.201277955271565,0.321530279986526
loc3515_pos1,FALSE,333,0,0,0.003003003003003,0.996996996996997,0.00598796995193392
loc3516_pos43,FALSE,324,2,0.00617283950617284,0.996913580246914,0.00308641975308643,0.00615378753238838
loc3518_pos48,FALSE,320,18,0.05625,0.053125,0.946875,0.10060546875
loc3519_pos20,FALSE,339,1,0.00294985250737463,0.00147492625368732,0.998525073746313,0.002945501692467
loc3520_pos45,FALSE,316,3,0.00949367088607595,0.995253164556962,0.004746835443038,0.00944860599262944
loc3527_pos31,FALSE,291,1,0.00343642611683849,0.998281786941581,0.00171821305841924,0.00343052160461023
loc3528_pos26,FALSE,302,1,0.0033112582781457,0.998344370860927,0.0016556291390728,0.00330577606245331
loc3530_pos1,FALSE,325,6,0.0184615384615385,0.0153846153846154,0.984615384615385,0.0302958579881657
loc3532_pos14,FALSE,291,3,0.0103092783505155,0.991408934707904,0.00859106529209619,0.0170345177784863
loc3535_pos19,FALSE,314,3,0.00955414012738853,0.128980891719745,0.871019108280255,0.224689642581849
loc3538_pos66,FALSE,330,1,0.00303030303030303,0.998484848484849,0.00151515151515147,0.00302571166207521
loc3545_pos9,FALSE,329,0,0,1,0,0
loc3546_pos34,FALSE,327,1,0.00305810397553517,0.998470948012232,0.00152905198776754,0.00305342797557248
loc3548_pos110,FALSE,322,17,0.0527950310559006,0.899068322981366,0.100931677018634,0.18148894718568
loc3551_pos3,FALSE,326,1,0.00306748466257669,0.00153374233128834,0.998466257668712,0.00306277993149912
loc3552_pos101,FALSE,311,0,0,0.00321543408360129,0.996784565916399,0.0064101901345106
loc3554_pos32,FALSE,299,1,0.00334448160535117,0.998327759197324,0.00167224080267558,0.0033388888267469
loc3555_pos1,FALSE,328,1,0.00304878048780488,0.998475609756098,0.00152439024390238,0.00304413295657336
loc3556_pos8,FALSE,330,1,0.00303030303030303,0.998484848484849,0.00151515151515147,0.00302571166207521
loc3557_pos16,FALSE,337,1,0.0029673590504451,0.998516320474777,0.00148367952522255,0.00296295644057797
loc3560_pos88,FALSE,300,1,0.00333333333333333,0.998333333333333,0.0016666666666667,0.00332777777777785
loc3563_pos11,FALSE,322,1,0.0031055900621118,0.998447204968944,0.00155279503105588,0.00310076771729481
loc3564_pos15,FALSE,310,109,0.351612903225806,0.485483870967742,0.514516129032258,0.499578563995838
loc3565_pos13,FALSE,299,0,0,0.00334448160535117,0.996655518394649,0.00666659209628528
loc3567_pos100,FALSE,319,5,0.0156739811912226,0.126959247648903,0.873040752351097,0.221681194170655
loc3568_pos19,FALSE,320,6,0.01875,0.128125,0.871875,0.22341796875
loc3569_pos23,FALSE,322,0,0,1,0,0
loc3571_pos10,FALSE,289,0,0,0.00346020761245675,0.996539792387543,0.00689646915147089
loc3573_pos8,FALSE,281,2,0.00711743772241993,0.914590747330961,0.0854092526690391,0.156229024455111
loc3574_pos14,FALSE,318,2,0.00628930817610063,0.99685534591195,0.00314465408805031,0.00626953047743364
loc3576_pos22,FALSE,323,0,0,1,0,0
loc3578_pos29,FALSE,309,1,0.00323624595469256,0.998381877022654,0.00161812297734631,0.003231009310753
loc3579_pos9,FALSE,324,0,0,0.00308641975308642,0.996913580246914,0.00615378753238835
loc3580_pos40,FALSE,323,1,0.00309597523219814,0.998452012383901,0.00154798761609909,0.00309118270087899
loc3583_pos19,FALSE,328,1,0.00304878048780488,0.998475609756098,0.00152439024390238,0.00304413295657336
loc3584_pos16,FALSE,334,1,0.0029940119760479,0.998502994011976,0.00149700598802394,0.00298952992219151
loc3585_pos21,FALSE,281,1,0.00355871886120996,0.998220640569395,0.00177935943060503,0.0035523866212435
loc3586_pos4,FALSE,316,2,0.00632911392405063,0.996835443037975,0.00316455696202533,0.00630908508251886
loc3589_pos5,FALSE,289,1,0.00346020761245675,0.998269896193772,0.0017301038062284,0.00345422109409615
loc3592_pos112,FALSE,301,1,0.00332225913621262,0.998338870431894,0.00166112956810627,0.00331674043332846
loc3596_pos32,FALSE,320,18,0.05625,0.153125,0.846875,0.25935546875
loc3597_pos30,FALSE,289,1,0.00346020761245675,0.998269896193772,0.0017301038062284,0.00345422109409615
loc3598_pos70,FALSE,301,1,0.00332225913621262,0.998338870431894,0.00166112956810627,0.00331674043332846
loc3600_pos116,FALSE,309,1,0.00323624595469256,0.998381877022654,0.00161812297734631,0.003231009310753
loc3602_pos11,FALSE,334,12,0.0359281437125748,0.979041916167665,0.0209580838323353,0.0410376851088243
loc3605_pos102,FALSE,284,1,0.00352112676056338,0.00176056338028169,0.998239436619718,0.0035149275937314
loc3607_pos74,FALSE,340,0,0,1,0,0
loc3609_pos93,FALSE,324,1,0.00308641975308642,0.998456790123457,0.00154320987654322,0.00308165675964031
loc3611_pos21,FALSE,322,73,0.226708074534162,0.840062111801242,0.159937888198758,0.268715520234559
loc3615_pos97,FALSE,322,1,0.0031055900621118,0.998447204968944,0.00155279503105588,0.00310076771729481
loc3616_pos43,FALSE,316,5,0.0158227848101266,0.125,0.875,0.21875
loc3619_pos17,FALSE,325,1,0.00307692307692308,0.998461538461539,0.00153846153846149,0.00307218934911233
loc3621_pos78,FALSE,324,1,0.00308641975308642,0.998456790123457,0.00154320987654322,0.00308165675964031
loc3624_pos43,FALSE,322,1,0.0031055900621118,0.998447204968944,0.00155279503105588,0.00310076771729481
loc3626_pos23,FALSE,311,0,0,1,0,0
loc3628_pos50,FALSE,311,1,0.00321543408360129,0.998392282958199,0.00160771704180063,0.00321026457542826
loc3631_pos52,FALSE,320,1,0.003125,0.9984375,0.00156250000000002,0.00312011718750004
loc3632_pos46,FALSE,316,14,0.0443037974683544,0.889240506329114,0.110759493670886,0.19698365646531
loc3634_pos39,FALSE,316,9,0.0284810126582278,0.985759493670886,0.0142405063291139,0.0280754286172087
loc3640_pos15,FALSE,291,1,0.00343642611683849,0.998281786941581,0.00171821305841924,0.00343052160461023
loc3643_pos37,FALSE,292,1,0.00342465753424658,0.00171232876712329,0.998287671232877,0.00341879339463314
loc3644_pos30,FALSE,315,6,0.019047619047619,0.133333333333333,0.866666666666667,0.231111111111111
loc3646_pos9,FALSE,307,0,0,0.00325732899022801,0.996742671009772,0.00649343759615487
loc3651_pos35,FALSE,322,5,0.015527950310559,0.87111801242236,0.12888198757764,0.224542841711354
loc3652_pos11,FALSE,312,11,0.0352564102564103,0.956730769230769,0.0432692307692307,0.0827940088757396
loc3653_pos45,FALSE,305,6,0.019672131147541,0.99016393442623,0.00983606557377048,0.0194786347755979
loc3655_pos2,FALSE,322,3,0.0093167701863354,0.995341614906832,0.00465838509316774,0.00927336908298298
loc3656_pos11,FALSE,323,1,0.00309597523219814,0.998452012383901,0.00154798761609909,0.00309118270087899
loc3657_pos93,FALSE,333,1,0.003003003003003,0.998498498498498,0.00150150150150152,0.00299849398948502
loc3665_pos30,FALSE,326,5,0.0153374233128834,0.124233128834356,0.875766871165644,0.217598517068764
loc3666_pos14,FALSE,326,9,0.0276073619631902,0.888036809815951,0.111963190184049,0.198854868455719
loc3667_pos46,FALSE,316,25,0.0791139240506329,0.938291139240506,0.0617088607594937,0.115801754526518
loc3668_pos18,FALSE,338,1,0.0029585798816568,0.998520710059172,0.00147928994082835,0.00295420328419864
loc3669_pos10,FALSE,293,1,0.00341296928327645,0.994880546075085,0.00511945392491464,0.0101864902328506
loc3671_pos9,FALSE,292,15,0.0513698630136986,0.953767123287671,0.0462328767123288,0.0881907956464628
loc3672_pos2,FALSE,297,1,0.00336700336700337,0.998316498316498,0.00168350168350173,0.00336133501116676
loc3679_pos3,FALSE,327,19,0.0581039755351682,0.95565749235474,0.0443425076452599,0.08475249932198
loc3680_pos23,FALSE,293,1,0.00341296928327645,0.998293515358362,0.00170648464163825,0.00340714510361221
loc3685_pos17,FALSE,312,8,0.0256410256410256,0.971153846153846,0.0288461538461539,0.0560281065088758
loc3688_pos56,FALSE,300,6,0.02,0.133333333333333,0.866666666666667,0.231111111111111
loc3692_pos42,FALSE,294,1,0.00340136054421769,0.998299319727891,0.00170068027210879,0.0033955759174417
loc3694_pos65,FALSE,334,1,0.0029940119760479,0.998502994011976,0.00149700598802394,0.00298952992219151
loc3697_pos8,FALSE,303,1,0.0033003300330033,0.998349834983498,0.00165016501650161,0.00329488394383986
loc3701_pos119,FALSE,328,9,0.0274390243902439,0.983231707317073,0.0167682926829268,0.032974234086853
loc3703_pos13,FALSE,328,1,0.00304878048780488,0.998475609756098,0.00152439024390238,0.00304413295657336
loc3710_pos3,FALSE,312,1,0.0032051282051282,0.998397435897436,0.0016025641025641,0.00319999178172254
loc3712_pos44,FALSE,307,1,0.00325732899022801,0.998371335504886,0.00162866449511401,0.00325202389415272
loc3713_pos49,FALSE,330,0,0,0.00303030303030303,0.996969696969697,0.00604224058769513
loc3718_pos29,FALSE,324,5,0.0154320987654321,0.868827160493827,0.131172839506173,0.227933051364121
loc3721_pos21,FALSE,333,1,0.003003003003003,0.998498498498498,0.00150150150150152,0.00299849398948502
loc3723_pos22,TRUE,332,0,0,0.998493975903614,0.00150602409638556,0.00300751197561333
loc3724_pos8,FALSE,322,1,0.0031055900621118,0.998447204968944,0.00155279503105588,0.00310076771729481
loc3726_pos15,FALSE,286,1,0.0034965034965035,0.998251748251748,0.00174825174825177,0.00349039072815301
loc3727_pos4,FALSE,294,11,0.0374149659863946,0.930272108843537,0.0697278911564626,0.12973182470267
loc3730_pos3,FALSE,317,0,0,0.00315457413249211,0.996845425867508,0.00628924558906945
loc3731_pos32,FALSE,305,14,0.0459016393442623,0.914754098360656,0.0852459016393443,0.155958075786079
loc3735_pos4,FALSE,317,1,0.00315457413249211,0.00157728706624606,0.998422712933754,0.00314959846351342
loc3736_pos8,FALSE,313,1,0.00319488817891374,0.998402555910543,0.00159744408945683,0.00318978452367579
loc3739_pos9,FALSE,336,0,0,0.99702380952381,0.00297619047619047,0.0059346655328798
loc3740_pos22,FALSE,341,1,0.00293255131964809,0.998533724340176,0.00146627565982405,0.00292825139102691
loc3743_pos48,FALSE,301,1,0.00332225913621262,0.998338870431894,0.00166112956810627,0.00331674043332846
loc3744_pos8,FALSE,328,0,0,0.996951219512195,0.00304878048780488,0.00607897085068412
loc3746_pos117,FALSE,326,14,0.0429447852760736,0.923312883435583,0.0766871165644172,0.141612405434905
loc3747_pos94,FALSE,322,1,0.0031055900621118,0.998447204968944,0.00155279503105588,0.00310076771729481
loc3748_pos18,FALSE,337,0,0,0.0029673590504451,0.997032640949555,0.00591710766142169
loc3753_pos24,FALSE,316,1,0.00316455696202532,0.998417721518987,0.00158227848101267,0.00315954975164238
loc3754_pos24,FALSE,304,1,0.00328947368421053,0.998355263157895,0.00164473684210531,0.00328406336565106
loc3755_pos6,FALSE,282,2,0.00709219858156028,0.00354609929078014,0.99645390070922,0.00706704894120014
loc3757_pos24,TRUE,307,0,0,0.998371335504886,0.00162866449511401,0.00325202389415272
loc3758_pos37,FALSE,307,2,0.00651465798045603,0.996742671009772,0.00325732899022801,0.00649343759615487
loc3759_pos3,FALSE,314,104,0.331210191082803,0.75796178343949,0.24203821656051,0.366911436569435
loc3764_pos31,FALSE,327,1,0.00305810397553517,0.998470948012232,0.00152905198776754,0.00305342797557248
loc3766_pos26,FALSE,316,2,0.00632911392405063,0.996835443037975,0.00316455696202533,0.00630908508251886
loc3768_pos1,FALSE,322,20,0.062111801242236,0.15527950310559,0.84472049689441,0.262335558041742
loc3769_pos5,FALSE,317,0,0,0.00315457413249211,0.996845425867508,0.00628924558906945
loc3771_pos10,FALSE,315,16,0.0507936507936508,0.933333333333333,0.0666666666666667,0.124444444444444
loc3777_pos49,FALSE,284,1,0.00352112676056338,0.998239436619718,0.00176056338028174,0.00351492759373151
loc3779_pos110,FALSE,326,19,0.058282208588957,0.964723926380368,0.0352760736196319,0.0680633444992285
loc3781_pos78,FALSE,305,1,0.00327868852459016,0.998360655737705,0.00163934426229506,0.00327331362536948
loc3785_pos60,FALSE,305,72,0.236065573770492,0.186885245901639,0.813114754098361,0.303918301531846
loc3787_pos52,FALSE,311,0,0,1,0,0
loc3788_pos100,FALSE,329,1,0.00303951367781155,0.998480243161094,0.00151975683890582,0.00303489435611283
loc3791_pos7,FALSE,319,1,0.00313479623824451,0.998432601880878,0.00156739811912221,0.00312988276451676
loc3793_pos2,TRUE,307,0,0,0.998371335504886,0.00162866449511401,0.00325202389415272
loc3794_pos54,FALSE,330,0,0,0.996969696969697,0.00303030303030305,0.00604224058769517
loc3795_pos22,FALSE,338,0,0,0.0029585798816568,0.997041420118343,0.00589965337348132
loc3798_pos42,FALSE,316,1,0.00316455696202532,0.00158227848101266,0.998417721518987,0.00315954975164236
loc3804_pos6,FALSE,292,1,0.00342465753424658,0.998287671232877,0.00171232876712324,0.00341879339463304
loc3807_pos11,FALSE,317,0,0,0.00630914826498423,0.993690851735016,0.0125386858263093
loc3808_pos50,FALSE,287,3,0.0104529616724739,0.120209059233449,0.87979094076655,0.211517682623317
loc3810_pos26,FALSE,310,0,0,1,0,0
loc3814_pos6,FALSE,319,1,0.00313479623824451,0.998432601880878,0.00156739811912221,0.00312988276451676
loc3824_pos10,FALSE,330,0,0,0.00303030303030303,0.996969696969697,0.00604224058769513
loc3828_pos27,FALSE,330,1,0.00303030303030303,0.998484848484849,0.00151515151515147,0.00302571166207521
loc3834_pos20,FALSE,327,11,0.0336391437308868,0.117737003058104,0.882262996941896,0.207750002338
loc3835_pos12,FALSE,332,1,0.00301204819277108,0.998493975903614,0.00150602409638556,0.00300751197561333
loc3836_pos33,FALSE,322,81,0.251552795031056,0.281055900621118,0.718944099378882,0.40412696269434
loc3837_pos38,FALSE,323,14,0.043343653250774,0.956656346749226,0.0433436532507739,0.0829299619473012
loc3841_pos40,FALSE,337,13,0.0385756676557863,0.120178041543027,0.879821958456973,0.211470559747819
loc3843_pos101,FALSE,298,1,0.00335570469798658,0.998322147651007,0.00167785234899331,0.00335007432097658
loc3844_pos28,FALSE,316,1,0.00316455696202532,0.998417721518987,0.00158227848101267,0.00315954975164238
loc3849_pos10,FALSE,326,1,0.00306748466257669,0.998466257668712,0.00153374233128833,0.0030627799314991
loc3850_pos10,FALSE,333,0,0,0.996996996996997,0.00300300300300305,0.005987969951934
loc3852_pos28,FALSE,330,18,0.0545454545454545,0.942424242424242,0.0575757575757576,0.10852157943067
loc3853_pos17,FALSE,285,100,0.350877192982456,0.508771929824561,0.491228070175439,0.499846106494306
loc3854_pos10,FALSE,317,36,0.113564668769716,0.151419558359621,0.848580441640379,0.256983351411597
loc3859_pos4,FALSE,307,0,0,0.00651465798045603,0.993485342019544,0.0129444344237074
loc3865_pos53,FALSE,288,1,0.00347222222222222,0.998263888888889,0.00173611111111116,0.00346619405864207
loc3869_pos19,FALSE,331,12,0.0362537764350453,0.105740181268882,0.894259818731118,0.189118390668212
loc3870_pos5,FALSE,303,1,0.0033003300330033,0.998349834983498,0.00165016501650161,0.00329488394383986
loc3874_pos13,FALSE,290,1,0.00344827586206897,0.998275862068966,0.00172413793103443,0.0034423305588584
loc3875_pos13,FALSE,312,2,0.00641025641025641,0.996794871794872,0.00320512820512819,0.00638971071663377
loc3876_pos8,FALSE,323,1,0.00309597523219814,0.998452012383901,0.00154798761609909,0.00309118270087899
loc3877_pos19,FALSE,310,1,0.0032258064516129,0.998387096774194,0.00161290322580643,0.00322060353798122
loc3880_pos10,FALSE,337,0,0,0.0029673590504451,0.997032640949555,0.00591710766142169
loc3881_pos114,FALSE,313,1,0.00319488817891374,0.998402555910543,0.00159744408945683,0.00318978452367579
loc3884_pos25,FALSE,298,1,0.00335570469798658,0.998322147651007,0.00167785234899331,0.00335007432097658
loc3887_pos38,FALSE,304,0,0,0.00328947368421053,0.99671052631579,0.00655730609418283
loc3890_pos72,TRUE,317,0,0,0.998422712933754,0.00157728706624605,0.0031495984635134
loc3892_pos6,FALSE,327,0,0,0.00305810397553517,0.996941896024465,0.00609750395121997
loc3894_pos12,FALSE,324,17,0.0524691358024691,0.0385802469135802,0.96141975308642,0.0741836229233349
loc3897_pos37,FALSE,292,4,0.0136986301369863,0.113013698630137,0.886986301369863,0.200483205104147
loc3900_pos38,FALSE,297,1,0.00336700336700337,0.998316498316498,0.00168350168350173,0.00336133501116676
loc3903_pos126,FALSE,309,1,0.00323624595469256,0.998381877022654,0.00161812297734631,0.003231009310753
loc3905_pos23,FALSE,302,1,0.0033112582781457,0.998344370860927,0.0016556291390728,0.00330577606245331
loc3910_pos82,FALSE,300,2,0.00666666666666667,0.99,0.01,0.0198
loc3914_pos20,FALSE,314,5,0.0159235668789809,0.874203821656051,0.125796178343949,0.219942999716013
loc3915_pos10,FALSE,326,9,0.0276073619631902,0.884969325153374,0.115030674846626,0.203597237381911
loc3918_pos12,FALSE,320,6,0.01875,0.9875,0.0125,0.0246874999999999
loc3920_pos29,FALSE,322,1,0.0031055900621118,0.998447204968944,0.00155279503105588,0.00310076771729481
loc3921_pos35,FALSE,306,7,0.022875816993464,0.132352941176471,0.86764705882353,0.229671280276817
loc3924_pos10,FALSE,325,1,0.00307692307692308,0.998461538461539,0.00153846153846149,0.00307218934911233
loc3925_pos22,FALSE,318,1,0.00314465408805031,0.998427672955975,0.00157232704402521,0.00313970966338368
loc3926_pos39,TRUE,286,0,0,0.998251748251748,0.00174825174825177,0.00349039072815301
loc3928_pos40,FALSE,332,0,0,0.996987951807229,0.00301204819277112,0.00600595151691109
loc3930_pos18,FALSE,303,1,0.0033003300330033,0.998349834983498,0.00165016501650161,0.00329488394383986
loc3933_pos10,FALSE,323,1,0.00309597523219814,0.998452012383901,0.00154798761609909,0.00309118270087899
loc3934_pos3,FALSE,305,5,0.0163934426229508,0.89344262295082,0.10655737704918,0.190405804891158
loc3937_pos2,FALSE,312,1,0.0032051282051282,0.998397435897436,0.0016025641025641,0.00319999178172254
loc3938_pos80,FALSE,291,1,0.00343642611683849,0.998281786941581,0.00171821305841924,0.00343052160461023
loc3941_pos47,FALSE,300,0,0,1,0,0
loc3943_pos4,FALSE,327,0,0,0.00305810397553517,0.996941896024465,0.00609750395121997
loc3945_pos39,TRUE,319,0,0,0.998432601880878,0.00156739811912221,0.00312988276451676
loc3946_pos26,FALSE,286,1,0.0034965034965035,0.998251748251748,0.00174825174825177,0.00349039072815301
loc3948_pos36,FALSE,325,1,0.00307692307692308,0.998461538461539,0.00153846153846149,0.00307218934911233
loc3951_pos0,FALSE,314,6,0.0191082802547771,0.127388535031847,0.872611464968153,0.222321392348574
loc3957_pos9,FALSE,320,4,0.0125,0.990625,0.00937500000000002,0.01857421875
loc3958_pos24,FALSE,324,119,0.367283950617284,0.674382716049383,0.325617283950617,0.439181336686481
loc3960_pos95,FALSE,321,1,0.00311526479750779,0.00155763239875389,0.998442367601246,0.00311041236012849
loc3962_pos46,FALSE,312,7,0.0224358974358974,0.870192307692308,0.129807692307692,0.225915310650888
loc3963_pos2,FALSE,329,1,0.00303951367781155,0.998480243161094,0.00151975683890582,0.00303489435611283
loc3964_pos64,FALSE,319,1,0.00313479623824451,0.998432601880878,0.00156739811912221,0.00312988276451676
loc3967_pos20,FALSE,297,1,0.00336700336700337,0.00168350168350168,0.998316498316498,0.00336133501116666
loc3968_pos4,FALSE,327,1,0.00305810397553517,0.998470948012232,0.00152905198776754,0.00305342797557248
loc3969_pos41,FALSE,329,0,0,0.00303951367781155,0.996960486322188,0.00606055006882789
loc3970_pos7,FALSE,332,126,0.379518072289157,0.442771084337349,0.557228915662651,0.493449702424154
loc3971_pos142,FALSE,323,7,0.021671826625387,0.125386996904025,0.874613003095975,0.21933019582283
loc3973_pos24,FALSE,333,7,0.021021021021021,0.133633633633634,0.866366366366366,0.231551371191011
loc3975_pos10,FALSE,314,113,0.359872611464968,0.418789808917197,0.581210191082802,0.486809809728589
loc3977_pos135,FALSE,303,1,0.0033003300330033,0.998349834983498,0.00165016501650161,0.00329488394383986
loc3982_pos135,FALSE,295,1,0.00338983050847458,0.998305084745763,0.00169491525423726,0.00338408503303643
loc3983_pos64,FALSE,338,0,0,0.0029585798816568,0.997041420118343,0.00589965337348132
loc3984_pos26,FALSE,323,18,0.0557275541795666,0.956656346749226,0.0433436532507739,0.0829299619473012
loc3986_pos25,FALSE,323,1,0.00309597523219814,0.998452012383901,0.00154798761609909,0.00309118270087899
loc3988_pos22,FALSE,321,1,0.00311526479750779,0.998442367601246,0.00155763239875384,0.00311041236012838
loc3989_pos17,FALSE,323,1,0.00309597523219814,0.998452012383901,0.00154798761609909,0.00309118270087899
loc3990_pos106,FALSE,317,1,0.00315457413249211,0.998422712933754,0.00157728706624605,0.0031495984635134
loc3991_pos29,FALSE,288,2,0.00694444444444444,0.996527777777778,0.00347222222222221,0.00692033179012343
loc3993_pos44,FALSE,316,18,0.0569620253164557,0.89873417721519,0.10126582278481,0.182022111841051
loc3994_pos96,FALSE,304,1,0.00328947368421053,0.998355263157895,0.00164473684210531,0.00328406336565106
loc3996_pos36,FALSE,322,89,0.27639751552795,0.78416149068323,0.21583850931677,0.338504494425369
loc4000_pos17,TRUE,324,156,0.481481481481481,0.540123456790123,0.459876543209877,0.496780216430422
loc4001_pos62,FALSE,334,1,0.0029940119760479,0.998502994011976,0.00149700598802394,0.00298952992219151
loc4006_pos73,FALSE,318,14,0.0440251572327044,0.974842767295597,0.0251572327044025,0.0490486926941181
loc4012_pos41,FALSE,333,16,0.048048048048048,0.951951951951952,0.0480480480480481,0.0914788662536411
loc4014_pos26,FALSE,304,2,0.00657894736842105,0.99671052631579,0.00328947368421051,0.00655730609418279
loc4015_pos28,FALSE,331,0,0,1,0,0
loc4017_pos16,FALSE,320,1,0.003125,0.9984375,0.00156250000000002,0.00312011718750004
loc4018_pos6,FALSE,301,1,0.00332225913621262,0.998338870431894,0.00166112956810627,0.00331674043332846
loc4020_pos58,FALSE,326,0,0,0.00306748466257669,0.996932515337423,0.00611615040084309
loc4022_pos19,FALSE,305,1,0.00327868852459016,0.998360655737705,0.00163934426229506,0.00327331362536948
loc4023_pos12,TRUE,324,0,0,0.87962962962963,0.12037037037037,0.21176268861454
loc4024_pos25,FALSE,284,1,0.00352112676056338,0.994718309859155,0.00528169014084512,0.0105075877802024
loc4026_pos116,FALSE,302,1,0.0033112582781457,0.998344370860927,0.0016556291390728,0.00330577606245331
loc4027_pos9,FALSE,312,0,0,1,0,0
loc4031_pos30,FALSE,318,1,0.00314465408805031,0.998427672955975,0.00157232704402521,0.00313970966338368
loc4032_pos35,FALSE,333,4,0.012012012012012,0.990990990990991,0.00900900900900903,0.0178556935313692
loc4033_pos2,FALSE,321,0,0,0.00311526479750779,0.996884735202492,0.00621111984549839
loc4034_pos2,FALSE,314,1,0.00318471337579618,0.00477707006369427,0.995222929936306,0.00950849933060165
loc4039_pos4,FALSE,328,1,0.00304878048780488,0.998475609756098,0.00152439024390238,0.00304413295657336
loc4040_pos22,FALSE,294,1,0.00340136054421769,0.998299319727891,0.00170068027210879,0.0033955759174417
loc4041_pos62,FALSE,330,16,0.0484848484848485,0.948484848484848,0.0515151515151515,0.097722681359045
loc4043_pos77,FALSE,324,22,0.0679012345679012,0.148148148148148,0.851851851851852,0.252400548696845
loc4045_pos28,FALSE,313,0,0,0.996805111821086,0.00319488817891378,0.00636936173687603
loc4046_pos6,FALSE,304,1,0.00328947368421053,0.995065789473684,0.00493421052631582,0.00981972818559563
loc4048_pos32,FALSE,324,1,0.00308641975308642,0.998456790123457,0.00154320987654322,0.00308165675964031
loc4051_pos6,FALSE,287,1,0.00348432055749129,0.998257839721254,0.00174216027874563,0.00347825031261758
loc4054_pos4,FALSE,320,15,0.046875,0.9609375,0.0390625,0.0750732421875
loc4058_pos6,FALSE,302,1,0.0033112582781457,0.998344370860927,0.0016556291390728,0.00330577606245331
loc4061_pos33,FALSE,320,16,0.05,0.88125,0.11875,0.209296875
loc4063_pos9,FALSE,305,0,0,1,0,0
loc4064_pos38,FALSE,318,1,0.00314465408805031,0.998427672955975,0.00157232704402521,0.00313970966338368
loc4066_pos12,FALSE,325,1,0.00307692307692308,0.998461538461539,0.00153846153846149,0.00307218934911233
loc4073_pos43,FALSE,349,2,0.00573065902578797,0.00286532951289398,0.997134670487106,0.00571423879935304
loc4079_pos4,FALSE,297,2,0.00673400673400673,0.98989898989899,0.0101010101010101,0.0199979593918987
loc4081_pos22,FALSE,300,1,0.00333333333333333,0.998333333333333,0.0016666666666667,0.00332777777777785
loc4082_pos47,FALSE,307,1,0.00325732899022801,0.00488599348534202,0.995114006514658,0.00972424110600643
loc4083_pos9,FALSE,318,1,0.00314465408805031,0.00157232704402516,0.998427672955975,0.00313970966338357
loc4084_pos0,FALSE,305,0,0,1,0,0
loc4085_pos8,FALSE,299,5,0.0167224080267559,0.988294314381271,0.0117056856187291,0.0231373250858491
loc4086_pos3,FALSE,314,0,0,0.00318471337579618,0.996815286624204,0.00634914195302041
loc4087_pos165,TRUE,313,0,0,0.998402555910543,0.00159744408945683,0.00318978452367579
loc4093_pos11,FALSE,291,1,0.00343642611683849,0.998281786941581,0.00171821305841924,0.00343052160461023
loc4101_pos19,FALSE,316,0,0,0.00316455696202532,0.996835443037975,0.00630908508251883
loc4105_pos94,FALSE,292,3,0.0102739726027397,0.99486301369863,0.00513698630136983,0.0102211953462187
loc4107_pos8,FALSE,315,22,0.0698412698412698,0.126984126984127,0.873015873015873,0.221718316956412
loc4111_pos49,FALSE,318,0,0,1,0,0
loc4113_pos67,FALSE,298,1,0.00335570469798658,0.998322147651007,0.00167785234899331,0.00335007432097658
loc4115_pos18,FALSE,318,1,0.00314465408805031,0.998427672955975,0.00157232704402521,0.00313970966338368
loc4116_pos15,FALSE,339,0,0,1,0,0
loc4118_pos10,FALSE,323,1,0.00309597523219814,0.998452012383901,0.00154798761609909,0.00309118270087899
loc4120_pos20,FALSE,326,0,0,0.00306748466257669,0.996932515337423,0.00611615040084309
loc4122_pos31,FALSE,306,1,0.00326797385620915,0.998366013071895,0.00163398692810457,0.00326263402964671
loc4126_pos14,FALSE,309,102,0.330097087378641,0.676375404530744,0.323624595469256,0.437783433353233
loc4127_pos17,FALSE,345,0,0,1,0,0
loc4129_pos6,TRUE,316,0,0,0.998417721518987,0.00158227848101267,0.00315954975164238
loc4131_pos33,FALSE,286,45,0.157342657342657,0.847902097902098,0.152097902097902,0.257928260550638
loc4132_pos99,FALSE,283,0,0,0.00353356890459364,0.996466431095406,0.00704216559078026
loc4137_pos38,FALSE,332,1,0.00301204819277108,0.998493975903614,0.00150602409638556,0.00300751197561333
loc4138_pos40,FALSE,286,1,0.0034965034965035,0.998251748251748,0.00174825174825177,0.00349039072815301
loc4140_pos15,FALSE,308,6,0.0194805194805195,0.918831168831169,0.0811688311688312,0.149160904031034
loc4141_pos27,FALSE,320,0,0,0.996875,0.00312500000000004,0.00623046875000009
loc4142_pos44,FALSE,326,13,0.0398773006134969,0.964723926380368,0.0352760736196319,0.0680633444992285
loc4144_pos34,FALSE,327,1,0.00305810397553517,0.998470948012232,0.00152905198776754,0.00305342797557248
loc4145_pos14,FALSE,324,0,0,0.00308641975308642,0.996913580246914,0.00615378753238835
loc4146_pos3,FALSE,303,1,0.0033003300330033,0.998349834983498,0.00165016501650161,0.00329488394383986
loc4149_pos57,FALSE,335,8,0.0238805970149254,0.988059701492537,0.0119402985074627,0.0235954555580308
loc4152_pos22,FALSE,312,1,0.0032051282051282,0.998397435897436,0.0016025641025641,0.00319999178172254
loc4154_pos63,FALSE,297,1,0.00336700336700337,0.998316498316498,0.00168350168350173,0.00336133501116676
loc4159_pos5,FALSE,324,1,0.00308641975308642,0.998456790123457,0.00154320987654322,0.00308165675964031
loc4162_pos2,FALSE,298,1,0.00335570469798658,0.998322147651007,0.00167785234899331,0.00335007432097658
loc4163_pos32,FALSE,323,1,0.00309597523219814,0.998452012383901,0.00154798761609909,0.00309118270087899
loc4165_pos32,FALSE,318,6,0.0188679245283019,0.128930817610063,0.871069182389937,0.224615323760927
loc4167_pos13,FALSE,286,5,0.0174825174825175,0.0646853146853147,0.935314685314685,0.121002249498753
loc4172_pos125,FALSE,292,1,0.00342465753424658,0.998287671232877,0.00171232876712324,0.00341879339463304
loc4175_pos33,FALSE,330,0,0,0.00303030303030303,0.996969696969697,0.00604224058769513
loc4176_pos29,FALSE,323,22,0.0681114551083591,0.928792569659443,0.0712074303405573,0.132273864409704
loc4181_pos5,FALSE,286,16,0.0559440559440559,0.972027972027972,0.027972027972028,0.0543791872463202
loc4189_pos32,FALSE,313,0,0,0.00319488817891374,0.996805111821086,0.00636936173687595
loc4190_pos19,FALSE,323,1,0.00309597523219814,0.998452012383901,0.00154798761609909,0.00309118270087899
loc4193_pos7,FALSE,294,10,0.0340136054421769,0.982993197278912,0.0170068027210885,0.0334351427645889
loc4196_pos131,FALSE,290,0,0,0.00344827586206897,0.996551724137931,0.00687277051129608
loc4202_pos30,FALSE,314,19,0.0605095541401274,0.036624203821656,0.963375796178344,0.0705657430321717
loc4205_pos39,FALSE,336,1,0.00297619047619048,0.998511904761905,0.00148809523809523,0.00297176162131518
loc4206_pos11,FALSE,284,115,0.404929577464789,0.589788732394366,0.410211267605634,0.483875967070026
loc4207_pos9,FALSE,311,1,0.00321543408360129,0.998392282958199,0.00160771704180063,0.00321026457542826
loc4208_pos121,FALSE,311,23,0.0739549839228296,0.0434083601286174,0.956591639871383,0.0830481487991233
loc4210_pos0,FALSE,296,17,0.0574324324324324,0.920608108108108,0.0793918918918919,0.146177638787436
loc4211_pos26,FALSE,302,2,0.00662251655629139,0.996688741721854,0.00331125827814571,0.00660058769352225
loc4214_pos34,FALSE,284,1,0.00352112676056338,0.998239436619718,0.00176056338028174,0.00351492759373151
loc4217_pos14,FALSE,327,92,0.281345565749235,0.782874617737003,0.217125382262997,0.339963901280289
loc4218_pos5,FALSE,321,55,0.171339563862928,0.855140186915888,0.144859813084112,0.247750895274696
loc4219_pos18,FALSE,283,1,0.00353356890459364,0.998233215547703,0.00176678445229683,0.00352732584999191
loc4221_pos3,FALSE,330,1,0.00303030303030303,0.998484848484849,0.00151515151515147,0.00302571166207521
loc4223_pos21,FALSE,331,110,0.332326283987915,0.495468277945619,0.504531722054381,0.499958926990444
loc4226_pos11,FALSE,315,6,0.019047619047619,0.987301587301587,0.0126984126984127,0.0250743260267069
loc4228_pos61,FALSE,321,2,0.00623052959501558,0.996884735202492,0.00311526479750779,0.0062111198454984
loc4229_pos22,FALSE,310,8,0.0258064516129032,0.0129032258064516,0.987096774193548,0.0254734651404787
loc4230_pos0,FALSE,301,0,0,0.00332225913621262,0.996677740863787,0.00662244346088895
loc4231_pos31,FALSE,318,1,0.00314465408805031,0.998427672955975,0.00157232704402521,0.00313970966338368
loc4233_pos23,FALSE,322,1,0.0031055900621118,0.998447204968944,0.00155279503105588,0.00310076771729481
loc4234_pos100,FALSE,289,9,0.0311418685121107,0.0155709342560554,0.984429065743945,0.0306569605248979
loc4235_pos115,FALSE,321,0,0,1,0,0
loc4237_pos61,FALSE,331,4,0.0120845921450151,0.00604229607250755,0.993957703927492,0.0120115734613594
loc4238_pos24,FALSE,312,2,0.00641025641025641,0.871794871794872,0.128205128205128,0.22353714661407
loc4239_pos44,FALSE,320,1,0.003125,0.9984375,0.00156250000000002,0.00312011718750004
loc4241_pos40,FALSE,295,3,0.0101694915254237,0.940677966101695,0.059322033898305,0.111605860384947
loc4242_pos33,FALSE,305,2,0.00655737704918033,0.99672131147541,0.00327868852459012,0.00653587745229769
loc4244_pos144,FALSE,307,13,0.0423452768729642,0.936482084690554,0.0635179153094463,0.118966779488377
loc4245_pos4,FALSE,326,1,0.00306748466257669,0.998466257668712,0.00153374233128833,0.0030627799314991
loc4246_pos8,FALSE,324,0,0,0.00308641975308642,0.996913580246914,0.00615378753238835
loc4250_pos17,FALSE,299,0,0,0.00334448160535117,0.996655518394649,0.00666659209628528
loc4252_pos10,FALSE,297,13,0.0437710437710438,0.971380471380471,0.0286195286195287,0.0556009024022493
loc4254_pos33,FALSE,301,4,0.0132890365448505,0.0465116279069767,0.953488372093023,0.0886965927528394
loc4256_pos14,FALSE,281,2,0.00711743772241993,0.97508896797153,0.0249110320284698,0.0485809450234927
loc4258_pos11,FALSE,322,108,0.335403726708075,0.22360248447205,0.77639751552795,0.347208826819953
loc4261_pos24,FALSE,288,25,0.0868055555555556,0.147569444444444,0.852430555555556,0.251585407021605
loc4264_pos4,FALSE,301,1,0.00332225913621262,0.998338870431894,0.00166112956810627,0.00331674043332846
loc4266_pos17,FALSE,329,71,0.21580547112462,0.737082066869301,0.262917933130699,0.387584187137961
loc4268_pos13,FALSE,325,1,0.00307692307692308,0.998461538461539,0.00153846153846149,0.00307218934911233
loc4271_pos3,FALSE,289,1,0.00346020761245675,0.998269896193772,0.0017301038062284,0.00345422109409615
loc4275_pos3,FALSE,293,1,0.00341296928327645,0.998293515358362,0.00170648464163825,0.00340714510361221
loc4276_pos11,FALSE,331,1,0.00302114803625378,0.998489425981873,0.00151057401812693,0.00301658436852538
loc4277_pos13,TRUE,312,0,0,0.951923076923077,0.0480769230769231,0.0915310650887575
loc4280_pos2,FALSE,327,1,0.00305810397553517,0.998470948012232,0.00152905198776754,0.00305342797557248
loc4282_pos10,FALSE,321,0,0,0.00311526479750779,0.996884735202492,0.00621111984549839
loc4292_pos28,FALSE,291,1,0.00343642611683849,0.00171821305841924,0.998281786941581,0.00343052160461024
loc4293_pos2,FALSE,323,16,0.0495356037151703,0.897832817337461,0.102167182662539,0.183458098898676
loc4295_pos3,FALSE,321,9,0.0280373831775701,0.113707165109034,0.886292834890966,0.201555691423802
loc4298_pos12,FALSE,323,1,0.00309597523219814,0.998452012383901,0.00154798761609909,0.00309118270087899
loc4301_pos21,FALSE,318,15,0.0471698113207547,0.976415094339623,0.0235849056603774,0.046057315770737
loc4304_pos6,FALSE,308,0,0,0.00324675324675325,0.996753246753247,0.00647242368021589
loc4305_pos13,FALSE,311,1,0.00321543408360129,0.998392282958199,0.00160771704180063,0.00321026457542826
loc4307_pos12,FALSE,325,1,0.00307692307692308,0.998461538461539,0.00153846153846149,0.00307218934911233
loc4308_pos18,TRUE,291,0,0,0.0395189003436426,0.960481099656357,0.0759143137185437
loc4309_pos80,FALSE,325,1,0.00307692307692308,0.998461538461539,0.00153846153846149,0.00307218934911233
loc4310_pos30,FALSE,329,1,0.00303951367781155,0.998480243161094,0.00151975683890582,0.00303489435611283
loc4312_pos41,FALSE,303,0,0,0.0033003300330033,0.996699669966997,0.00657887570935311
loc4314_pos26,FALSE,320,15,0.046875,0.9640625,0.0359375,0.0692919921874999
loc4315_pos8,FALSE,334,0,0,0.0029940119760479,0.997005988023952,0.00597009573667037
loc4316_pos8,FALSE,319,2,0.00626959247648903,0.996865203761755,0.00313479623824453,0.00624993858157844
loc4317_pos12,FALSE,317,0,0,0.00315457413249211,0.996845425867508,0.00628924558906945
loc4318_pos19,FALSE,283,1,0.00353356890459364,0.998233215547703,0.00176678445229683,0.00352732584999191
loc4319_pos6,FALSE,314,1,0.00318471337579618,0.998407643312102,0.00159235668789814,0.0031796421761533
loc4320_pos49,FALSE,305,0,0,0.00327868852459016,0.99672131147541,0.00653587745229777
loc4324_pos17,FALSE,330,5,0.0151515151515152,0.00757575757575758,0.992424242424242,0.0150367309458219
loc4325_pos11,FALSE,326,14,0.0429447852760736,0.97239263803681,0.0276073619631901,0.0536903910572471
loc4327_pos11,FALSE,343,30,0.087463556851312,0.927113702623907,0.0728862973760933,0.135147770061794
loc4328_pos80,FALSE,285,7,0.0245614035087719,0.945614035087719,0.0543859649122806,0.102856263465682
loc4333_pos3,FALSE,330,2,0.00606060606060606,0.996969696969697,0.00303030303030305,0.00604224058769517
loc4334_pos18,FALSE,311,1,0.00321543408360129,0.998392282958199,0.00160771704180063,0.00321026457542826
loc4337_pos94,FALSE,289,0,0,0.00346020761245675,0.996539792387543,0.00689646915147089
loc4343_pos15,FALSE,283,1,0.00353356890459364,0.998233215547703,0.00176678445229683,0.00352732584999191
loc4346_pos17,TRUE,300,67,0.223333333333333,0.651666666666667,0.348333333333333,0.453994444444444
loc4349_pos27,FALSE,330,2,0.00606060606060606,0.990909090909091,0.00909090909090904,0.0180165289256197
loc4352_pos11,TRUE,328,2,0.00609756097560976,0.995426829268293,0.00457317073170727,0.00910451368233184
loc4354_pos18,FALSE,294,1,0.00340136054421769,0.998299319727891,0.00170068027210879,0.0033955759174417
loc4355_pos14,FALSE,311,1,0.00321543408360129,0.998392282958199,0.00160771704180063,0.00321026457542826
loc4357_pos1,FALSE,316,2,0.00632911392405063,0.996835443037975,0.00316455696202533,0.00630908508251886
loc4359_pos30,FALSE,296,64,0.216216216216216,0.834459459459459,0.165540540540541,0.276273739956172
loc4364_pos33,FALSE,314,0,0,0.00318471337579618,0.996815286624204,0.00634914195302041
loc4366_pos19,FALSE,326,87,0.266871165644172,0.188650306748466,0.811349693251534,0.306122737024352
loc4367_pos6,FALSE,330,3,0.00909090909090909,0.995454545454545,0.00454545454545452,0.00904958677685945
loc4368_pos70,FALSE,308,1,0.00324675324675325,0.998376623376623,0.00162337662337664,0.00324148254343062
loc4372_pos12,FALSE,319,0,0,0.00313479623824451,0.996865203761755,0.0062499385815784
loc4373_pos39,FALSE,328,19,0.0579268292682927,0.0899390243902439,0.910060975609756,0.16369999256395
loc4374_pos115,FALSE,327,1,0.00305810397553517,0.998470948012232,0.00152905198776754,0.00305342797557248
loc4376_pos8,FALSE,299,36,0.120401337792642,0.882943143812709,0.117056856187291,0.206709097213678
loc4377_pos2,FALSE,306,0,0,0.983660130718954,0.0163398692810458,0.0321457559058483
loc4379_pos29,FALSE,309,1,0.00323624595469256,0.998381877022654,0.00161812297734631,0.003231009310753
loc4380_pos24,TRUE,298,0,0,0.998322147651007,0.00167785234899331,0.00335007432097658
loc4381_pos14,FALSE,288,4,0.0138888888888889,0.986111111111111,0.0138888888888888,0.0273919753086419
loc4384_pos64,FALSE,308,1,0.00324675324675325,0.998376623376623,0.00162337662337664,0.00324148254343062
loc4385_pos33,FALSE,309,13,0.0420711974110032,0.959546925566343,0.040453074433657,0.077633246405044
loc4388_pos7,FALSE,329,0,0,0.996960486322188,0.00303951367781152,0.00606055006882784
loc4391_pos22,FALSE,284,43,0.151408450704225,0.89612676056338,0.10387323943662,0.186167179131125
loc4395_pos5,FALSE,310,1,0.0032258064516129,0.00161290322580645,0.998387096774194,0.00322060353798127
loc4396_pos29,FALSE,322,2,0.0062111801242236,0.996894409937888,0.00310559006211175,0.00619189074495573
loc4398_pos36,FALSE,316,1,0.00316455696202532,0.998417721518987,0.00158227848101267,0.00315954975164238
loc4399_pos17,FALSE,284,5,0.0176056338028169,0.984154929577465,0.0158450704225352,0.0311880083316803
loc4400_pos133,FALSE,336,1,0.00297619047619048,0.998511904761905,0.00148809523809523,0.00297176162131518
loc4402_pos13,FALSE,329,0,0,1,0,0
loc4403_pos94,FALSE,328,1,0.00304878048780488,0.998475609756098,0.00152439024390238,0.00304413295657336
loc4407_pos53,FALSE,325,1,0.00307692307692308,0.998461538461539,0.00153846153846149,0.00307218934911233
loc4408_pos13,FALSE,329,29,0.088145896656535,0.0775075987841945,0.922492401215805,0.143000341829806
loc4409_pos4,FALSE,329,2,0.0060790273556231,0.996960486322188,0.00303951367781152,0.00606055006882784
loc4412_pos19,TRUE,304,0,0,0.993421052631579,0.00657894736842102,0.0130713296398891
loc4420_pos107,FALSE,280,0,0,1,0,0
loc4422_pos21,FALSE,304,0,0,0.00328947368421053,0.99671052631579,0.00655730609418283
loc4423_pos30,FALSE,318,0,0,0.00314465408805031,0.99685534591195,0.00626953047743365
loc4424_pos23,FALSE,322,1,0.0031055900621118,0.998447204968944,0.00155279503105588,0.00310076771729481
loc4425_pos21,FALSE,318,1,0.00314465408805031,0.998427672955975,0.00157232704402521,0.00313970966338368
loc4428_pos18,FALSE,314,29,0.0923566878980892,0.950636942675159,0.0493630573248408,0.0938526917927706
loc4429_pos2,FALSE,294,1,0.00340136054421769,0.998299319727891,0.00170068027210879,0.0033955759174417
loc4430_pos5,FALSE,337,1,0.0029673590504451,0.998516320474777,0.00148367952522255,0.00296295644057797
loc4432_pos0,FALSE,303,1,0.0033003300330033,0.998349834983498,0.00165016501650161,0.00329488394383986
loc4436_pos5,FALSE,331,1,0.00302114803625378,0.998489425981873,0.00151057401812693,0.00301658436852538
loc4437_pos11,FALSE,291,1,0.00343642611683849,0.998281786941581,0.00171821305841924,0.00343052160461023
loc4438_pos27,FALSE,289,6,0.0207612456747405,0.972318339100346,0.027681660899654,0.0538307730989811
loc4439_pos99,FALSE,321,0,0,0.00311526479750779,0.996884735202492,0.00621111984549839
loc4440_pos11,FALSE,315,1,0.00317460317460317,0.998412698412698,0.00158730158730158,0.00316956412194506
loc4443_pos16,FALSE,327,0,0,0.996941896024465,0.00305810397553519,0.00609750395122
loc4444_pos104,FALSE,317,4,0.0126182965299685,0.123028391167192,0.876971608832808,0.215784812268009
loc4445_pos103,FALSE,323,1,0.00309597523219814,0.998452012383901,0.00154798761609909,0.00309118270087899
loc4449_pos31,FALSE,324,1,0.00308641975308642,0.998456790123457,0.00154320987654322,0.00308165675964031
loc4450_pos39,FALSE,317,64,0.201892744479495,0.867507886435331,0.132492113564669,0.229875906815671
loc4454_pos7,FALSE,313,1,0.00319488817891374,0.998402555910543,0.00159744408945683,0.00318978452367579
loc4455_pos30,FALSE,315,0,0,0.996825396825397,0.00317460317460316,0.00632905013857393
loc4460_pos14,FALSE,314,8,0.0254777070063694,0.987261146496815,0.0127388535031847,0.0251531502292182
loc4461_pos43,FALSE,328,0,0,0.00304878048780488,0.996951219512195,0.00607897085068412
loc4462_pos55,FALSE,299,56,0.187290969899666,0.849498327759197,0.150501672240803,0.255701837787049
loc4463_pos120,FALSE,333,6,0.018018018018018,0.990990990990991,0.00900900900900903,0.0178556935313692
loc4464_pos60,FALSE,292,3,0.0102739726027397,0.00513698630136986,0.99486301369863,0.0102211953462188
loc4465_pos147,TRUE,319,0,0,0.998432601880878,0.00156739811912221,0.00312988276451676
loc4466_pos7,FALSE,302,0,0,0.0033112582781457,0.996688741721854,0.00660058769352221
loc4470_pos13,FALSE,297,17,0.0572390572390572,0.14983164983165,0.85016835016835,0.254764253080751
loc4471_pos9,TRUE,328,0,0,0.998475609756098,0.00152439024390238,0.00304413295657336
loc4473_pos10,FALSE,312,1,0.0032051282051282,0.998397435897436,0.0016025641025641,0.00319999178172254
loc4474_pos20,FALSE,324,9,0.0277777777777778,0.125,0.875,0.21875
loc4477_pos107,FALSE,311,0,0,0.00321543408360129,0.996784565916399,0.0064101901345106
loc4481_pos112,FALSE,318,6,0.0188679245283019,0.125786163522013,0.874213836477987,0.219928009176852
loc4482_pos30,FALSE,309,1,0.00323624595469256,0.998381877022654,0.00161812297734631,0.003231009310753
loc4484_pos76,FALSE,297,1,0.00336700336700337,0.998316498316498,0.00168350168350173,0.00336133501116676
loc4487_pos42,FALSE,314,9,0.0286624203821656,0.138535031847134,0.861464968152866,0.238686153596495
loc4490_pos7,FALSE,324,7,0.0216049382716049,0.0108024691358025,0.989197530864197,0.021371551592745
loc4492_pos8,TRUE,323,5,0.0154798761609907,0.990712074303406,0.00928792569659442,0.0184033202656979
loc4496_pos41,FALSE,317,7,0.0220820189274448,0.966876971608833,0.0331230283911672,0.0640517867627303
loc4499_pos30,TRUE,298,0,0,0.998322147651007,0.00167785234899331,0.00335007432097658
loc4501_pos38,FALSE,302,1,0.0033112582781457,0.998344370860927,0.0016556291390728,0.00330577606245331
loc4502_pos3,FALSE,331,1,0.00302114803625378,0.00453172205438067,0.995468277945619,0.00902237109920501
loc4504_pos4,FALSE,313,5,0.0159744408945687,0.905750798722045,0.0942492012779552,0.170732578672845
loc4505_pos1,FALSE,323,52,0.160990712074303,0.111455108359133,0.888544891640867,0.198065734359574
loc4508_pos9,FALSE,332,19,0.0572289156626506,0.920180722891566,0.0798192771084337,0.146896320220642
loc4509_pos73,FALSE,330,1,0.00303030303030303,0.998484848484849,0.00151515151515147,0.00302571166207521
loc4515_pos16,FALSE,325,1,0.00307692307692308,0.998461538461539,0.00153846153846149,0.00307218934911233
loc4516_pos56,FALSE,328,8,0.024390243902439,0.13719512195122,0.86280487804878,0.236745240928019
loc4523_pos3,FALSE,322,1,0.0031055900621118,0.998447204968944,0.00155279503105588,0.00310076771729481
loc4526_pos22,FALSE,283,2,0.00706713780918728,0.996466431095406,0.00353356890459366,0.00704216559078031
loc4532_pos14,FALSE,287,15,0.0522648083623693,0.95993031358885,0.0400696864111498,0.0769282132841239
loc4535_pos55,FALSE,303,1,0.0033003300330033,0.998349834983498,0.00165016501650161,0.00329488394383986
loc4536_pos36,FALSE,320,1,0.003125,0.9984375,0.00156250000000002,0.00312011718750004
loc4539_pos18,FALSE,307,16,0.0521172638436482,0.970684039087948,0.0293159609120521,0.0569130706957103
loc4541_pos68,FALSE,332,7,0.0210843373493976,0.875,0.125,0.21875
loc4542_pos1,FALSE,292,0,0,0.996575342465753,0.00342465753424659,0.00682585851003943
loc4543_pos61,FALSE,319,4,0.0125391849529781,0.993730407523511,0.00626959247648906,0.0124605693733356
loc4545_pos15,FALSE,325,1,0.00307692307692308,0.998461538461539,0.00153846153846149,0.00307218934911233
loc4553_pos97,FALSE,287,1,0.00348432055749129,0.984320557491289,0.0156794425087108,0.0308671951826536
loc4554_pos26,FALSE,307,136,0.44299674267101,0.596091205211726,0.403908794788274,0.481532960561916
loc4555_pos2,FALSE,317,2,0.00630914826498423,0.996845425867508,0.00315457413249209,0.00628924558906941
loc4558_pos77,FALSE,313,1,0.00319488817891374,0.998402555910543,0.00159744408945683,0.00318978452367579
loc4564_pos18,FALSE,284,0,0,0.996478873239437,0.00352112676056338,0.00701745685379884
loc4567_pos60,FALSE,296,6,0.0202702702702703,0.118243243243243,0.881756756756757,0.208523557341125
loc4569_pos7,FALSE,317,1,0.00315457413249211,0.998422712933754,0.00157728706624605,0.0031495984635134
loc4570_pos28,FALSE,335,1,0.00298507462686567,0.998507462686567,0.0014925373134328,0.00298061929160161
loc4571_pos13,FALSE,318,1,0.00314465408805031,0.00157232704402516,0.998427672955975,0.00313970966338357
loc4572_pos2,FALSE,338,1,0.0029585798816568,0.0014792899408284,0.998520710059172,0.00295420328419873
loc4574_pos29,FALSE,335,1,0.00298507462686567,0.998507462686567,0.0014925373134328,0.00298061929160161
loc4576_pos49,FALSE,321,1,0.00311526479750779,0.989096573208723,0.0109034267912772,0.0215690841509689
loc4577_pos22,FALSE,331,10,0.0302114803625378,0.120845921450151,0.879154078549849,0.21248436943803
loc4581_pos7,FALSE,327,1,0.00305810397553517,0.998470948012232,0.00152905198776754,0.00305342797557248
loc4582_pos37,FALSE,305,1,0.00327868852459016,0.998360655737705,0.00163934426229506,0.00327331362536948
loc4583_pos5,FALSE,327,81,0.247706422018349,0.77217125382263,0.22782874617737,0.351845617185235
loc4584_pos2,FALSE,301,13,0.0431893687707641,0.0215946843853821,0.978405315614618,0.0422567079833556
loc4585_pos6,FALSE,307,1,0.00325732899022801,0.998371335504886,0.00162866449511401,0.00325202389415272
loc4587_pos7,FALSE,328,20,0.0609756097560976,0.957317073170732,0.0426829268292683,0.0817221891731113
loc4591_pos56,FALSE,315,0,0,1,0,0
loc4593_pos6,FALSE,331,1,0.00302114803625378,0.998489425981873,0.00151057401812693,0.00301658436852538
loc4596_pos17,FALSE,317,1,0.00315457413249211,0.998422712933754,0.00157728706624605,0.0031495984635134
loc4599_pos49,FALSE,285,2,0.00701754385964912,0.996491228070175,0.00350877192982457,0.0069929208987381
loc4603_pos38,FALSE,329,19,0.0577507598784195,0.916413373860182,0.0835866261398176,0.15319980414076
loc4605_pos59,FALSE,315,1,0.00317460317460317,0.998412698412698,0.00158730158730158,0.00316956412194506
loc4608_pos16,FALSE,304,0,0,0.00328947368421053,0.99671052631579,0.00655730609418283
loc4610_pos15,FALSE,280,0,0,1,0,0
loc4611_pos12,FALSE,305,1,0.00327868852459016,0.998360655737705,0.00163934426229506,0.00327331362536948
loc4612_pos17,FALSE,316,3,0.00949367088607595,0.995253164556962,0.004746835443038,0.00944860599262944
loc4613_pos23,FALSE,310,0,0,0.0032258064516129,0.996774193548387,0.00643080124869927
loc4615_pos10,FALSE,322,1,0.0031055900621118,0.998447204968944,0.00155279503105588,0.00310076771729481
loc4617_pos7,FALSE,306,0,0,0.0065359477124183,0.993464052287582,0.0129864581998377
loc4619_pos34,FALSE,308,2,0.00649350649350649,0.993506493506494,0.00649350649350644,0.0129026817338505
loc4620_pos12,FALSE,319,1,0.00313479623824451,0.998432601880878,0.00156739811912221,0.00312988276451676
loc4624_pos53,FALSE,285,0,0,0.996491228070175,0.00350877192982457,0.0069929208987381
loc4626_pos105,FALSE,304,1,0.00328947368421053,0.998355263157895,0.00164473684210531,0.00328406336565106
loc4627_pos13,FALSE,291,1,0.00343642611683849,0.998281786941581,0.00171821305841924,0.00343052160461023
loc4628_pos22,FALSE,319,11,0.0344827586206897,0.0235109717868339,0.976489028213166,0.0459164119849451
loc4629_pos44,FALSE,305,4,0.0131147540983607,0.934426229508197,0.0655737704918032,0.122547702230583
loc4630_pos49,FALSE,326,25,0.0766871165644172,0.952453987730061,0.0475460122699386,0.0905707779743309
loc4635_pos19,FALSE,292,1,0.00342465753424658,0.998287671232877,0.00171232876712324,0.00341879339463304
loc4636_pos11,FALSE,330,0,0,1,0,0
loc4640_pos87,FALSE,314,1,0.00318471337579618,0.998407643312102,0.00159235668789814,0.0031796421761533
loc4642_pos28,FALSE,312,15,0.0480769230769231,0.963141025641026,0.0368589743589743,0.0710007807363576
loc4644_pos18,FALSE,321,1,0.00311526479750779,0.00467289719626168,0.995327102803738,0.0093021224561097
loc4646_pos28,FALSE,317,107,0.337539432176656,0.714511041009464,0.285488958990536,0.407970026570072
loc4648_pos15,FALSE,329,101,0.306990881458967,0.351063829787234,0.648936170212766,0.455636034404708
loc4650_pos38,FALSE,284,2,0.00704225352112676,0.996478873239437,0.00352112676056338,0.00701745685379884
loc4651_pos4,FALSE,315,0,0,0.00317460317460317,0.996825396825397,0.00632905013857395
loc4652_pos5,FALSE,311,105,0.337620578778135,0.30064308681672,0.69935691318328,0.420513642332069
loc4657_pos22,FALSE,322,1,0.0031055900621118,0.998447204968944,0.00155279503105588,0.00310076771729481
loc4658_pos16,FALSE,326,13,0.0398773006134969,0.980061349693252,0.0199386503067485,0.0390822010613873
loc4659_pos19,FALSE,319,1,0.00313479623824451,0.998432601880878,0.00156739811912221,0.00312988276451676
loc4661_pos22,FALSE,332,1,0.00301204819277108,0.998493975903614,0.00150602409638556,0.00300751197561333
loc4662_pos21,FALSE,311,1,0.00321543408360129,0.998392282958199,0.00160771704180063,0.00321026457542826
loc4665_pos35,FALSE,289,13,0.0449826989619377,0.0294117647058824,0.970588235294118,0.0570934256055363
loc4667_pos19,FALSE,308,18,0.0584415584415584,0.0422077922077922,0.957792207792208,0.0808525889694721
loc4669_pos50,FALSE,312,1,0.0032051282051282,0.998397435897436,0.0016025641025641,0.00319999178172254
loc4672_pos14,FALSE,291,69,0.237113402061856,0.757731958762887,0.242268041237113,0.367148474864491
loc4673_pos2,FALSE,307,2,0.00651465798045603,0.996742671009772,0.00325732899022801,0.00649343759615487
loc4675_pos35,FALSE,287,4,0.0139372822299652,0.881533101045296,0.118466898954704,0.20886498561352
loc4676_pos8,FALSE,320,0,0,0.003125,0.996875,0.00623046875
loc4681_pos20,FALSE,313,6,0.0191693290734824,0.130990415335463,0.869009584664537,0.227663852851412
loc4684_pos20,FALSE,314,1,0.00318471337579618,0.998407643312102,0.00159235668789814,0.0031796421761533
loc4685_pos21,FALSE,317,1,0.00315457413249211,0.998422712933754,0.00157728706624605,0.0031495984635134
loc4686_pos18,FALSE,346,5,0.0144508670520231,0.992774566473988,0.00722543352601157,0.0143464532727455
loc4690_pos16,FALSE,288,5,0.0173611111111111,0.991319444444444,0.00868055555555558,0.017210407021605
loc4692_pos96,FALSE,320,34,0.10625,0.915625,0.084375,0.15451171875
loc4701_pos97,FALSE,324,0,0,0.00308641975308642,0.996913580246914,0.00615378753238835
loc4702_pos21,FALSE,310,1,0.0032258064516129,0.998387096774194,0.00161290322580643,0.00322060353798122
loc4707_pos125,FALSE,318,0,0,0.99685534591195,0.00314465408805031,0.00626953047743364
loc4708_pos47,FALSE,314,2,0.00636942675159236,0.00318471337579618,0.996815286624204,0.00634914195302041
loc4710_pos30,FALSE,315,1,0.00317460317460317,0.998412698412698,0.00158730158730158,0.00316956412194506
loc4712_pos14,FALSE,314,107,0.340764331210191,0.718152866242038,0.281847133757962,0.404818653900767
loc4714_pos38,FALSE,291,1,0.00343642611683849,0.998281786941581,0.00171821305841924,0.00343052160461023
loc4717_pos108,FALSE,306,1,0.00326797385620915,0.998366013071895,0.00163398692810457,0.00326263402964671
loc4718_pos1,FALSE,300,1,0.00333333333333333,0.998333333333333,0.0016666666666667,0.00332777777777785
loc4722_pos10,FALSE,305,0,0,0.00327868852459016,0.99672131147541,0.00653587745229777
loc4723_pos15,FALSE,318,1,0.00314465408805031,0.998427672955975,0.00157232704402521,0.00313970966338368
loc4725_pos81,FALSE,325,1,0.00307692307692308,0.998461538461539,0.00153846153846149,0.00307218934911233
loc4726_pos18,FALSE,313,1,0.00319488817891374,0.998402555910543,0.00159744408945683,0.00318978452367579
loc4728_pos62,FALSE,314,1,0.00318471337579618,0.998407643312102,0.00159235668789814,0.0031796421761533
loc4729_pos4,FALSE,295,1,0.00338983050847458,0.998305084745763,0.00169491525423726,0.00338408503303643
loc4733_pos1,FALSE,310,0,0,0.996774193548387,0.00322580645161286,0.00643080124869918
loc4735_pos316,FALSE,311,1,0.00321543408360129,0.998392282958199,0.00160771704180063,0.00321026457542826
loc4737_pos90,FALSE,323,1,0.00309597523219814,0.998452012383901,0.00154798761609909,0.00309118270087899
loc4738_pos143,FALSE,317,1,0.00315457413249211,0.998422712933754,0.00157728706624605,0.0031495984635134
loc4743_pos7,FALSE,331,0,0,0.00302114803625378,0.996978851963746,0.00602404140159363
loc4746_pos7,FALSE,333,1,0.003003003003003,0.998498498498498,0.00150150150150152,0.00299849398948502
loc4747_pos7,FALSE,306,1,0.00326797385620915,0.00163398692810458,0.998366013071895,0.00326263402964672
loc4748_pos26,FALSE,328,21,0.0640243902439024,0.888719512195122,0.111280487804878,0.197794281677573
loc4750_pos77,FALSE,322,1,0.0031055900621118,0.998447204968944,0.00155279503105588,0.00310076771729481
loc4751_pos3,FALSE,316,6,0.0189873417721519,0.984177215189873,0.0158227848101266,0.031144848581958
loc4752_pos29,FALSE,319,100,0.313479623824451,0.74294670846395,0.25705329153605,0.381953793693065
loc4753_pos28,FALSE,327,11,0.0336391437308868,0.970948012232416,0.0290519877675841,0.0564159395486725
loc4755_pos11,FALSE,284,0,0,0.985915492957746,0.0140845070422535,0.0277722674072604
loc4756_pos6,FALSE,310,3,0.00967741935483871,0.995161290322581,0.0048387096774194,0.00963059313215409
loc4757_pos9,FALSE,284,1,0.00352112676056338,0.998239436619718,0.00176056338028174,0.00351492759373151
loc4759_pos38,FALSE,326,2,0.00613496932515337,0.00306748466257669,0.996932515337423,0.00611615040084309
loc4762_pos93,FALSE,316,0,0,0.00316455696202532,0.996835443037975,0.00630908508251883
loc4765_pos12,FALSE,319,1,0.00313479623824451,0.998432601880878,0.00156739811912221,0.00312988276451676
loc4768_pos19,FALSE,316,6,0.0189873417721519,0.987341772151899,0.0126582278481012,0.0249959942316936
loc4769_pos2,TRUE,315,1,0.00317460317460317,0.00158730158730159,0.998412698412698,0.00316956412194507
loc4773_pos13,FALSE,331,1,0.00302114803625378,0.998489425981873,0.00151057401812693,0.00301658436852538
loc4778_pos103,FALSE,321,1,0.00311526479750779,0.998442367601246,0.00155763239875384,0.00311041236012838
loc4780_pos100,FALSE,294,1,0.00340136054421769,0.998299319727891,0.00170068027210879,0.0033955759174417
loc4782_pos100,FALSE,309,1,0.00323624595469256,0.998381877022654,0.00161812297734631,0.003231009310753
loc4785_pos9,FALSE,328,1,0.00304878048780488,0.998475609756098,0.00152439024390238,0.00304413295657336
loc4786_pos5,FALSE,325,1,0.00307692307692308,0.00153846153846154,0.998461538461539,0.00307218934911243
loc4789_pos48,FALSE,314,1,0.00318471337579618,0.998407643312102,0.00159235668789814,0.0031796421761533
loc4794_pos48,TRUE,301,0,0,0.996677740863787,0.00332225913621265,0.006622443460889
loc4796_pos9,FALSE,317,1,0.00315457413249211,0.998422712933754,0.00157728706624605,0.0031495984635134
loc4798_pos20,FALSE,331,1,0.00302114803625378,0.998489425981873,0.00151057401812693,0.00301658436852538
loc4802_pos48,FALSE,324,1,0.00308641975308642,0.998456790123457,0.00154320987654322,0.00308165675964031
loc4803_pos8,FALSE,312,1,0.0032051282051282,0.998397435897436,0.0016025641025641,0.00319999178172254
loc4804_pos2,FALSE,326,0,0,0.00306748466257669,0.996932515337423,0.00611615040084309
loc4806_pos4,FALSE,320,116,0.3625,0.565625,0.434375,0.49138671875
loc4809_pos34,FALSE,296,1,0.00337837837837838,0.998310810810811,0.00168918918918914,0.00337267165814454
loc4811_pos4,FALSE,305,8,0.0262295081967213,0.986885245901639,0.0131147540983606,0.0258855146466003
loc4815_pos11,FALSE,291,7,0.0240549828178694,0.0154639175257732,0.984536082474227,0.0304495695610586
loc4819_pos12,FALSE,323,2,0.00619195046439629,0.00309597523219814,0.996904024767802,0.00617278033911952
loc4820_pos13,FALSE,319,5,0.0156739811912226,0.117554858934169,0.882445141065831,0.207471428150274
loc4822_pos15,FALSE,291,12,0.0412371134020619,0.900343642611684,0.0996563573883161,0.179449935640817
loc4823_pos7,FALSE,320,7,0.021875,0.1234375,0.8765625,0.2164013671875
loc4824_pos6,FALSE,324,1,0.00308641975308642,0.998456790123457,0.00154320987654322,0.00308165675964031
loc4828_pos33,FALSE,309,1,0.00323624595469256,0.998381877022654,0.00161812297734631,0.003231009310753
loc4829_pos43,FALSE,317,1,0.00315457413249211,0.998422712933754,0.00157728706624605,0.0031495984635134
loc4831_pos14,FALSE,295,47,0.159322033898305,0.0864406779661017,0.913559322033898,0.157937374317725
loc4833_pos39,FALSE,306,1,0.00326797385620915,0.998366013071895,0.00163398692810457,0.00326263402964671
loc4836_pos36,FALSE,311,1,0.00321543408360129,0.998392282958199,0.00160771704180063,0.00321026457542826
loc4838_pos54,FALSE,316,1,0.00316455696202532,0.998417721518987,0.00158227848101267,0.00315954975164238
loc4840_pos107,FALSE,293,1,0.00341296928327645,0.998293515358362,0.00170648464163825,0.00340714510361221
loc4842_pos32,FALSE,315,1,0.00317460317460317,0.998412698412698,0.00158730158730158,0.00316956412194506
loc4843_pos2,FALSE,318,0,0,0.00314465408805031,0.99685534591195,0.00626953047743365
loc4844_pos14,FALSE,306,1,0.00326797385620915,0.998366013071895,0.00163398692810457,0.00326263402964671
loc4847_pos52,FALSE,318,83,0.261006289308176,0.643081761006289,0.356918238993711,0.459055219334678
loc4852_pos158,FALSE,338,1,0.0029585798816568,0.998520710059172,0.00147928994082835,0.00295420328419864
loc4856_pos18,FALSE,305,17,0.0557377049180328,0.968852459016393,0.0311475409836065,0.0603547433485621
loc4857_pos14,FALSE,280,0,0,0.996428571428571,0.00357142857142856,0.00711734693877549
loc4858_pos27,FALSE,324,1,0.00308641975308642,0.998456790123457,0.00154320987654322,0.00308165675964031
loc4863_pos3,FALSE,334,1,0.0029940119760479,0.998502994011976,0.00149700598802394,0.00298952992219151
loc4864_pos121,FALSE,302,21,0.0695364238410596,0.96523178807947,0.0347682119205298,0.0671187667207579
loc4870_pos106,FALSE,336,1,0.00297619047619048,0.998511904761905,0.00148809523809523,0.00297176162131518
loc4873_pos175,TRUE,288,0,0,0.96875,0.03125,0.060546875
loc4875_pos69,FALSE,310,0,0,0.0032258064516129,0.996774193548387,0.00643080124869927
loc4879_pos28,FALSE,285,1,0.00350877192982456,0.998245614035088,0.00175438596491229,0.00350261618959681
loc4881_pos40,FALSE,329,0,0,0.996960486322188,0.00303951367781152,0.00606055006882784
loc4884_pos110,FALSE,299,1,0.00334448160535117,0.00167224080267559,0.998327759197324,0.0033388888267469
loc4887_pos12,FALSE,331,1,0.00302114803625378,0.998489425981873,0.00151057401812693,0.00301658436852538
loc4890_pos65,FALSE,303,1,0.0033003300330033,0.998349834983498,0.00165016501650161,0.00329488394383986
loc4891_pos38,FALSE,319,1,0.00313479623824451,0.995297805642633,0.00470219435736674,0.00936016745118458
loc4892_pos26,FALSE,322,1,0.0031055900621118,0.998447204968944,0.00155279503105588,0.00310076771729481
loc4893_pos17,FALSE,319,1,0.00313479623824451,0.998432601880878,0.00156739811912221,0.00312988276451676
loc4895_pos2,FALSE,319,1,0.00313479623824451,0.998432601880878,0.00156739811912221,0.00312988276451676
loc4896_pos0,FALSE,313,2,0.00638977635782748,0.996805111821086,0.00319488817891378,0.00636936173687603
loc4897_pos22,FALSE,313,9,0.0287539936102236,0.934504792332268,0.0654952076677316,0.122411170880585
loc4898_pos4,FALSE,311,1,0.00321543408360129,0.998392282958199,0.00160771704180063,0.00321026457542826
loc4900_pos46,FALSE,327,1,0.00305810397553517,0.998470948012232,0.00152905198776754,0.00305342797557248
loc4901_pos97,FALSE,338,0,0,0.0029585798816568,0.997041420118343,0.00589965337348132
loc4904_pos22,FALSE,312,0,0,0.996794871794872,0.00320512820512819,0.00638971071663377
loc4907_pos2,FALSE,302,1,0.0033112582781457,0.998344370860927,0.0016556291390728,0.00330577606245331
loc4908_pos7,FALSE,304,1,0.00328947368421053,0.998355263157895,0.00164473684210531,0.00328406336565106
loc4909_pos101,FALSE,332,1,0.00301204819277108,0.998493975903614,0.00150602409638556,0.00300751197561333
loc4910_pos125,TRUE,314,5,0.0159235668789809,0.132165605095541,0.867834394904459,0.229395715850542
loc4916_pos30,FALSE,287,28,0.0975609756097561,0.912891986062718,0.0871080139372822,0.159040415690369
loc4918_pos4,FALSE,319,1,0.00313479623824451,0.998432601880878,0.00156739811912221,0.00312988276451676
loc4920_pos13,FALSE,286,0,0,0.993006993006993,0.00699300699300698,0.0138882096924055
loc4921_pos17,FALSE,291,1,0.00343642611683849,0.998281786941581,0.00171821305841924,0.00343052160461023
loc4922_pos3,FALSE,289,1,0.00346020761245675,0.998269896193772,0.0017301038062284,0.00345422109409615
loc4924_pos7,FALSE,298,71,0.238255033557047,0.159395973154362,0.840604026845638,0.267977793793072
loc4926_pos22,FALSE,313,1,0.00319488817891374,0.998402555910543,0.00159744408945683,0.00318978452367579
loc4927_pos5,TRUE,292,0,0,0.993150684931507,0.00684931506849318,0.0136048039031714
loc4928_pos29,FALSE,304,5,0.0164473684210526,0.00822368421052632,0.991776315789474,0.0163121104570637
loc4931_pos29,FALSE,292,1,0.00342465753424658,0.998287671232877,0.00171232876712324,0.00341879339463304
loc4932_pos12,FALSE,331,1,0.00302114803625378,0.998489425981873,0.00151057401812693,0.00301658436852538
loc4934_pos0,FALSE,321,6,0.0186915887850467,0.127725856697819,0.872274143302181,0.222823924457255
loc4937_pos10,FALSE,292,1,0.00342465753424658,0.998287671232877,0.00171232876712324,0.00341879339463304
loc4938_pos63,TRUE,324,0,0,0.998456790123457,0.00154320987654322,0.00308165675964031
loc4941_pos52,FALSE,318,1,0.00314465408805031,0.995283018867924,0.00471698113207553,0.00938946244215034
loc4945_pos31,FALSE,334,1,0.0029940119760479,0.998502994011976,0.00149700598802394,0.00298952992219151
loc4946_pos39,FALSE,317,1,0.00315457413249211,0.998422712933754,0.00157728706624605,0.0031495984635134
loc4948_pos13,FALSE,299,0,0,0.00334448160535117,0.996655518394649,0.00666659209628528
loc4953_pos97,FALSE,319,10,0.0313479623824451,0.899686520376176,0.100313479623824,0.18050137085917
loc4957_pos2,FALSE,330,1,0.00303030303030303,0.998484848484849,0.00151515151515147,0.00302571166207521
loc4958_pos254,FALSE,297,0,0,0.00336700336700337,0.996632996632997,0.00671133331065991
loc4960_pos37,FALSE,317,1,0.00315457413249211,0.998422712933754,0.00157728706624605,0.0031495984635134
loc4964_pos30,FALSE,303,1,0.0033003300330033,0.998349834983498,0.00165016501650161,0.00329488394383986
loc4965_pos16,FALSE,333,2,0.00600600600600601,0.990990990990991,0.00900900900900903,0.0178556935313692
loc4967_pos66,FALSE,321,1,0.00311526479750779,0.998442367601246,0.00155763239875384,0.00311041236012838
loc4969_pos23,FALSE,304,2,0.00657894736842105,0.99671052631579,0.00328947368421051,0.00655730609418279
loc4970_pos103,FALSE,301,1,0.00332225913621262,0.998338870431894,0.00166112956810627,0.00331674043332846
loc4971_pos121,FALSE,330,19,0.0575757575757576,0.959090909090909,0.0409090909090909,0.0784710743801653
loc4973_pos12,FALSE,333,1,0.003003003003003,0.995495495495496,0.00450450450450446,0.00896842788734671
loc4981_pos39,FALSE,348,1,0.0028735632183908,0.998563218390805,0.00143678160919536,0.00286943453560567
loc4982_pos5,FALSE,331,1,0.00302114803625378,0.998489425981873,0.00151057401812693,0.00301658436852538
loc4986_pos104,FALSE,302,117,0.387417218543046,0.630794701986755,0.369205298013245,0.465785491864392
loc4988_pos20,FALSE,311,4,0.0128617363344051,0.990353697749196,0.00964630225080387,0.01910650220738
loc4989_pos25,FALSE,287,1,0.00348432055749129,0.998257839721254,0.00174216027874563,0.00347825031261758
loc4990_pos15,FALSE,285,13,0.0456140350877193,0.93859649122807,0.0614035087719298,0.115266235764851
loc4993_pos63,FALSE,329,0,0,1,0,0
loc4995_pos9,FALSE,292,1,0.00342465753424658,0.998287671232877,0.00171232876712324,0.00341879339463304
loc4996_pos8,FALSE,303,24,0.0792079207920792,0.957095709570957,0.0429042904290429,0.0821270245836464
loc4999_pos14,FALSE,334,0,0,0.0029940119760479,0.997005988023952,0.00597009573667037
loc5001_pos21,TRUE,333,0,0,0.998498498498498,0.00150150150150152,0.00299849398948502
loc5004_pos22,FALSE,281,1,0.00355871886120996,0.998220640569395,0.00177935943060503,0.0035523866212435
loc5008_pos17,FALSE,323,0,0,0.00309597523219814,0.996904024767802,0.00617278033911952
loc5011_pos49,FALSE,294,1,0.00340136054421769,0.998299319727891,0.00170068027210879,0.0033955759174417
loc5013_pos9,FALSE,297,9,0.0303030303030303,0.974747474747475,0.0252525252525253,0.0492296704417918
loc5014_pos5,FALSE,333,8,0.024024024024024,0.981981981981982,0.0180180180180181,0.0353867380894409
loc5015_pos131,TRUE,322,0,0,0.998447204968944,0.00155279503105588,0.00310076771729481
loc5018_pos33,FALSE,334,0,0,0.0029940119760479,0.997005988023952,0.00597009573667037
loc5020_pos7,FALSE,306,1,0.00326797385620915,0.998366013071895,0.00163398692810457,0.00326263402964671
loc5021_pos6,FALSE,310,0,0,1,0,0
loc5022_pos33,FALSE,318,1,0.00314465408805031,0.998427672955975,0.00157232704402521,0.00313970966338368
loc5023_pos25,TRUE,312,0,0,0.998397435897436,0.0016025641025641,0.00319999178172254
loc5026_pos98,FALSE,294,3,0.0102040816326531,0.98469387755102,0.0153061224489796,0.0301436901291128
loc5029_pos67,FALSE,330,0,0,1,0,0
loc5030_pos28,FALSE,331,10,0.0302114803625378,0.984894259818731,0.0151057401812689,0.0297551135896897
loc5032_pos11,FALSE,293,7,0.0238907849829352,0.984641638225256,0.015358361774744,0.0302449649966802
loc5035_pos10,FALSE,334,1,0.0029940119760479,0.998502994011976,0.00149700598802394,0.00298952992219151
loc5039_pos109,FALSE,318,0,0,0.00314465408805031,0.99685534591195,0.00626953047743365
loc5041_pos20,TRUE,296,0,0,0.998310810810811,0.00168918918918914,0.00337267165814454
loc5042_pos7,FALSE,319,86,0.269592476489028,0.272727272727273,0.727272727272727,0.396694214876033
loc5048_pos14,FALSE,314,1,0.00318471337579618,0.998407643312102,0.00159235668789814,0.0031796421761533
loc5049_pos20,FALSE,331,1,0.00302114803625378,0.998489425981873,0.00151057401812693,0.00301658436852538
loc5050_pos10,FALSE,311,1,0.00321543408360129,0.998392282958199,0.00160771704180063,0.00321026457542826
loc5052_pos15,FALSE,317,3,0.00946372239747634,0.995268138801262,0.00473186119873814,0.00941894137666804
loc5054_pos45,FALSE,285,10,0.0350877192982456,0.112280701754386,0.887719298245614,0.199347491535857
loc5055_pos57,FALSE,317,5,0.0157728706624606,0.0583596214511041,0.941640378548896,0.109907552070376
loc5056_pos36,FALSE,300,1,0.00333333333333333,0.998333333333333,0.0016666666666667,0.00332777777777785
loc5059_pos4,FALSE,308,6,0.0194805194805195,0.99025974025974,0.00974025974025972,0.019290774160904
loc5060_pos43,FALSE,334,0,0,1,0,0
loc5061_pos6,FALSE,331,1,0.00302114803625378,0.998489425981873,0.00151057401812693,0.00301658436852538
loc5063_pos27,FALSE,312,1,0.0032051282051282,0.0016025641025641,0.998397435897436,0.00319999178172255
loc5065_pos14,FALSE,330,1,0.00303030303030303,0.998484848484849,0.00151515151515147,0.00302571166207521
loc5069_pos59,FALSE,327,0,0,0.00305810397553517,0.996941896024465,0.00609750395121997
loc5074_pos23,FALSE,287,9,0.0313588850174216,0.977351916376307,0.0226480836236934,0.0442702958637352
loc5075_pos5,FALSE,310,1,0.0032258064516129,0.998387096774194,0.00161290322580643,0.00322060353798122
loc5076_pos20,FALSE,335,0,0,0.00298507462686567,0.997014925373134,0.00595232791267543
loc5081_pos56,FALSE,305,1,0.00327868852459016,0.998360655737705,0.00163934426229506,0.00327331362536948
loc5082_pos78,FALSE,333,21,0.0630630630630631,0.0795795795795796,0.92042042042042,0.146493340187034
loc5083_pos38,FALSE,301,17,0.0564784053156146,0.965116279069767,0.0348837209302325,0.0673336938885883
loc5084_pos1,FALSE,332,0,0,0.00301204819277108,0.996987951807229,0.00600595151691102
loc5085_pos18,FALSE,297,1,0.00336700336700337,0.998316498316498,0.00168350168350173,0.00336133501116676
loc5087_pos28,FALSE,312,16,0.0512820512820513,0.942307692307692,0.0576923076923077,0.108727810650888
loc5089_pos80,TRUE,291,0,0,0.998281786941581,0.00171821305841924,0.00343052160461023
loc5090_pos40,FALSE,324,1,0.00308641975308642,0.998456790123457,0.00154320987654322,0.00308165675964031
loc5095_pos50,FALSE,330,0,0,1,0,0
loc5096_pos17,FALSE,306,11,0.0359477124183007,0.952614379084967,0.0473856209150327,0.0902804476910591
loc5097_pos91,TRUE,321,0,0,0.00155763239875389,0.998442367601246,0.00311041236012849
loc5098_pos81,FALSE,327,1,0.00305810397553517,0.995412844036697,0.00458715596330272,0.00913222792694212
loc5100_pos12,FALSE,311,1,0.00321543408360129,0.998392282958199,0.00160771704180063,0.00321026457542826
loc5103_pos106,FALSE,326,1,0.00306748466257669,0.998466257668712,0.00153374233128833,0.0030627799314991
loc5105_pos27,TRUE,291,1,0.00343642611683849,0.996563573883162,0.00343642611683848,0.00684923418476397
loc5107_pos55,FALSE,305,1,0.00327868852459016,0.00163934426229508,0.998360655737705,0.00327331362536952
loc5109_pos4,FALSE,320,1,0.003125,0.9984375,0.00156250000000002,0.00312011718750004
loc5111_pos7,FALSE,328,1,0.00304878048780488,0.998475609756098,0.00152439024390238,0.00304413295657336
loc5113_pos30,FALSE,328,0,0,0.00609756097560976,0.99390243902439,0.012120761451517
loc5114_pos20,FALSE,337,0,0,0.00593471810089021,0.99406528189911,0.0117989944439063
loc5115_pos31,FALSE,305,13,0.0426229508196721,0.0540983606557377,0.945901639344262,0.102343456060199
loc5116_pos35,FALSE,331,1,0.00302114803625378,0.998489425981873,0.00151057401812693,0.00301658436852538
loc5118_pos6,FALSE,311,4,0.0128617363344051,0.990353697749196,0.00964630225080387,0.01910650220738
loc5119_pos9,FALSE,289,1,0.00346020761245675,0.998269896193772,0.0017301038062284,0.00345422109409615
loc5121_pos17,FALSE,312,1,0.0032051282051282,0.998397435897436,0.0016025641025641,0.00319999178172254
loc5124_pos9,FALSE,332,9,0.0271084337349398,0.109939759036145,0.890060240963855,0.195706016838438
loc5125_pos20,TRUE,327,0,0,0.998470948012232,0.00152905198776754,0.00305342797557248
loc5129_pos6,FALSE,295,1,0.00338983050847458,0.998305084745763,0.00169491525423726,0.00338408503303643
loc5130_pos11,FALSE,337,1,0.0029673590504451,0.998516320474777,0.00148367952522255,0.00296295644057797
loc5131_pos19,FALSE,320,3,0.009375,0.9953125,0.00468749999999996,0.00933105468749991
loc5132_pos9,FALSE,324,0,0,0.00308641975308642,0.996913580246914,0.00615378753238835
loc5133_pos103,FALSE,320,0,0,0.003125,0.996875,0.00623046875
loc5136_pos20,FALSE,303,1,0.0033003300330033,0.998349834983498,0.00165016501650161,0.00329488394383986
loc5137_pos24,FALSE,331,1,0.00302114803625378,0.998489425981873,0.00151057401812693,0.00301658436852538
loc5143_pos116,FALSE,307,1,0.00325732899022801,0.998371335504886,0.00162866449511401,0.00325202389415272
loc5148_pos7,FALSE,324,1,0.00308641975308642,0.998456790123457,0.00154320987654322,0.00308165675964031
loc5150_pos51,FALSE,326,1,0.00306748466257669,0.998466257668712,0.00153374233128833,0.0030627799314991
loc5152_pos21,FALSE,296,1,0.00337837837837838,0.998310810810811,0.00168918918918914,0.00337267165814454
loc5158_pos8,FALSE,304,8,0.0263157894736842,0.131578947368421,0.868421052631579,0.228531855955679
loc5160_pos34,FALSE,326,1,0.00306748466257669,0.998466257668712,0.00153374233128833,0.0030627799314991
loc5162_pos8,FALSE,311,6,0.0192926045016077,0.138263665594855,0.861736334405145,0.238293648742259
loc5164_pos15,FALSE,321,1,0.00311526479750779,0.998442367601246,0.00155763239875384,0.00311041236012838
loc5165_pos34,FALSE,299,10,0.0334448160535117,0.123745819397993,0.876254180602007,0.216865583159025
loc5169_pos75,FALSE,326,1,0.00306748466257669,0.998466257668712,0.00153374233128833,0.0030627799314991
loc5170_pos7,FALSE,306,1,0.00326797385620915,0.880718954248366,0.119281045751634,0.210106155752061
loc5173_pos3,FALSE,320,12,0.0375,0.953125,0.046875,0.08935546875
loc5175_pos64,FALSE,332,23,0.0692771084337349,0.0647590361445783,0.935240963855422,0.121130606764407
loc5180_pos45,FALSE,327,4,0.0122324159021407,0.990825688073395,0.00917431192660545,0.0181802878545576
loc5181_pos30,FALSE,329,7,0.0212765957446809,0.974164133738602,0.0258358662613982,0.0503367485518427
loc5183_pos1,FALSE,324,0,0,0.00308641975308642,0.996913580246914,0.00615378753238835
loc5185_pos38,FALSE,327,1,0.00305810397553517,0.998470948012232,0.00152905198776754,0.00305342797557248
loc5186_pos16,FALSE,325,2,0.00615384615384615,0.996923076923077,0.00307692307692309,0.00613491124260357
loc5187_pos65,FALSE,320,0,0,0.003125,0.996875,0.00623046875
loc5190_pos71,FALSE,305,1,0.00327868852459016,0.998360655737705,0.00163934426229506,0.00327331362536948
loc5191_pos0,FALSE,303,0,0,1,0,0
loc5198_pos32,FALSE,320,3,0.009375,0.9953125,0.00468749999999996,0.00933105468749991
loc5199_pos41,FALSE,311,1,0.00321543408360129,0.998392282958199,0.00160771704180063,0.00321026457542826
loc5201_pos3,FALSE,302,1,0.0033112582781457,0.998344370860927,0.0016556291390728,0.00330577606245331
loc5204_pos31,FALSE,287,2,0.00696864111498258,0.996515679442509,0.00348432055749126,0.00694436013548781
loc5210_pos10,FALSE,303,13,0.0429042904290429,0.0346534653465347,0.965346534653465,0.0669052053720224
loc5212_pos37,FALSE,322,0,0,1,0,0
loc5213_pos5,FALSE,298,1,0.00335570469798658,0.998322147651007,0.00167785234899331,0.00335007432097658
loc5215_pos29,FALSE,328,7,0.0213414634146341,0.867378048780488,0.132621951219512,0.230066738548483
loc5216_pos46,FALSE,301,7,0.0232558139534884,0.978405315614618,0.021594684385382,0.0422567079833555
loc5217_pos12,TRUE,325,0,0,0.998461538461539,0.00153846153846149,0.00307218934911233
loc5219_pos21,FALSE,327,1,0.00305810397553517,0.998470948012232,0.00152905198776754,0.00305342797557248
loc5220_pos21,FALSE,303,12,0.0396039603960396,0.976897689768977,0.023102310231023,0.0451371869860252
loc5222_pos3,FALSE,326,1,0.00306748466257669,0.998466257668712,0.00153374233128833,0.0030627799314991
loc5223_pos114,FALSE,328,14,0.0426829268292683,0.975609756097561,0.024390243902439,0.0475907198096372
loc5226_pos112,FALSE,280,95,0.339285714285714,0.230357142857143,0.769642857142857,0.354585459183673
loc5227_pos6,FALSE,310,2,0.00645161290322581,0.912903225806452,0.0870967741935483,0.159021852237253
loc5228_pos74,FALSE,337,2,0.00593471810089021,0.997032640949555,0.0029673590504451,0.00591710766142167
loc5231_pos2,FALSE,317,1,0.00315457413249211,0.998422712933754,0.00157728706624605,0.0031495984635134
loc5232_pos2,FALSE,323,1,0.00309597523219814,0.998452012383901,0.00154798761609909,0.00309118270087899
loc5233_pos56,FALSE,325,1,0.00307692307692308,0.998461538461539,0.00153846153846149,0.00307218934911233
loc5234_pos1,FALSE,322,1,0.0031055900621118,0.0077639751552795,0.99223602484472,0.0154073916901354
loc5236_pos8,FALSE,314,0,0,0.00318471337579618,0.996815286624204,0.00634914195302041
loc5237_pos19,FALSE,324,0,0,0.00308641975308642,0.996913580246914,0.00615378753238835
loc5239_pos4,FALSE,319,1,0.00313479623824451,0.998432601880878,0.00156739811912221,0.00312988276451676
loc5243_pos2,FALSE,332,0,0,0.00301204819277108,0.996987951807229,0.00600595151691102
loc5244_pos44,FALSE,322,1,0.0031055900621118,0.998447204968944,0.00155279503105588,0.00310076771729481
loc5245_pos11,FALSE,328,1,0.00304878048780488,0.998475609756098,0.00152439024390238,0.00304413295657336
loc5247_pos22,FALSE,328,1,0.00304878048780488,0.998475609756098,0.00152439024390238,0.00304413295657336
loc5249_pos2,FALSE,320,1,0.003125,0.9984375,0.00156250000000002,0.00312011718750004
loc5250_pos13,FALSE,320,1,0.003125,0.9984375,0.00156250000000002,0.00312011718750004
loc5254_pos14,FALSE,318,1,0.00314465408805031,0.938679245283019,0.0613207547169812,0.115121039515842
loc5255_pos44,FALSE,300,1,0.00333333333333333,0.998333333333333,0.0016666666666667,0.00332777777777785
loc5256_pos56,FALSE,307,0,0,0.996742671009772,0.00325732899022801,0.00649343759615487
loc5257_pos25,FALSE,333,0,0,0.003003003003003,0.996996996996997,0.00598796995193392
loc5258_pos59,FALSE,302,1,0.0033112582781457,0.998344370860927,0.0016556291390728,0.00330577606245331
loc5259_pos3,FALSE,306,3,0.00980392156862745,0.880718954248366,0.119281045751634,0.210106155752061
loc5264_pos32,FALSE,326,4,0.0122699386503067,0.993865030674847,0.00613496932515334,0.0121946629530655
loc5265_pos37,FALSE,294,1,0.00340136054421769,0.998299319727891,0.00170068027210879,0.0033955759174417
loc5266_pos37,FALSE,318,1,0.00314465408805031,0.998427672955975,0.00157232704402521,0.00313970966338368
loc5268_pos18,FALSE,285,1,0.00350877192982456,0.998245614035088,0.00175438596491229,0.00350261618959681
loc5270_pos5,FALSE,337,0,0,0.0029673590504451,0.997032640949555,0.00591710766142169
loc5272_pos98,FALSE,319,0,0,0.00313479623824451,0.996865203761755,0.0062499385815784
loc5274_pos2,FALSE,316,6,0.0189873417721519,0.908227848101266,0.0917721518987342,0.16670004806922
loc5275_pos8,FALSE,332,0,0,0.00602409638554217,0.993975903614458,0.0119756132965597
loc5276_pos13,FALSE,288,1,0.00347222222222222,0.998263888888889,0.00173611111111116,0.00346619405864207
loc5278_pos10,FALSE,317,0,0,1,0,0
loc5281_pos17,FALSE,320,1,0.003125,0.9984375,0.00156250000000002,0.00312011718750004
loc5282_pos17,FALSE,322,23,0.0714285714285714,0.933229813664596,0.0667701863354038,0.124623857104278
loc5287_pos86,FALSE,327,1,0.00305810397553517,0.998470948012232,0.00152905198776754,0.00305342797557248
loc5289_pos19,FALSE,313,1,0.00319488817891374,0.998402555910543,0.00159744408945683,0.00318978452367579
loc5291_pos4,FALSE,314,0,0,1,0,0
loc5292_pos10,FALSE,317,1,0.00315457413249211,0.998422712933754,0.00157728706624605,0.0031495984635134
loc5293_pos45,FALSE,314,1,0.00318471337579618,0.998407643312102,0.00159235668789814,0.0031796421761533
loc5294_pos5,FALSE,327,163,0.498470948012232,0.435779816513761,0.564220183486239,0.491751536065988
loc5295_pos33,FALSE,327,87,0.26605504587156,0.13302752293578,0.86697247706422,0.230662402154701
loc5296_pos8,FALSE,305,5,0.0163934426229508,0.988524590163934,0.0114754098360655,0.0226874496103197
loc5299_pos28,FALSE,285,0,0,0.119298245614035,0.880701754385965,0.210132348414897
loc5301_pos15,FALSE,307,0,0,0.00325732899022801,0.996742671009772,0.00649343759615487
loc5302_pos11,FALSE,307,1,0.00325732899022801,0.998371335504886,0.00162866449511401,0.00325202389415272
loc5304_pos37,FALSE,312,1,0.0032051282051282,0.998397435897436,0.0016025641025641,0.00319999178172254
loc5307_pos28,FALSE,297,1,0.00336700336700337,0.998316498316498,0.00168350168350173,0.00336133501116676
loc5312_pos4,FALSE,329,0,0,0.996960486322188,0.00303951367781152,0.00606055006882784
loc5317_pos25,FALSE,288,1,0.00347222222222222,0.998263888888889,0.00173611111111116,0.00346619405864207
loc5318_pos26,FALSE,323,0,0,0.996904024767802,0.00309597523219818,0.00617278033911959
loc5323_pos2,FALSE,337,1,0.0029673590504451,0.998516320474777,0.00148367952522255,0.00296295644057797
loc5326_pos6,FALSE,305,1,0.00327868852459016,0.998360655737705,0.00163934426229506,0.00327331362536948
loc5328_pos1,FALSE,328,0,0,0.00304878048780488,0.996951219512195,0.00607897085068412
loc5331_pos28,FALSE,324,1,0.00308641975308642,0.998456790123457,0.00154320987654322,0.00308165675964031
loc5332_pos125,FALSE,324,1,0.00308641975308642,0.998456790123457,0.00154320987654322,0.00308165675964031
loc5336_pos9,FALSE,335,22,0.0656716417910448,0.91044776119403,0.0895522388059702,0.163065270661617
loc5339_pos18,FALSE,308,7,0.0227272727272727,0.125,0.875,0.21875
loc5340_pos37,FALSE,300,1,0.00333333333333333,0.998333333333333,0.0016666666666667,0.00332777777777785
loc5341_pos86,FALSE,300,0,0,0.00333333333333333,0.996666666666667,0.00664444444444445
loc5343_pos44,FALSE,311,8,0.0257234726688103,0.881028938906752,0.118971061093248,0.209633895431189
loc5345_pos166,TRUE,306,0,0,0.998366013071895,0.00163398692810457,0.00326263402964671
loc5346_pos56,FALSE,323,4,0.0123839009287926,0.990712074303406,0.00928792569659442,0.0184033202656979
loc5350_pos10,FALSE,323,1,0.00309597523219814,0.998452012383901,0.00154798761609909,0.00309118270087899
loc5352_pos33,FALSE,318,5,0.0157232704402516,0.111635220125786,0.888364779874214,0.198345595506507
loc5353_pos9,FALSE,311,1,0.00321543408360129,0.998392282958199,0.00160771704180063,0.00321026457542826
loc5354_pos36,FALSE,307,0,0,0.00651465798045603,0.993485342019544,0.0129444344237074
loc5355_pos29,TRUE,333,0,0,0.977477477477477,0.0225225225225225,0.04403051700349
loc5362_pos58,FALSE,329,11,0.033434650455927,0.129179331306991,0.870820668693009,0.224984063340139
loc5367_pos2,FALSE,324,2,0.00617283950617284,0.996913580246914,0.00308641975308643,0.00615378753238838
loc5371_pos58,FALSE,293,1,0.00341296928327645,0.998293515358362,0.00170648464163825,0.00340714510361221
loc5375_pos5,FALSE,322,1,0.0031055900621118,0.998447204968944,0.00155279503105588,0.00310076771729481
loc5376_pos21,FALSE,311,90,0.289389067524116,0.713826366559486,0.286173633440514,0.408556569927937
loc5377_pos140,FALSE,290,91,0.313793103448276,0.291379310344828,0.708620689655172,0.4129548156956
loc5379_pos67,FALSE,333,1,0.003003003003003,0.998498498498498,0.00150150150150152,0.00299849398948502
loc5380_pos145,FALSE,296,160,0.540540540540541,0.550675675675676,0.449324324324324,0.494863951789627
loc5382_pos6,FALSE,310,79,0.254838709677419,0.775806451612903,0.224193548387097,0.347861602497399
loc5385_pos11,FALSE,330,1,0.00303030303030303,0.998484848484849,0.00151515151515147,0.00302571166207521
loc5386_pos90,FALSE,320,0,0,0.003125,0.996875,0.00623046875
loc5388_pos10,FALSE,314,1,0.00318471337579618,0.998407643312102,0.00159235668789814,0.0031796421761533
loc5389_pos33,FALSE,335,11,0.0328358208955224,0.117910447761194,0.882089552238806,0.208015148139898
loc5391_pos19,FALSE,322,6,0.0186335403726708,0.984472049689441,0.015527950310559,0.0305736661394236
loc5393_pos79,FALSE,325,10,0.0307692307692308,0.901538461538462,0.0984615384615385,0.177533727810651
loc5395_pos68,FALSE,310,4,0.0129032258064516,0.0290322580645161,0.970967741935484,0.0563787721123829
loc5399_pos21,FALSE,303,0,0,0.996699669966997,0.00330033003300334,0.00657887570935319
loc5400_pos39,FALSE,302,1,0.0033112582781457,0.998344370860927,0.0016556291390728,0.00330577606245331
loc5401_pos7,FALSE,300,1,0.00333333333333333,0.998333333333333,0.0016666666666667,0.00332777777777785
loc5402_pos103,FALSE,322,90,0.279503105590062,0.167701863354037,0.832298136645963,0.279155896763242
loc5404_pos7,FALSE,309,1,0.00323624595469256,0.00161812297734628,0.998381877022654,0.00323100931075292
loc5409_pos93,FALSE,319,1,0.00313479623824451,0.00156739811912226,0.998432601880878,0.00312988276451686
loc5412_pos34,FALSE,320,1,0.003125,0.9984375,0.00156250000000002,0.00312011718750004
loc5413_pos296,FALSE,285,1,0.00350877192982456,0.998245614035088,0.00175438596491229,0.00350261618959681
loc5414_pos20,FALSE,330,127,0.384848484848485,0.568181818181818,0.431818181818182,0.490702479338843
loc5415_pos88,FALSE,317,1,0.00315457413249211,0.998422712933754,0.00157728706624605,0.0031495984635134
loc5416_pos14,FALSE,311,0,0,0.00321543408360129,0.996784565916399,0.0064101901345106
loc5419_pos53,FALSE,322,1,0.0031055900621118,0.998447204968944,0.00155279503105588,0.00310076771729481
loc5422_pos17,FALSE,319,1,0.00313479623824451,0.998432601880878,0.00156739811912221,0.00312988276451676
loc5423_pos105,FALSE,333,2,0.00600600600600601,0.003003003003003,0.996996996996997,0.00598796995193392
loc5424_pos8,FALSE,329,1,0.00303951367781155,0.998480243161094,0.00151975683890582,0.00303489435611283
loc5425_pos16,FALSE,296,1,0.00337837837837838,0.961148648648649,0.0388513513513513,0.0746838476990503
loc5427_pos4,FALSE,317,13,0.0410094637223975,0.970031545741325,0.0299684542586751,0.0581406920160416
loc5428_pos9,FALSE,326,0,0,0.00306748466257669,0.996932515337423,0.00611615040084309
loc5429_pos2,FALSE,298,1,0.00335570469798658,0.998322147651007,0.00167785234899331,0.00335007432097658
loc5432_pos27,FALSE,330,1,0.00303030303030303,0.998484848484849,0.00151515151515147,0.00302571166207521
loc5433_pos83,FALSE,285,11,0.0385964912280702,0.980701754385965,0.019298245614035,0.0378516466605108
loc5438_pos9,FALSE,314,0,0,0.00318471337579618,0.996815286624204,0.00634914195302041
loc5439_pos3,FALSE,330,1,0.00303030303030303,0.998484848484849,0.00151515151515147,0.00302571166207521
loc5441_pos4,FALSE,303,1,0.0033003300330033,0.998349834983498,0.00165016501650161,0.00329488394383986
loc5445_pos37,FALSE,319,8,0.0250783699059561,0.0658307210031348,0.934169278996865,0.122994074350684
loc5447_pos67,FALSE,293,1,0.00341296928327645,0.998293515358362,0.00170648464163825,0.00340714510361221
loc5449_pos58,FALSE,308,10,0.0324675324675325,0.107142857142857,0.892857142857143,0.191326530612245
loc5450_pos135,FALSE,280,6,0.0214285714285714,0.0857142857142857,0.914285714285714,0.156734693877551
loc5453_pos122,FALSE,315,1,0.00317460317460317,0.998412698412698,0.00158730158730158,0.00316956412194506
loc5454_pos42,TRUE,323,0,0,0.984520123839009,0.0154798761609907,0.0304804991900621
loc5456_pos10,FALSE,329,1,0.00303951367781155,0.998480243161094,0.00151975683890582,0.00303489435611283
loc5459_pos18,FALSE,333,1,0.003003003003003,0.0015015015015015,0.998498498498498,0.00299849398948498
loc5460_pos130,FALSE,337,0,0,0.0029673590504451,0.997032640949555,0.00591710766142169
loc5461_pos21,FALSE,306,0,0,0.00326797385620915,0.996732026143791,0.00651458840616857
loc5465_pos77,FALSE,323,1,0.00309597523219814,0.998452012383901,0.00154798761609909,0.00309118270087899
loc5466_pos25,FALSE,325,1,0.00307692307692308,0.998461538461539,0.00153846153846149,0.00307218934911233
loc5468_pos68,FALSE,321,1,0.00311526479750779,0.998442367601246,0.00155763239875384,0.00311041236012838
loc5470_pos101,FALSE,306,6,0.0196078431372549,0.124183006535948,0.875816993464052,0.217523174847281
loc5471_pos17,FALSE,330,1,0.00303030303030303,0.998484848484849,0.00151515151515147,0.00302571166207521
loc5473_pos81,FALSE,328,0,0,1,0,0
loc5474_pos10,FALSE,312,0,0,1,0,0
loc5476_pos5,FALSE,334,0,0,1,0,0
loc5480_pos58,FALSE,315,1,0.00317460317460317,0.998412698412698,0.00158730158730158,0.00316956412194506
loc5481_pos13,FALSE,327,0,0,1,0,0
loc5484_pos7,FALSE,308,1,0.00324675324675325,0.00162337662337662,0.998376623376623,0.0032414825434306
loc5485_pos39,FALSE,304,12,0.0394736842105263,0.111842105263158,0.888157894736842,0.198666897506925
loc5486_pos9,FALSE,308,1,0.00324675324675325,0.998376623376623,0.00162337662337664,0.00324148254343062
loc5488_pos59,FALSE,327,0,0,1,0,0
loc5489_pos18,FALSE,321,0,0,0.996884735202492,0.00311526479750779,0.0062111198454984
loc5492_pos5,FALSE,321,1,0.00311526479750779,0.998442367601246,0.00155763239875384,0.00311041236012838
loc5493_pos6,FALSE,312,0,0,1,0,0
loc5495_pos28,FALSE,322,22,0.0683229813664596,0.142857142857143,0.857142857142857,0.244897959183673
loc5496_pos9,FALSE,309,0,0,0.255663430420712,0.744336569579288,0.380599281532452
loc5497_pos73,FALSE,325,1,0.00307692307692308,0.998461538461539,0.00153846153846149,0.00307218934911233
loc5499_pos12,FALSE,308,1,0.00324675324675325,0.998376623376623,0.00162337662337664,0.00324148254343062
loc5501_pos30,FALSE,289,1,0.00346020761245675,0.998269896193772,0.0017301038062284,0.00345422109409615
loc5502_pos1,FALSE,313,2,0.00638977635782748,0.996805111821086,0.00319488817891378,0.00636936173687603
loc5507_pos51,FALSE,308,3,0.00974025974025974,0.991883116883117,0.00811688311688308,0.0161019986506999
loc5509_pos10,FALSE,311,1,0.00321543408360129,0.00160771704180064,0.998392282958199,0.00321026457542829
loc5510_pos37,FALSE,330,0,0,0.00303030303030303,0.996969696969697,0.00604224058769513
loc5511_pos8,FALSE,309,0,0,0.00323624595469256,0.996763754045307,0.00645154533362659
loc5512_pos7,FALSE,296,3,0.0101351351351351,0.994932432432432,0.00506756756756754,0.0100837746530314
loc5515_pos6,FALSE,307,0,0,1,0,0
loc5517_pos78,FALSE,337,25,0.0741839762611276,0.94213649851632,0.0578635014836796,0.109030633359456
loc5519_pos4,FALSE,286,0,0,0.909090909090909,0.0909090909090909,0.165289256198347
loc5521_pos16,FALSE,312,1,0.0032051282051282,0.998397435897436,0.0016025641025641,0.00319999178172254
loc5522_pos30,FALSE,330,0,0,0.00303030303030303,0.996969696969697,0.00604224058769513
loc5525_pos63,FALSE,328,6,0.0182926829268293,0.11890243902439,0.88109756097561,0.209529298036883
loc5527_pos34,FALSE,300,1,0.00333333333333333,0.998333333333333,0.0016666666666667,0.00332777777777785
loc5530_pos12,FALSE,280,31,0.110714285714286,0.0589285714285714,0.941071428571429,0.110911989795918
loc5532_pos52,FALSE,323,3,0.00928792569659443,0.992260061919505,0.00773993808049533,0.0153600628780109
loc5533_pos56,FALSE,329,1,0.00303951367781155,0.998480243161094,0.00151975683890582,0.00303489435611283
loc5534_pos3,FALSE,280,1,0.00357142857142857,0.998214285714286,0.00178571428571428,0.00356505102040815
loc5535_pos50,FALSE,332,1,0.00301204819277108,0.998493975903614,0.00150602409638556,0.00300751197561333
loc5537_pos4,FALSE,322,6,0.0186335403726708,0.12111801242236,0.87888198757764,0.212896878978434
loc5539_pos20,FALSE,318,1,0.00314465408805031,0.998427672955975,0.00157232704402521,0.00313970966338368
loc5541_pos46,FALSE,301,1,0.00332225913621262,0.998338870431894,0.00166112956810627,0.00331674043332846
loc5542_pos5,FALSE,312,1,0.0032051282051282,0.998397435897436,0.0016025641025641,0.00319999178172254
loc5546_pos100,FALSE,321,2,0.00623052959501558,0.127725856697819,0.872274143302181,0.222823924457255
loc5549_pos20,FALSE,323,12,0.0371517027863777,0.975232198142415,0.0247678018575851,0.048308715697457
loc5551_pos154,FALSE,294,1,0.00340136054421769,0.998299319727891,0.00170068027210879,0.0033955759174417
loc5552_pos15,FALSE,320,1,0.003125,0.9984375,0.00156250000000002,0.00312011718750004
loc5553_pos14,FALSE,305,6,0.019672131147541,0.127868852459016,0.872131147540984,0.223036818059661
loc5554_pos38,FALSE,334,7,0.0209580838323353,0.869760479041916,0.130239520958084,0.226554376277385
loc5555_pos27,FALSE,307,1,0.00325732899022801,0.00488599348534202,0.995114006514658,0.00972424110600643
loc5556_pos11,FALSE,333,0,0,0.003003003003003,0.996996996996997,0.00598796995193392
loc5559_pos12,FALSE,325,0,0,0.00307692307692308,0.996923076923077,0.00613491124260355
loc5560_pos13,FALSE,329,9,0.027355623100304,0.889057750759878,0.110942249240122,0.197268133147329
loc5562_pos8,TRUE,285,0,0,0.987719298245614,0.012280701754386,0.0242597722376116
loc5564_pos91,TRUE,324,0,0,0.998456790123457,0.00154320987654322,0.00308165675964031
loc5565_pos42,FALSE,318,1,0.00314465408805031,0.998427672955975,0.00157232704402521,0.00313970966338368
loc5571_pos32,FALSE,295,4,0.0135593220338983,0.0813559322033898,0.91864406779661,0.149474288997415
loc5575_pos99,FALSE,332,0,0,0.00301204819277108,0.996987951807229,0.00600595151691102
loc5576_pos15,FALSE,286,8,0.027972027972028,0.986013986013986,0.013986013986014,0.027580810797594
loc5577_pos15,TRUE,304,0,0,0.998355263157895,0.00164473684210531,0.00328406336565106
loc5578_pos21,FALSE,302,109,0.360927152317881,0.58112582781457,0.41887417218543,0.486837200122802
loc5579_pos14,FALSE,313,122,0.389776357827476,0.699680511182109,0.300319488817891,0.420255386908104
loc5583_pos18,FALSE,313,3,0.00958466453674121,0.0495207667731629,0.950479233226837,0.0941369208627219
loc5584_pos89,FALSE,310,60,0.193548387096774,0.241935483870968,0.758064516129032,0.366805411030177
loc5585_pos119,FALSE,296,2,0.00675675675675676,0.108108108108108,0.891891891891892,0.192841490138787
loc5586_pos28,FALSE,333,1,0.003003003003003,0.998498498498498,0.00150150150150152,0.00299849398948502
loc5588_pos30,FALSE,321,16,0.0498442367601246,0.975077881619938,0.0249221183800623,0.0486020127910249
loc5590_pos0,FALSE,318,5,0.0157232704402516,0.992138364779874,0.00786163522012584,0.015599659823583
loc5592_pos5,FALSE,302,0,0,0.0033112582781457,0.996688741721854,0.00660058769352221
loc5593_pos10,FALSE,300,1,0.00333333333333333,0.955,0.045,0.0859500000000001
loc5594_pos40,FALSE,332,2,0.00602409638554217,0.993975903614458,0.00602409638554213,0.0119756132965597
loc5598_pos14,FALSE,313,35,0.111821086261981,0.0623003194888179,0.937699680511182,0.116837979360818
loc5600_pos5,FALSE,303,1,0.0033003300330033,0.998349834983498,0.00165016501650161,0.00329488394383986
loc5601_pos16,FALSE,318,0,0,0.00314465408805031,0.99685534591195,0.00626953047743365
loc5602_pos13,FALSE,321,0,0,0.00311526479750779,0.996884735202492,0.00621111984549839
loc5603_pos98,FALSE,320,6,0.01875,0.0125,0.9875,0.0246875
loc5607_pos41,FALSE,313,1,0.00319488817891374,0.998402555910543,0.00159744408945683,0.00318978452367579
loc5611_pos12,FALSE,324,3,0.00925925925925926,0.99537037037037,0.00462962962962965,0.00921639231824421
loc5616_pos106,TRUE,298,52,0.174496644295302,0.904362416107383,0.0956375838926175,0.1729820728796
loc5618_pos5,TRUE,309,0,0,0.998381877022654,0.00161812297734631,0.003231009310753
loc5620_pos9,FALSE,298,5,0.0167785234899329,0.880872483221476,0.119127516778524,0.209872303049412
loc5624_pos2,FALSE,309,1,0.00323624595469256,0.998381877022654,0.00161812297734631,0.003231009310753
loc5625_pos37,FALSE,309,25,0.0809061488673139,0.94336569579288,0.0566343042071198,0.10685371958819
loc5627_pos95,FALSE,300,1,0.00333333333333333,0.00166666666666667,0.998333333333333,0.00332777777777778
loc5632_pos21,FALSE,308,4,0.012987012987013,0.99025974025974,0.00974025974025972,0.019290774160904
loc5635_pos159,FALSE,302,1,0.0033112582781457,0.998344370860927,0.0016556291390728,0.00330577606245331
loc5637_pos33,FALSE,299,1,0.00334448160535117,0.998327759197324,0.00167224080267558,0.0033388888267469
loc5639_pos9,FALSE,315,1,0.00317460317460317,0.998412698412698,0.00158730158730158,0.00316956412194506
loc5646_pos55,FALSE,312,5,0.016025641025641,0.133012820512821,0.86698717948718,0.230640820184089
loc5647_pos28,FALSE,328,1,0.00304878048780488,0.998475609756098,0.00152439024390238,0.00304413295657336
loc5649_pos29,FALSE,331,1,0.00302114803625378,0.998489425981873,0.00151057401812693,0.00301658436852538
loc5651_pos2,FALSE,322,1,0.0031055900621118,0.998447204968944,0.00155279503105588,0.00310076771729481
loc5656_pos6,FALSE,304,0,0,0.99671052631579,0.00328947368421051,0.00655730609418279
loc5657_pos5,FALSE,313,1,0.00319488817891374,0.998402555910543,0.00159744408945683,0.00318978452367579
loc5659_pos47,FALSE,284,1,0.00352112676056338,0.998239436619718,0.00176056338028174,0.00351492759373151
loc5660_pos26,FALSE,313,32,0.10223642172524,0.188498402555911,0.81150159744409,0.305933509579561
loc5662_pos98,FALSE,307,1,0.00325732899022801,0.998371335504886,0.00162866449511401,0.00325202389415272
loc5663_pos124,FALSE,322,55,0.170807453416149,0.150621118012422,0.849378881987578,0.255868793642221
loc5667_pos19,FALSE,293,7,0.0238907849829352,0.107508532423208,0.892491467576792,0.191900895758832
loc5670_pos14,FALSE,287,11,0.0383275261324042,0.0191637630662021,0.980836236933798,0.0375930265026891
loc5672_pos45,FALSE,283,4,0.0141342756183746,0.992932862190813,0.00706713780918733,0.0140343867447466
loc5674_pos9,FALSE,320,1,0.003125,0.9984375,0.00156250000000002,0.00312011718750004
loc5675_pos47,FALSE,325,0,0,0.00307692307692308,0.996923076923077,0.00613491124260355
loc5678_pos27,FALSE,321,14,0.043613707165109,0.959501557632399,0.0404984423676013,0.0777166370667987
loc5682_pos11,FALSE,310,1,0.0032258064516129,0.998387096774194,0.00161290322580643,0.00322060353798122
loc5686_pos56,FALSE,299,1,0.00334448160535117,0.00501672240802676,0.994983277591973,0.00998310980861512
loc5687_pos105,FALSE,334,1,0.0029940119760479,0.998502994011976,0.00149700598802394,0.00298952992219151
loc5689_pos8,FALSE,296,1,0.00337837837837838,0.998310810810811,0.00168918918918914,0.00337267165814454
loc5691_pos13,FALSE,302,9,0.0298013245033113,0.961920529801324,0.0380794701986755,0.0732588482961274
loc5693_pos15,FALSE,322,45,0.139751552795031,0.892857142857143,0.107142857142857,0.191326530612245
loc5695_pos17,FALSE,311,1,0.00321543408360129,0.998392282958199,0.00160771704180063,0.00321026457542826
loc5700_pos7,FALSE,303,9,0.0297029702970297,0.87953795379538,0.12046204620462,0.211901883257633
loc5701_pos42,FALSE,295,1,0.00338983050847458,0.998305084745763,0.00169491525423726,0.00338408503303643
loc5703_pos10,FALSE,307,4,0.0130293159609121,0.990228013029316,0.00977198697068404,0.0193529904826577
loc5704_pos91,FALSE,330,1,0.00303030303030303,0.00151515151515152,0.998484848484849,0.0030257116620753
loc5708_pos16,FALSE,338,1,0.0029585798816568,0.998520710059172,0.00147928994082835,0.00295420328419864
loc5710_pos18,FALSE,317,5,0.0157728706624606,0.894321766561514,0.105678233438486,0.189020688831613
loc5715_pos25,FALSE,306,20,0.065359477124183,0.967320261437909,0.0326797385620915,0.0632235464992097
loc5718_pos7,FALSE,314,1,0.00318471337579618,0.998407643312102,0.00159235668789814,0.0031796421761533
loc5720_pos120,FALSE,326,0,0,1,0,0
loc5725_pos6,FALSE,306,1,0.00326797385620915,0.998366013071895,0.00163398692810457,0.00326263402964671
loc5727_pos25,FALSE,282,1,0.00354609929078014,0.99822695035461,0.00177304964539005,0.00353981188069006
loc5733_pos13,FALSE,310,1,0.0032258064516129,0.998387096774194,0.00161290322580643,0.00322060353798122
loc5734_pos8,FALSE,325,123,0.378461538461538,0.361538461538462,0.638461538461538,0.461656804733728
loc5736_pos7,FALSE,328,1,0.00304878048780488,0.998475609756098,0.00152439024390238,0.00304413295657336
loc5741_pos18,FALSE,319,100,0.313479623824451,0.567398119122257,0.432601880877743,0.490914987077564
loc5742_pos11,FALSE,302,4,0.0132450331125828,0.990066225165563,0.00993377483443714,0.0196701899039517
loc5743_pos10,FALSE,331,1,0.00302114803625378,0.998489425981873,0.00151057401812693,0.00301658436852538
loc5744_pos4,FALSE,311,1,0.00321543408360129,0.998392282958199,0.00160771704180063,0.00321026457542826
loc5746_pos56,FALSE,306,1,0.00326797385620915,0.998366013071895,0.00163398692810457,0.00326263402964671
loc5747_pos19,FALSE,320,0,0,0.003125,0.996875,0.00623046875
loc5751_pos41,FALSE,294,0,0,0.0340136054421769,0.965986394557823,0.0657133601740016
loc5755_pos78,FALSE,285,1,0.00350877192982456,0.998245614035088,0.00175438596491229,0.00350261618959681
loc5757_pos103,FALSE,328,1,0.00304878048780488,0.998475609756098,0.00152439024390238,0.00304413295657336
loc5762_pos28,FALSE,313,1,0.00319488817891374,0.998402555910543,0.00159744408945683,0.00318978452367579
loc5765_pos17,FALSE,316,59,0.186708860759494,0.862341772151899,0.137658227848101,0.237416880307643
loc5766_pos38,FALSE,330,23,0.0696969696969697,0.91969696969697,0.0803030303030303,0.147708907254362
loc5767_pos5,TRUE,327,2,0.00611620795107034,0.99388379204893,0.00611620795107037,0.0121575999027393
loc5768_pos4,FALSE,325,0,0,0.00307692307692308,0.996923076923077,0.00613491124260355
loc5770_pos27,FALSE,332,1,0.00301204819277108,0.998493975903614,0.00150602409638556,0.00300751197561333
loc5772_pos27,FALSE,318,1,0.00314465408805031,0.998427672955975,0.00157232704402521,0.00313970966338368
loc5774_pos16,FALSE,330,0,0,0.00303030303030303,0.996969696969697,0.00604224058769513
loc5777_pos44,FALSE,317,6,0.0189274447949527,0.1198738170347,0.8801261829653,0.211008170048463
loc5778_pos2,FALSE,311,105,0.337620578778135,0.464630225080386,0.535369774919614,0.497497958044272
loc5779_pos97,FALSE,321,1,0.00311526479750779,0.998442367601246,0.00155763239875384,0.00311041236012838
loc5780_pos10,FALSE,294,11,0.0374149659863946,0.022108843537415,0.977891156462585,0.0432400851497061
loc5782_pos18,FALSE,320,0,0,1,0,0
loc5783_pos10,FALSE,317,1,0.00315457413249211,0.998422712933754,0.00157728706624605,0.0031495984635134
loc5784_pos27,FALSE,287,1,0.00348432055749129,0.998257839721254,0.00174216027874563,0.00347825031261758
loc5787_pos23,FALSE,295,20,0.0677966101694915,0.938983050847458,0.0610169491525424,0.114587762137317
loc5788_pos51,FALSE,317,0,0,0.00630914826498423,0.993690851735016,0.0125386858263093
loc5790_pos4,FALSE,286,1,0.0034965034965035,0.998251748251748,0.00174825174825177,0.00349039072815301
loc5793_pos11,FALSE,286,0,0,1,0,0
loc5794_pos32,FALSE,318,1,0.00314465408805031,0.998427672955975,0.00157232704402521,0.00313970966338368
loc5798_pos16,FALSE,311,1,0.00321543408360129,0.998392282958199,0.00160771704180063,0.00321026457542826
loc5799_pos42,FALSE,331,1,0.00302114803625378,0.998489425981873,0.00151057401812693,0.00301658436852538
loc5801_pos130,FALSE,314,1,0.00318471337579618,0.998407643312102,0.00159235668789814,0.0031796421761533
loc5803_pos27,FALSE,326,1,0.00306748466257669,0.998466257668712,0.00153374233128833,0.0030627799314991
loc5804_pos20,FALSE,280,34,0.121428571428571,0.921428571428571,0.0785714285714286,0.144795918367347
loc5805_pos13,FALSE,322,0,0,1,0,0
loc5807_pos1,FALSE,293,1,0.00341296928327645,0.998293515358362,0.00170648464163825,0.00340714510361221
loc5809_pos72,FALSE,323,1,0.00309597523219814,0.998452012383901,0.00154798761609909,0.00309118270087899
loc5811_pos25,FALSE,319,0,0,0.00313479623824451,0.996865203761755,0.0062499385815784
loc5812_pos44,FALSE,299,6,0.020066889632107,0.096989966555184,0.903010033444816,0.175165825885616
loc5815_pos8,FALSE,323,15,0.0464396284829721,0.970588235294118,0.0294117647058824,0.0570934256055363
loc5816_pos170,FALSE,323,12,0.0371517027863777,0.975232198142415,0.0247678018575851,0.048308715697457
loc5818_pos100,FALSE,307,3,0.00977198697068404,0.99185667752443,0.00814332247557004,0.0161540175492578
loc5819_pos59,TRUE,322,85,0.263975155279503,0.315217391304348,0.684782608695652,0.431710775047259
loc5820_pos23,FALSE,317,1,0.00315457413249211,0.998422712933754,0.00157728706624605,0.0031495984635134
loc5822_pos30,FALSE,333,3,0.00900900900900901,0.995495495495496,0.00450450450450446,0.00896842788734671
loc5825_pos15,FALSE,316,3,0.00949367088607595,0.992088607594937,0.00791139240506333,0.0156976045505529
loc5829_pos65,FALSE,317,2,0.00630914826498423,0.996845425867508,0.00315457413249209,0.00628924558906941
loc5830_pos95,FALSE,320,8,0.025,0.11875,0.88125,0.209296875
loc5839_pos27,FALSE,319,0,0,0.00313479623824451,0.996865203761755,0.0062499385815784
loc5840_pos12,FALSE,330,25,0.0757575757575758,0.95,0.05,0.0950000000000001
loc5842_pos7,FALSE,317,15,0.0473186119873817,0.894321766561514,0.105678233438486,0.189020688831613
loc5843_pos26,FALSE,326,2,0.00613496932515337,0.996932515337423,0.00306748466257667,0.00611615040084305
loc5846_pos154,FALSE,302,4,0.0132450331125828,0.122516556291391,0.877483443708609,0.215012499451778
loc5847_pos36,FALSE,330,12,0.0363636363636364,0.978787878787879,0.0212121212121212,0.041524334251607
loc5848_pos10,FALSE,327,1,0.00305810397553517,0.998470948012232,0.00152905198776754,0.00305342797557248
loc5849_pos8,FALSE,323,1,0.00309597523219814,0.998452012383901,0.00154798761609909,0.00309118270087899
loc5850_pos8,FALSE,320,9,0.028125,0.9828125,0.0171875,0.0337841796875
loc5851_pos14,FALSE,320,86,0.26875,0.275,0.725,0.39875
loc5852_pos165,FALSE,304,1,0.00328947368421053,0.998355263157895,0.00164473684210531,0.00328406336565106
loc5854_pos97,FALSE,330,1,0.00303030303030303,0.998484848484849,0.00151515151515147,0.00302571166207521
loc5855_pos7,FALSE,313,0,0,1,0,0
loc5858_pos16,FALSE,320,0,0,0.003125,0.996875,0.00623046875
loc5860_pos15,FALSE,327,0,0,0.996941896024465,0.00305810397553519,0.00609750395122
loc5861_pos38,FALSE,281,1,0.00355871886120996,0.998220640569395,0.00177935943060503,0.0035523866212435
loc5864_pos47,FALSE,301,1,0.00332225913621262,0.998338870431894,0.00166112956810627,0.00331674043332846
loc5865_pos9,FALSE,296,1,0.00337837837837838,0.998310810810811,0.00168918918918914,0.00337267165814454
loc5867_pos0,FALSE,328,10,0.0304878048780488,0.121951219512195,0.878048780487805,0.214158239143367
loc5868_pos22,FALSE,314,1,0.00318471337579618,0.998407643312102,0.00159235668789814,0.0031796421761533
loc5872_pos0,FALSE,314,0,0,0.996815286624204,0.00318471337579618,0.0063491419530204
loc5874_pos27,FALSE,281,12,0.0427046263345196,0.153024911032028,0.846975088967971,0.259216575271336
loc5875_pos34,FALSE,319,67,0.210031347962382,0.816614420062696,0.183385579937304,0.299510618016725
loc5876_pos10,FALSE,322,1,0.0031055900621118,0.998447204968944,0.00155279503105588,0.00310076771729481
loc5877_pos18,TRUE,294,0,0,0.998299319727891,0.00170068027210879,0.0033955759174417
loc5880_pos36,FALSE,319,25,0.0783699059561129,0.945141065830721,0.054858934169279,0.103698863022179
loc5881_pos108,FALSE,307,1,0.00325732899022801,0.998371335504886,0.00162866449511401,0.00325202389415272
loc5884_pos14,FALSE,313,13,0.0415335463258786,0.0207667731629393,0.979233226837061,0.0406710285906766
loc5886_pos8,FALSE,301,0,0,1,0,0
loc5887_pos30,FALSE,314,20,0.0636942675159236,0.882165605095541,0.117834394904459,0.207898900563917
loc5889_pos26,FALSE,302,7,0.0231788079470199,0.872516556291391,0.127483443708609,0.222462830577606
loc5890_pos9,FALSE,311,0,0,0.00321543408360129,0.996784565916399,0.0064101901345106
loc5893_pos5,FALSE,328,1,0.00304878048780488,0.998475609756098,0.00152439024390238,0.00304413295657336
loc5895_pos60,FALSE,284,1,0.00352112676056338,0.998239436619718,0.00176056338028174,0.00351492759373151
loc5896_pos43,TRUE,301,0,0,0.998338870431894,0.00166112956810627,0.00331674043332846
loc5898_pos41,FALSE,318,14,0.0440251572327044,0.886792452830189,0.113207547169811,0.200783196867212
loc5899_pos1,FALSE,323,1,0.00309597523219814,0.998452012383901,0.00154798761609909,0.00309118270087899
loc5901_pos67,TRUE,306,56,0.183006535947712,0.258169934640523,0.741830065359477,0.383036438976462
loc5906_pos50,FALSE,296,12,0.0405405405405405,0.0878378378378378,0.912162162162162,0.160244704163623
loc5909_pos10,FALSE,336,7,0.0208333333333333,0.989583333333333,0.0104166666666666,0.0206163194444444
loc5918_pos95,FALSE,317,1,0.00315457413249211,0.998422712933754,0.00157728706624605,0.0031495984635134
loc5922_pos4,FALSE,329,17,0.0516717325227964,0.943768996960486,0.0562310030395137,0.106138154673368
loc5925_pos120,FALSE,328,1,0.00304878048780488,0.998475609756098,0.00152439024390238,0.00304413295657336
loc5926_pos23,FALSE,321,1,0.00311526479750779,0.998442367601246,0.00155763239875384,0.00311041236012838
loc5927_pos62,FALSE,302,13,0.043046357615894,0.955298013245033,0.0447019867549668,0.0854074382702512
loc5928_pos8,FALSE,343,1,0.00291545189504373,0.998542274052478,0.00145772594752192,0.00291120196516767
loc5929_pos35,FALSE,312,1,0.0032051282051282,0.998397435897436,0.0016025641025641,0.00319999178172254
loc5932_pos27,FALSE,331,26,0.0785498489425982,0.909365558912387,0.0906344410876133,0.164839678352699
loc5934_pos2,FALSE,333,1,0.003003003003003,0.998498498498498,0.00150150150150152,0.00299849398948502
loc5936_pos50,FALSE,330,0,0,0.00303030303030303,0.996969696969697,0.00604224058769513
loc5943_pos23,FALSE,324,1,0.00308641975308642,0.998456790123457,0.00154320987654322,0.00308165675964031
loc5950_pos19,FALSE,331,55,0.166163141993958,0.88368580060423,0.11631419939577,0.205570412829383
loc5954_pos60,FALSE,310,11,0.0354838709677419,0.869354838709677,0.130645161290323,0.227154006243496
loc5956_pos2,FALSE,337,9,0.0267062314540059,0.111275964391691,0.888724035608309,0.197787248280781
loc5957_pos96,FALSE,305,1,0.00327868852459016,0.998360655737705,0.00163934426229506,0.00327331362536948
loc5958_pos7,FALSE,296,1,0.00337837837837838,0.998310810810811,0.00168918918918914,0.00337267165814454
loc5959_pos30,FALSE,331,1,0.00302114803625378,0.998489425981873,0.00151057401812693,0.00301658436852538
loc5960_pos17,FALSE,326,1,0.00306748466257669,0.998466257668712,0.00153374233128833,0.0030627799314991
loc5961_pos81,FALSE,294,1,0.00340136054421769,0.998299319727891,0.00170068027210879,0.0033955759174417
loc5962_pos24,FALSE,329,1,0.00303951367781155,0.998480243161094,0.00151975683890582,0.00303489435611283
loc5965_pos8,FALSE,326,1,0.00306748466257669,0.998466257668712,0.00153374233128833,0.0030627799314991
loc5967_pos45,FALSE,299,1,0.00334448160535117,0.998327759197324,0.00167224080267558,0.0033388888267469
loc5968_pos62,FALSE,322,1,0.0031055900621118,0.0015527950310559,0.998447204968944,0.00310076771729486
loc5969_pos71,FALSE,326,10,0.0306748466257669,0.975460122699387,0.0245398773006135,0.0478753434453686
loc5970_pos26,FALSE,323,15,0.0464396284829721,0.140866873065015,0.859133126934985,0.242046794275801
loc5973_pos17,FALSE,320,1,0.003125,0.9984375,0.00156250000000002,0.00312011718750004
loc5974_pos29,FALSE,338,1,0.0029585798816568,0.998520710059172,0.00147928994082835,0.00295420328419864
loc5975_pos26,FALSE,327,62,0.18960244648318,0.877675840978593,0.122324159021407,0.214721918282225
loc5977_pos4,FALSE,327,0,0,0.996941896024465,0.00305810397553519,0.00609750395122
loc5981_pos8,FALSE,300,1,0.00333333333333333,0.998333333333333,0.0016666666666667,0.00332777777777785
loc5983_pos96,FALSE,331,0,0,0.00604229607250755,0.993957703927492,0.0120115734613594
loc5985_pos44,FALSE,296,16,0.0540540540540541,0.101351351351351,0.898648648648649,0.182158509861213
loc5988_pos53,FALSE,290,1,0.00344827586206897,0.998275862068966,0.00172413793103443,0.0034423305588584
loc5989_pos27,FALSE,309,1,0.00323624595469256,0.998381877022654,0.00161812297734631,0.003231009310753
loc5990_pos3,FALSE,291,0,0,1,0,0
loc5992_pos77,FALSE,331,50,0.151057401812689,0.163141993957704,0.836858006042296,0.273053367530417
loc5993_pos21,FALSE,324,50,0.154320987654321,0.222222222222222,0.777777777777778,0.345679012345679
loc5995_pos50,FALSE,305,1,0.00327868852459016,0.998360655737705,0.00163934426229506,0.00327331362536948
loc5997_pos8,FALSE,327,19,0.0581039755351682,0.922018348623853,0.0779816513761468,0.143801026849592
loc6001_pos118,FALSE,283,1,0.00353356890459364,0.998233215547703,0.00176678445229683,0.00352732584999191
loc6003_pos13,FALSE,290,88,0.303448275862069,0.282758620689655,0.717241379310345,0.405612366230678
loc6004_pos18,FALSE,311,0,0,1,0,0
loc6005_pos140,FALSE,303,4,0.0132013201320132,0.986798679867987,0.0132013201320133,0.0260540905575707
loc6008_pos21,FALSE,290,1,0.00344827586206897,0.998275862068966,0.00172413793103443,0.0034423305588584
loc6009_pos26,TRUE,323,0,0,0.879256965944272,0.120743034055728,0.21232830756549
loc6010_pos49,FALSE,303,14,0.0462046204620462,0.0297029702970297,0.97029702970297,0.0576414077051269
loc6011_pos82,FALSE,332,0,0,0.00301204819277108,0.996987951807229,0.00600595151691102
loc6013_pos36,FALSE,280,0,0,1,0,0
loc6017_pos12,FALSE,328,1,0.00304878048780488,0.998475609756098,0.00152439024390238,0.00304413295657336
loc6020_pos3,FALSE,303,13,0.0429042904290429,0.968646864686469,0.0313531353135313,0.0607402324390855
loc6021_pos23,FALSE,333,1,0.003003003003003,0.998498498498498,0.00150150150150152,0.00299849398948502
loc6023_pos30,FALSE,319,16,0.0501567398119122,0.912225705329154,0.0877742946708464,0.160139935731764
loc6027_pos26,FALSE,307,1,0.00325732899022801,0.998371335504886,0.00162866449511401,0.00325202389415272
loc6028_pos47,FALSE,339,1,0.00294985250737463,0.998525073746313,0.00147492625368728,0.00294550169246693
loc6030_pos125,FALSE,289,3,0.0103806228373702,0.994809688581315,0.00519031141868509,0.0103267441721243
loc6032_pos45,FALSE,330,1,0.00303030303030303,0.00151515151515152,0.998484848484849,0.0030257116620753
loc6034_pos30,FALSE,295,1,0.00338983050847458,0.998305084745763,0.00169491525423726,0.00338408503303643
loc6035_pos60,FALSE,330,13,0.0393939393939394,0.874242424242424,0.125757575757576,0.219885215794307
loc6036_pos10,FALSE,300,12,0.04,0.02,0.98,0.0392
loc6037_pos11,FALSE,310,2,0.00645161290322581,0.993548387096774,0.00645161290322582,0.0128199791883455
loc6041_pos40,FALSE,307,2,0.00651465798045603,0.996742671009772,0.00325732899022801,0.00649343759615487
loc6042_pos35,FALSE,290,9,0.0310344827586207,0.0189655172413793,0.981034482758621,0.0372116527942925
loc6044_pos124,FALSE,313,5,0.0159744408945687,0.953674121405751,0.0463258785942492,0.0883595831334402
loc6046_pos2,FALSE,305,4,0.0131147540983607,0.99016393442623,0.00983606557377048,0.0194786347755979
loc6047_pos27,FALSE,325,0,0,1,0,0
loc6049_pos38,FALSE,321,25,0.0778816199376947,0.0514018691588785,0.948598130841122,0.0975194340117041
loc6050_pos15,FALSE,297,1,0.00336700336700337,0.998316498316498,0.00168350168350173,0.00336133501116676
loc6054_pos25,FALSE,316,44,0.139240506329114,0.89873417721519,0.10126582278481,0.182022111841051
loc6056_pos10,FALSE,288,1,0.00347222222222222,0.998263888888889,0.00173611111111116,0.00346619405864207
loc6059_pos68,FALSE,302,6,0.0198675496688742,0.867549668874172,0.132450331125828,0.229814481820973
loc6061_pos32,FALSE,298,1,0.00335570469798658,0.998322147651007,0.00167785234899331,0.00335007432097658
loc6065_pos78,FALSE,331,18,0.054380664652568,0.91238670694864,0.0876132930513596,0.159874407864112
loc6066_pos0,FALSE,307,11,0.0358306188925081,0.0765472312703583,0.923452768729642,0.141375505310401
loc6067_pos9,FALSE,321,1,0.00311526479750779,0.998442367601246,0.00155763239875384,0.00311041236012838
loc6070_pos31,FALSE,329,4,0.0121580547112462,0.993920972644377,0.00607902735562305,0.0120841455640653
loc6071_pos34,FALSE,326,1,0.00306748466257669,0.998466257668712,0.00153374233128833,0.0030627799314991
loc6072_pos2,FALSE,293,9,0.0307167235494881,0.974402730375427,0.0255972696245734,0.0498840988246806
loc6074_pos3,FALSE,287,4,0.0139372822299652,0.993031358885017,0.00696864111498263,0.0138401583119864
loc6077_pos8,FALSE,287,3,0.0104529616724739,0.98780487804878,0.0121951219512195,0.0240928019036288
loc6078_pos4,FALSE,332,1,0.00301204819277108,0.998493975903614,0.00150602409638556,0.00300751197561333
loc6079_pos60,FALSE,288,1,0.00347222222222222,0.998263888888889,0.00173611111111116,0.00346619405864207
loc6080_pos11,FALSE,298,22,0.0738255033557047,0.838926174496644,0.161073825503356,0.27025809648214
loc6082_pos63,TRUE,293,0,0,0.998293515358362,0.00170648464163825,0.00340714510361221
loc6085_pos6,FALSE,303,22,0.0726072607260726,0.128712871287129,0.871287128712871,0.224291736104304
loc6086_pos21,FALSE,331,30,0.0906344410876133,0.858006042296072,0.141993957703928,0.243663347359006
loc6090_pos6,FALSE,303,1,0.0033003300330033,0.998349834983498,0.00165016501650161,0.00329488394383986
loc6092_pos58,FALSE,318,1,0.00314465408805031,0.998427672955975,0.00157232704402521,0.00313970966338368
loc6095_pos6,FALSE,315,1,0.00317460317460317,0.998412698412698,0.00158730158730158,0.00316956412194506
loc6096_pos107,FALSE,303,13,0.0429042904290429,0.836633663366337,0.163366336633663,0.27335555337712
loc6097_pos18,FALSE,318,7,0.0220125786163522,0.0172955974842767,0.982704402515723,0.0339929195838772
loc6098_pos59,TRUE,312,0,0,0.998397435897436,0.0016025641025641,0.00319999178172254
loc6099_pos6,FALSE,293,0,0,0.918088737201365,0.0819112627986348,0.150403615650736
loc6103_pos31,FALSE,293,0,0,0.996587030716723,0.0034129692832765,0.00680264184789582
loc6104_pos25,FALSE,302,35,0.115894039735099,0.935430463576159,0.0645695364238411,0.120800622779703
loc6105_pos97,FALSE,306,0,0,0.00326797385620915,0.996732026143791,0.00651458840616857
loc6106_pos46,FALSE,313,13,0.0415335463258786,0.857827476038339,0.142172523961661,0.243918994784064
loc6108_pos7,FALSE,306,15,0.0490196078431373,0.959150326797386,0.0408496732026143,0.0783619548037079
loc6111_pos12,FALSE,294,0,0,0.00340136054421769,0.996598639455782,0.00677958258133185
loc6112_pos4,FALSE,337,0,0,0.00593471810089021,0.99406528189911,0.0117989944439063
loc6113_pos17,FALSE,297,1,0.00336700336700337,0.998316498316498,0.00168350168350173,0.00336133501116676
loc6114_pos3,FALSE,309,0,0,0.996763754045307,0.00323624595469252,0.00645154533362651
loc6117_pos51,FALSE,316,1,0.00316455696202532,0.998417721518987,0.00158227848101267,0.00315954975164238
loc6121_pos37,FALSE,287,8,0.0278745644599303,0.982578397212544,0.0174216027874564,0.034236181087545
loc6123_pos106,FALSE,324,120,0.37037037037037,0.197530864197531,0.802469135802469,0.317024843773815
loc6126_pos10,FALSE,319,9,0.0282131661442006,0.904388714733542,0.0956112852664577,0.172939534792307
loc6128_pos9,FALSE,295,2,0.00677966101694915,0.00677966101694915,0.993220338983051,0.0134673944268888
loc6137_pos29,FALSE,322,1,0.0031055900621118,0.0046583850931677,0.995341614906832,0.00927336908298291
loc6139_pos36,TRUE,296,0,0,0.998310810810811,0.00168918918918914,0.00337267165814454
loc6141_pos67,FALSE,317,8,0.0252365930599369,0.123028391167192,0.876971608832808,0.215784812268009
loc6142_pos7,FALSE,325,1,0.00307692307692308,0.998461538461539,0.00153846153846149,0.00307218934911233
loc6143_pos6,FALSE,333,1,0.003003003003003,0.0045045045045045,0.995495495495496,0.00896842788734681
loc6144_pos97,FALSE,308,1,0.00324675324675325,0.998376623376623,0.00162337662337664,0.00324148254343062
loc6148_pos85,FALSE,327,15,0.0458715596330275,0.967889908256881,0.0321100917431193,0.0621580675027355
loc6149_pos2,FALSE,295,5,0.0169491525423729,0.869491525423729,0.130508474576271,0.226952025280092
loc6152_pos72,FALSE,319,8,0.0250783699059561,0.13166144200627,0.86833855799373,0.228653413390199
loc6157_pos25,FALSE,290,1,0.00344827586206897,0.998275862068966,0.00172413793103443,0.0034423305588584
loc6158_pos53,FALSE,325,1,0.00307692307692308,0.998461538461539,0.00153846153846149,0.00307218934911233
loc6160_pos13,FALSE,312,0,0,0.0032051282051282,0.996794871794872,0.00638971071663379
loc6161_pos41,FALSE,297,1,0.00336700336700337,0.998316498316498,0.00168350168350173,0.00336133501116676
loc6165_pos63,TRUE,313,0,0,0.988817891373802,0.0111821086261981,0.0221141381457399
loc6167_pos3,FALSE,317,20,0.0630914826498423,0.946372239747634,0.0536277602523659,0.101503647165361
loc6168_pos24,FALSE,321,0,0,0.00311526479750779,0.996884735202492,0.00621111984549839
loc6169_pos40,FALSE,311,1,0.00321543408360129,0.998392282958199,0.00160771704180063,0.00321026457542826
loc6170_pos159,FALSE,309,0,0,1,0,0
loc6172_pos3,FALSE,318,1,0.00314465408805031,0.998427672955975,0.00157232704402521,0.00313970966338368
loc6174_pos23,FALSE,308,0,0,1,0,0
loc6176_pos22,FALSE,325,1,0.00307692307692308,0.998461538461539,0.00153846153846149,0.00307218934911233
loc6178_pos14,FALSE,321,0,0,0.00311526479750779,0.996884735202492,0.00621111984549839
loc6182_pos23,FALSE,307,1,0.00325732899022801,0.998371335504886,0.00162866449511401,0.00325202389415272
loc6183_pos44,FALSE,303,32,0.105610561056106,0.214521452145215,0.785478547854785,0.337003997429446
loc6185_pos5,FALSE,321,8,0.0249221183800623,0.931464174454829,0.0685358255451713,0.127677332324026
loc6187_pos27,FALSE,323,1,0.00309597523219814,0.998452012383901,0.00154798761609909,0.00309118270087899
loc6192_pos20,FALSE,329,1,0.00303951367781155,0.998480243161094,0.00151975683890582,0.00303489435611283
loc6194_pos39,FALSE,304,0,0,0.00328947368421053,0.99671052631579,0.00655730609418283
loc6195_pos15,FALSE,331,0,0,0.00302114803625378,0.996978851963746,0.00602404140159363
loc6196_pos4,FALSE,316,1,0.00316455696202532,0.998417721518987,0.00158227848101267,0.00315954975164238
loc6200_pos104,FALSE,312,1,0.0032051282051282,0.998397435897436,0.0016025641025641,0.00319999178172254
loc6201_pos44,FALSE,292,12,0.0410958904109589,0.0308219178082192,0.969178082191781,0.0597438543816851
loc6203_pos36,FALSE,318,4,0.0125786163522013,0.880503144654088,0.119496855345912,0.2104347138167
loc6204_pos29,FALSE,330,4,0.0121212121212121,0.993939393939394,0.0060606060606061,0.0120477502295685
loc6205_pos55,FALSE,281,1,0.00355871886120996,0.00177935943060498,0.998220640569395,0.0035523866212434
loc6206_pos125,FALSE,321,1,0.00311526479750779,0.998442367601246,0.00155763239875384,0.00311041236012838
loc6210_pos14,FALSE,337,7,0.0207715133531157,0.989614243323442,0.0103857566765578,0.0205557854696263
loc6214_pos52,FALSE,330,1,0.00303030303030303,0.998484848484849,0.00151515151515147,0.00302571166207521
loc6216_pos46,FALSE,325,1,0.00307692307692308,0.00153846153846154,0.998461538461539,0.00307218934911243
loc6218_pos6,FALSE,311,0,0,0.00321543408360129,0.996784565916399,0.0064101901345106
loc6220_pos29,FALSE,330,1,0.00303030303030303,0.998484848484849,0.00151515151515147,0.00302571166207521
loc6221_pos2,FALSE,331,8,0.0241691842900302,0.873111782477341,0.126888217522659,0.221575195553162
loc6222_pos61,FALSE,284,2,0.00704225352112676,0.0880281690140845,0.911971830985915,0.160558420948225
loc6223_pos5,FALSE,317,0,0,0.00630914826498423,0.993690851735016,0.0125386858263093
loc6227_pos35,FALSE,296,1,0.00337837837837838,0.00168918918918919,0.998310810810811,0.00337267165814463
loc6229_pos21,TRUE,327,0,0,0.964831804281346,0.0351681957186545,0.0678627874570978
loc6230_pos24,FALSE,327,0,0,0.00305810397553517,0.996941896024465,0.00609750395121997
loc6231_pos103,TRUE,321,1,0.00311526479750779,0.00155763239875389,0.998442367601246,0.00311041236012849
loc6235_pos19,FALSE,316,3,0.00949367088607595,0.995253164556962,0.004746835443038,0.00944860599262944
loc6236_pos94,FALSE,328,1,0.00304878048780488,0.998475609756098,0.00152439024390238,0.00304413295657336
loc6238_pos16,FALSE,333,0,0,1,0,0
loc6239_pos33,FALSE,315,0,0,0.00317460317460317,0.996825396825397,0.00632905013857395
loc6241_pos12,TRUE,318,0,0,0.998427672955975,0.00157232704402521,0.00313970966338368
loc6243_pos23,FALSE,285,2,0.00701754385964912,0.996491228070175,0.00350877192982457,0.0069929208987381
loc6251_pos10,FALSE,333,1,0.003003003003003,0.998498498498498,0.00150150150150152,0.00299849398948502
loc6252_pos10,FALSE,309,1,0.00323624595469256,0.998381877022654,0.00161812297734631,0.003231009310753
loc6253_pos2,FALSE,308,1,0.00324675324675325,0.998376623376623,0.00162337662337664,0.00324148254343062
loc6254_pos7,FALSE,322,1,0.0031055900621118,0.998447204968944,0.00155279503105588,0.00310076771729481
loc6257_pos20,FALSE,312,3,0.00961538461538462,0.0977564102564103,0.90224358974359,0.176400189020381
loc6259_pos17,FALSE,327,10,0.0305810397553517,0.886850152905199,0.113149847094801,0.200693918394449
loc6260_pos52,FALSE,308,1,0.00324675324675325,0.998376623376623,0.00162337662337664,0.00324148254343062
loc6263_pos22,FALSE,337,0,0,0.0029673590504451,0.997032640949555,0.00591710766142169
loc6264_pos16,FALSE,317,121,0.381703470031546,0.427444794952681,0.572555205047319,0.489471484441083
loc6265_pos67,FALSE,297,4,0.0134680134680135,0.98989898989899,0.0101010101010101,0.0199979593918987
loc6270_pos52,FALSE,300,7,0.0233333333333333,0.138333333333333,0.861666666666667,0.238394444444444
loc6274_pos97,FALSE,302,1,0.0033112582781457,0.998344370860927,0.0016556291390728,0.00330577606245331
loc6275_pos144,FALSE,294,1,0.00340136054421769,0.998299319727891,0.00170068027210879,0.0033955759174417
loc6277_pos49,FALSE,298,1,0.00335570469798658,0.998322147651007,0.00167785234899331,0.00335007432097658
loc6279_pos30,FALSE,298,1,0.00335570469798658,0.998322147651007,0.00167785234899331,0.00335007432097658
loc6282_pos19,FALSE,329,1,0.00303951367781155,0.998480243161094,0.00151975683890582,0.00303489435611283
loc6283_pos32,FALSE,327,45,0.137614678899083,0.848623853211009,0.151376146788991,0.256922817944617
loc6284_pos61,FALSE,323,1,0.00309597523219814,0.998452012383901,0.00154798761609909,0.00309118270087899
loc6285_pos7,FALSE,330,1,0.00303030303030303,0.998484848484849,0.00151515151515147,0.00302571166207521
loc6286_pos11,FALSE,303,1,0.0033003300330033,0.998349834983498,0.00165016501650161,0.00329488394383986
loc6287_pos7,FALSE,319,1,0.00313479623824451,0.998432601880878,0.00156739811912221,0.00312988276451676
loc6289_pos136,FALSE,326,1,0.00306748466257669,0.998466257668712,0.00153374233128833,0.0030627799314991
loc6290_pos39,FALSE,295,1,0.00338983050847458,0.998305084745763,0.00169491525423726,0.00338408503303643
loc6292_pos130,FALSE,324,1,0.00308641975308642,0.998456790123457,0.00154320987654322,0.00308165675964031
loc6293_pos91,FALSE,320,0,0,0.003125,0.996875,0.00623046875
loc6295_pos143,FALSE,306,1,0.00326797385620915,0.998366013071895,0.00163398692810457,0.00326263402964671
loc6297_pos26,FALSE,331,1,0.00302114803625378,0.998489425981873,0.00151057401812693,0.00301658436852538
loc6300_pos31,FALSE,286,93,0.325174825174825,0.641608391608392,0.358391608391608,0.459894126852169
loc6301_pos121,FALSE,318,1,0.00314465408805031,0.998427672955975,0.00157232704402521,0.00313970966338368
loc6307_pos21,FALSE,325,1,0.00307692307692308,0.998461538461539,0.00153846153846149,0.00307218934911233
loc6313_pos50,FALSE,337,1,0.0029673590504451,0.00148367952522255,0.998516320474777,0.00296295644057797
loc6314_pos22,FALSE,317,21,0.0662460567823344,0.941640378548896,0.0583596214511041,0.109907552070376
loc6316_pos15,FALSE,287,0,0,0.996515679442509,0.00348432055749126,0.00694436013548781
loc6318_pos22,FALSE,322,1,0.0031055900621118,0.998447204968944,0.00155279503105588,0.00310076771729481
loc6321_pos14,TRUE,281,0,0,0.99644128113879,0.00355871886120995,0.00709210876255364
loc6324_pos45,FALSE,307,1,0.00325732899022801,0.998371335504886,0.00162866449511401,0.00325202389415272
loc6328_pos79,FALSE,287,1,0.00348432055749129,0.998257839721254,0.00174216027874563,0.00347825031261758
loc6329_pos35,FALSE,294,1,0.00340136054421769,0.998299319727891,0.00170068027210879,0.0033955759174417
loc6331_pos2,FALSE,336,1,0.00297619047619048,0.998511904761905,0.00148809523809523,0.00297176162131518
loc6332_pos71,FALSE,317,13,0.0410094637223975,0.976340694006309,0.0236593059936908,0.0461990864671754
loc6337_pos11,FALSE,291,3,0.0103092783505155,0.994845360824742,0.00515463917525771,0.0102561377404612
loc6339_pos2,FALSE,329,1,0.00303951367781155,0.998480243161094,0.00151975683890582,0.00303489435611283
loc6341_pos46,FALSE,280,0,0,0.996428571428571,0.00357142857142856,0.00711734693877549
loc6345_pos7,FALSE,307,2,0.00651465798045603,0.996742671009772,0.00325732899022801,0.00649343759615487
loc6348_pos24,FALSE,315,1,0.00317460317460317,0.998412698412698,0.00158730158730158,0.00316956412194506
loc6352_pos119,FALSE,327,0,0,1,0,0
loc6354_pos5,FALSE,306,0,0,0.0457516339869281,0.954248366013072,0.0873168439489085
loc6355_pos35,FALSE,318,26,0.0817610062893082,0.128930817610063,0.871069182389937,0.224615323760927
loc6356_pos2,FALSE,287,1,0.00348432055749129,0.994773519163763,0.00522648083623689,0.0103983294686107
loc6361_pos34,FALSE,329,1,0.00303951367781155,0.998480243161094,0.00151975683890582,0.00303489435611283
loc6363_pos3,FALSE,299,2,0.00668896321070234,0.996655518394649,0.00334448160535117,0.00666659209628527
loc6369_pos35,TRUE,325,0,0,0.998461538461539,0.00153846153846149,0.00307218934911233
loc6370_pos49,FALSE,290,27,0.0931034482758621,0.0637931034482759,0.936206896551724,0.119447086801427
loc6372_pos2,TRUE,324,13,0.0401234567901235,0.885802469135803,0.114197530864197,0.202312909617436
loc6375_pos10,FALSE,329,1,0.00303951367781155,0.998480243161094,0.00151975683890582,0.00303489435611283
loc6376_pos21,FALSE,329,1,0.00303951367781155,0.998480243161094,0.00151975683890582,0.00303489435611283
loc6377_pos24,FALSE,315,1,0.00317460317460317,0.998412698412698,0.00158730158730158,0.00316956412194506
loc6379_pos38,FALSE,316,1,0.00316455696202532,0.998417721518987,0.00158227848101267,0.00315954975164238
loc6380_pos109,FALSE,314,11,0.035031847133758,0.982484076433121,0.017515923566879,0.0344182319769566
loc6381_pos23,FALSE,314,14,0.0445859872611465,0.894904458598726,0.105095541401274,0.188100937157694
loc6383_pos2,FALSE,334,1,0.0029940119760479,0.998502994011976,0.00149700598802394,0.00298952992219151
loc6384_pos29,FALSE,323,4,0.0123839009287926,0.123839009287926,0.876160990712074,0.217005818133021
loc6385_pos6,FALSE,324,1,0.00308641975308642,0.998456790123457,0.00154320987654322,0.00308165675964031
loc6386_pos38,FALSE,296,1,0.00337837837837838,0.998310810810811,0.00168918918918914,0.00337267165814454
loc6389_pos39,FALSE,289,1,0.00346020761245675,0.998269896193772,0.0017301038062284,0.00345422109409615
loc6390_pos5,FALSE,318,1,0.00314465408805031,0.998427672955975,0.00157232704402521,0.00313970966338368
loc6393_pos9,FALSE,319,13,0.0407523510971787,0.117554858934169,0.882445141065831,0.207471428150274
loc6395_pos44,FALSE,299,0,0,1,0,0
loc6399_pos13,FALSE,307,1,0.00325732899022801,0.998371335504886,0.00162866449511401,0.00325202389415272
loc6401_pos9,FALSE,284,0,0,0.98943661971831,0.0105633802816901,0.0209035905574291
loc6402_pos61,TRUE,329,10,0.0303951367781155,0.977203647416413,0.0227963525835866,0.0445533577849428
loc6405_pos124,FALSE,311,1,0.00321543408360129,0.998392282958199,0.00160771704180063,0.00321026457542826
loc6409_pos14,FALSE,316,1,0.00316455696202532,0.998417721518987,0.00158227848101267,0.00315954975164238
loc6411_pos54,FALSE,324,1,0.00308641975308642,0.998456790123457,0.00154320987654322,0.00308165675964031
loc6412_pos0,FALSE,317,0,0,0.00315457413249211,0.996845425867508,0.00628924558906945
loc6413_pos40,FALSE,307,1,0.00325732899022801,0.998371335504886,0.00162866449511401,0.00325202389415272
loc6416_pos13,FALSE,329,2,0.0060790273556231,0.996960486322188,0.00303951367781152,0.00606055006882784
loc6417_pos38,FALSE,298,1,0.00335570469798658,0.998322147651007,0.00167785234899331,0.00335007432097658
loc6418_pos17,FALSE,308,1,0.00324675324675325,0.998376623376623,0.00162337662337664,0.00324148254343062
loc6420_pos0,FALSE,311,14,0.045016077170418,0.122186495176849,0.877813504823151,0.214513911146494
loc6423_pos101,FALSE,292,1,0.00342465753424658,0.998287671232877,0.00171232876712324,0.00341879339463304
loc6426_pos6,FALSE,307,130,0.423452768729642,0.54071661237785,0.45928338762215,0.496684314952944
loc6428_pos3,FALSE,334,0,0,0.0029940119760479,0.997005988023952,0.00597009573667037
loc6429_pos3,FALSE,337,128,0.379821958456973,0.810089020771513,0.189910979228487,0.307689598393928
loc6430_pos97,FALSE,331,1,0.00302114803625378,0.00453172205438067,0.995468277945619,0.00902237109920501
loc6431_pos42,FALSE,309,1,0.00323624595469256,0.998381877022654,0.00161812297734631,0.003231009310753
loc6434_pos3,TRUE,330,50,0.151515151515152,0.16969696969697,0.83030303030303,0.281799816345271
loc6435_pos46,FALSE,308,1,0.00324675324675325,0.998376623376623,0.00162337662337664,0.00324148254343062
loc6438_pos33,FALSE,306,27,0.0882352941176471,0.946078431372549,0.053921568627451,0.102028066128412
loc6441_pos14,FALSE,323,2,0.00619195046439629,0.996904024767802,0.00309597523219818,0.00617278033911959
loc6445_pos34,FALSE,332,1,0.00301204819277108,0.998493975903614,0.00150602409638556,0.00300751197561333
loc6447_pos25,FALSE,325,2,0.00615384615384615,0.996923076923077,0.00307692307692309,0.00613491124260357
loc6449_pos4,FALSE,304,1,0.00328947368421053,0.998355263157895,0.00164473684210531,0.00328406336565106
loc6452_pos13,FALSE,323,0,0,0.00309597523219814,0.996904024767802,0.00617278033911952
loc6454_pos1,FALSE,325,5,0.0153846153846154,0.121538461538462,0.878461538461538,0.213533727810651
loc6456_pos82,FALSE,329,0,0,0.00303951367781155,0.996960486322188,0.00606055006882789
loc6458_pos13,FALSE,314,39,0.124203821656051,0.071656050955414,0.928343949044586,0.133042922633778
loc6460_pos14,FALSE,309,1,0.00323624595469256,0.998381877022654,0.00161812297734631,0.003231009310753
loc6463_pos104,FALSE,327,1,0.00305810397553517,0.998470948012232,0.00152905198776754,0.00305342797557248
loc6465_pos12,FALSE,326,1,0.00306748466257669,0.998466257668712,0.00153374233128833,0.0030627799314991
loc6467_pos19,FALSE,317,0,0,0.00315457413249211,0.996845425867508,0.00628924558906945
loc6468_pos36,FALSE,320,3,0.009375,0.9890625,0.0109375,0.0216357421875001
loc6471_pos1,FALSE,327,1,0.00305810397553517,0.998470948012232,0.00152905198776754,0.00305342797557248
loc6472_pos14,FALSE,332,1,0.00301204819277108,0.998493975903614,0.00150602409638556,0.00300751197561333
loc6474_pos18,FALSE,300,1,0.00333333333333333,0.998333333333333,0.0016666666666667,0.00332777777777785
loc6476_pos57,FALSE,329,0,0,0.00303951367781155,0.996960486322188,0.00606055006882789
loc6481_pos3,FALSE,292,24,0.0821917808219178,0.958904109589041,0.041095890410959,0.0788140364045788
loc6486_pos152,FALSE,323,1,0.00309597523219814,0.998452012383901,0.00154798761609909,0.00309118270087899
loc6488_pos11,FALSE,321,0,0,0.00311526479750779,0.996884735202492,0.00621111984549839
loc6496_pos6,FALSE,332,12,0.036144578313253,0.966867469879518,0.0331325301204819,0.0640695311365945
loc6497_pos31,FALSE,339,0,0,0.00294985250737463,0.997050147492625,0.00588230175511873
loc6503_pos0,FALSE,327,0,0,1,0,0
loc6512_pos72,FALSE,308,1,0.00324675324675325,0.00162337662337662,0.998376623376623,0.0032414825434306
loc6514_pos23,FALSE,330,15,0.0454545454545455,0.0318181818181818,0.968181818181818,0.0616115702479339
loc6515_pos12,FALSE,322,1,0.0031055900621118,0.998447204968944,0.00155279503105588,0.00310076771729481
loc6516_pos60,FALSE,313,1,0.00319488817891374,0.998402555910543,0.00159744408945683,0.00318978452367579
loc6518_pos19,FALSE,291,1,0.00343642611683849,0.998281786941581,0.00171821305841924,0.00343052160461023
loc6519_pos29,FALSE,326,38,0.116564417177914,0.941717791411043,0.058282208588957,0.109770785501901
loc6524_pos1,FALSE,290,2,0.00689655172413793,0.996551724137931,0.00344827586206897,0.00687277051129609
loc6526_pos17,FALSE,289,13,0.0449826989619377,0.0259515570934256,0.974048442906574,0.0505561475557046
loc6527_pos2,FALSE,296,19,0.0641891891891892,0.967905405405405,0.0320945945945946,0.0621290631848065
loc6530_pos8,FALSE,302,2,0.00662251655629139,0.0629139072847682,0.937086092715232,0.117911495109864
loc6532_pos12,FALSE,328,8,0.024390243902439,0.128048780487805,0.871951219512195,0.223304580606782
loc6543_pos21,FALSE,306,0,0,0.00326797385620915,0.996732026143791,0.00651458840616857
loc6546_pos20,FALSE,313,1,0.00319488817891374,0.998402555910543,0.00159744408945683,0.00318978452367579
loc6548_pos35,FALSE,327,1,0.00305810397553517,0.998470948012232,0.00152905198776754,0.00305342797557248
loc6552_pos7,FALSE,320,2,0.00625,0.996875,0.00312500000000004,0.00623046875000009
loc6553_pos9,FALSE,330,0,0,0.00303030303030303,0.996969696969697,0.00604224058769513
loc6554_pos15,FALSE,332,1,0.00301204819277108,0.00451807228915663,0.995481927710843,0.00899531862389316
loc6557_pos7,FALSE,281,1,0.00355871886120996,0.998220640569395,0.00177935943060503,0.0035523866212435
loc6558_pos11,FALSE,325,1,0.00307692307692308,0.998461538461539,0.00153846153846149,0.00307218934911233
loc6559_pos12,FALSE,327,1,0.00305810397553517,0.998470948012232,0.00152905198776754,0.00305342797557248
loc6561_pos36,FALSE,350,1,0.00285714285714286,0.998571428571429,0.00142857142857145,0.00285306122448983
loc6567_pos109,TRUE,309,4,0.0129449838187702,0.991909385113269,0.00809061488673135,0.0160503136749719
loc6568_pos55,FALSE,313,0,0,0.00319488817891374,0.996805111821086,0.00636936173687595
loc6570_pos5,FALSE,325,2,0.00615384615384615,0.996923076923077,0.00307692307692309,0.00613491124260357
loc6571_pos3,FALSE,338,0,0,0.0029585798816568,0.997041420118343,0.00589965337348132
loc6573_pos11,FALSE,318,2,0.00628930817610063,0.00314465408805031,0.99685534591195,0.00626953047743365
loc6575_pos35,FALSE,325,22,0.0676923076923077,0.932307692307692,0.0676923076923077,0.126220118343195
loc6576_pos2,FALSE,313,1,0.00319488817891374,0.998402555910543,0.00159744408945683,0.00318978452367579
loc6577_pos23,FALSE,336,2,0.00595238095238095,0.99702380952381,0.00297619047619047,0.0059346655328798
loc6578_pos2,FALSE,315,11,0.0349206349206349,0.925396825396825,0.0746031746031746,0.138075081884606
loc6579_pos3,FALSE,316,12,0.0379746835443038,0.977848101265823,0.0221518987341772,0.043322384233296
loc6581_pos127,FALSE,327,1,0.00305810397553517,0.998470948012232,0.00152905198776754,0.00305342797557248
