loci_spal,multAllele,counts,het,hobs,p,q,hexp
loc0_pos8,FALSE,286,64,0.223776223776224,0.192307692307692,0.807692307692308,0.310650887573965
loc21_pos50,FALSE,262,22,0.083969465648855,0.0916030534351145,0.908396946564885,0.166423868072956
loc29_pos57,FALSE,289,30,0.103806228373702,0.934256055363322,0.0657439446366782,0.122843356760575
loc31_pos19,FALSE,278,21,0.0755395683453237,0.929856115107914,0.0701438848920863,0.130447440608664
loc33_pos19,FALSE,260,40,0.153846153846154,0.923076923076923,0.0769230769230769,0.142011834319527
loc36_pos5,FALSE,302,67,0.221854304635762,0.779801324503311,0.220198675496689,0.343422437612385
loc43_pos50,FALSE,276,42,0.152173913043478,0.884057971014493,0.115942028985507,0.204998949800462
loc47_pos15,FALSE,292,77,0.263698630136986,0.24486301369863,0.75513698630137,0.369810236442109
loc60_pos57,FALSE,307,120,0.390879478827362,0.465798045602606,0.534201954397394,0.497660452630797
loc67_pos9,FALSE,262,38,0.145038167938931,0.141221374045802,0.858778625954199,0.242555795116835
loc84_pos15,FALSE,290,43,0.148275862068966,0.912068965517241,0.0879310344827586,0.160398335315101
loc98_pos94,FALSE,300,57,0.19,0.851666666666667,0.148333333333333,0.252661111111111
loc99_pos12,FALSE,287,58,0.202090592334495,0.874564459930314,0.125435540069686,0.219402930714225
loc103_pos73,FALSE,297,25,0.0841750841750842,0.0589225589225589,0.941077441077441,0.110901381945153
loc106_pos4,FALSE,259,62,0.239382239382239,0.768339768339768,0.231660231660232,0.355987537454719
loc118_pos21,FALSE,285,16,0.056140350877193,0.940350877192982,0.0596491228070175,0.112182209910742
loc123_pos6,FALSE,290,74,0.255172413793103,0.189655172413793,0.810344827586207,0.307372175980975
loc139_pos13,FALSE,311,53,0.170418006430868,0.136655948553055,0.863344051446945,0.235962200556239
loc144_pos6,FALSE,271,70,0.25830258302583,0.287822878228782,0.712177121771218,0.409961737993764
loc149_pos0,FALSE,277,19,0.0685920577617329,0.0667870036101083,0.933212996389892,0.124652999517783
loc158_pos3,FALSE,282,52,0.184397163120567,0.117021276595745,0.882978723404255,0.206654594839294
loc176_pos8,FALSE,268,83,0.309701492537313,0.263059701492537,0.736940298507463,0.387718589886389
loc178_pos120,FALSE,274,31,0.113138686131387,0.936131386861314,0.0638686131386861,0.119578826788854
loc191_pos6,FALSE,261,108,0.413793103448276,0.53639846743295,0.46360153256705,0.497350303137065
loc192_pos17,FALSE,269,40,0.148698884758364,0.9182156133829,0.0817843866171004,0.15019140144553
loc194_pos124,FALSE,266,102,0.383458646616541,0.556390977443609,0.443609022556391,0.493640115325909
loc214_pos2,FALSE,285,64,0.224561403508772,0.168421052631579,0.831578947368421,0.2801108033241
loc217_pos6,FALSE,284,31,0.109154929577465,0.938380281690141,0.0616197183098591,0.115645457250545
loc237_pos4,FALSE,286,19,0.0664335664335664,0.0786713286713287,0.921328671328671,0.144964301432833
loc277_pos27,FALSE,276,121,0.438405797101449,0.567028985507246,0.432971014492754,0.491014230203739
loc299_pos25,FALSE,282,72,0.25531914893617,0.187943262411348,0.812056737588652,0.305241185051054
loc303_pos25,FALSE,277,62,0.223826714801444,0.202166064981949,0.79783393501805,0.322589894303327
loc310_pos34,FALSE,269,86,0.319702602230483,0.286245353159851,0.713754646840149,0.408617901908487
loc311_pos49,FALSE,288,73,0.253472222222222,0.203125,0.796875,0.32373046875
loc315_pos15,FALSE,300,65,0.216666666666667,0.851666666666667,0.148333333333333,0.252661111111111
loc336_pos104,FALSE,290,93,0.320689655172414,0.339655172413793,0.660344827586207,0.448579072532699
loc348_pos107,FALSE,290,95,0.327586206896552,0.646551724137931,0.353448275862069,0.4570451843044
loc353_pos94,FALSE,291,68,0.233676975945017,0.797250859106529,0.202749140893471,0.323283853520861
loc364_pos74,FALSE,275,24,0.0872727272727273,0.08,0.92,0.1472
loc378_pos11,FALSE,263,47,0.178707224334601,0.88403041825095,0.115969581749049,0.205041275716
loc391_pos94,FALSE,277,99,0.357400722021661,0.525270758122744,0.474729241877256,0.498722777567804
loc402_pos35,FALSE,270,112,0.414814814814815,0.540740740740741,0.459259259259259,0.496680384087791
loc433_pos48,FALSE,303,27,0.0891089108910891,0.938943894389439,0.0610561056105611,0.114656515156466
loc445_pos7,FALSE,287,35,0.121951219512195,0.925087108013937,0.0749128919860628,0.138601901200695
loc476_pos8,FALSE,299,30,0.100334448160535,0.929765886287625,0.0702341137123745,0.130602565966824
loc485_pos28,FALSE,295,34,0.115254237288136,0.122033898305085,0.877966101694915,0.214283251939098
loc488_pos16,FALSE,280,51,0.182142857142857,0.144642857142857,0.855357142857143,0.247442602040816
loc529_pos8,FALSE,262,62,0.236641221374046,0.790076335877863,0.209923664122137,0.331711438727347
loc551_pos94,FALSE,261,67,0.256704980842912,0.243295019157088,0.756704980842912,0.36820510562088
loc556_pos26,FALSE,302,22,0.0728476821192053,0.947019867549669,0.0529801324503312,0.100346476031753
loc570_pos119,FALSE,279,78,0.279569892473118,0.240143369175627,0.759856630824373,0.364949062833211
loc573_pos115,FALSE,293,27,0.0921501706484642,0.0767918088737201,0.92320819112628,0.141789653927244
loc582_pos17,FALSE,287,49,0.170731707317073,0.883275261324042,0.116724738675958,0.206200148113975
loc586_pos112,FALSE,282,65,0.230496453900709,0.235815602836879,0.764184397163121,0.360413208591117
loc597_pos110,FALSE,266,19,0.0714285714285714,0.949248120300752,0.0507518796992481,0.0963522528124823
loc612_pos15,FALSE,262,30,0.114503816793893,0.145038167938931,0.854961832061069,0.248004195559699
loc613_pos8,FALSE,303,49,0.161716171617162,0.872937293729373,0.127062706270627,0.221835549891623
loc618_pos38,FALSE,267,103,0.385767790262172,0.537453183520599,0.462546816479401,0.497194518088345
loc625_pos12,FALSE,271,20,0.0738007380073801,0.948339483394834,0.051660516605166,0.0979834152585068
loc628_pos11,FALSE,260,77,0.296153846153846,0.525,0.475,0.49875
loc629_pos7,FALSE,288,111,0.385416666666667,0.366319444444444,0.633680555555556,0.464259018132716
loc630_pos101,FALSE,264,84,0.318181818181818,0.734848484848485,0.265151515151515,0.389692378328742
loc654_pos9,FALSE,274,49,0.178832116788321,0.107664233576642,0.892335766423358,0.192145292769993
loc657_pos94,FALSE,270,24,0.0888888888888889,0.0740740740740741,0.925925925925926,0.137174211248285
loc676_pos2,FALSE,262,31,0.118320610687023,0.929389312977099,0.0706106870229007,0.131249635802109
loc677_pos56,FALSE,278,23,0.0827338129496403,0.93705035971223,0.0629496402877698,0.11797396615082
loc678_pos18,FALSE,277,87,0.314079422382672,0.225631768953069,0.774368231046931,0.349444147584355
loc717_pos49,FALSE,286,66,0.230769230769231,0.195804195804196,0.804195804195804,0.314929825419336
loc743_pos108,FALSE,281,54,0.192170818505338,0.846975088967972,0.153024911032028,0.259216575271336
loc753_pos21,FALSE,267,33,0.123595505617978,0.897003745318352,0.102996254681648,0.184776052406402
loc785_pos110,FALSE,279,14,0.050179211469534,0.946236559139785,0.053763440860215,0.10174586657417
loc796_pos103,FALSE,262,100,0.381679389312977,0.709923664122137,0.290076335877863,0.411864110483072
loc808_pos42,FALSE,300,72,0.24,0.276666666666667,0.723333333333333,0.400244444444444
loc812_pos98,FALSE,259,12,0.0463320463320463,0.911196911196911,0.0888030888030888,0.161834200444239
loc818_pos11,FALSE,297,22,0.0740740740740741,0.94949494949495,0.0505050505050505,0.0959085807570656
loc834_pos98,FALSE,277,26,0.0938628158844765,0.938628158844765,0.0613718411552346,0.115210676536903
loc852_pos35,FALSE,284,102,0.359154929577465,0.387323943661972,0.612676056338028,0.474608212656219
loc855_pos137,FALSE,289,127,0.439446366782007,0.416955017301038,0.583044982698962,0.486207061697058
loc862_pos105,FALSE,259,47,0.181467181467181,0.886100386100386,0.113899613899614,0.201852983706266
loc864_pos14,FALSE,295,90,0.305084745762712,0.769491525423729,0.230508474576271,0.354748635449583
loc873_pos8,FALSE,263,69,0.262357414448669,0.807984790874525,0.192015209125475,0.310290737179951
loc881_pos129,FALSE,288,24,0.0833333333333333,0.90625,0.09375,0.169921875
loc919_pos12,FALSE,291,50,0.171821305841924,0.879725085910653,0.120274914089347,0.211617718260295
loc921_pos10,FALSE,294,86,0.292517006802721,0.792517006802721,0.207482993197279,0.328867601462354
loc952_pos26,FALSE,278,55,0.197841726618705,0.850719424460432,0.149280575539568,0.253991770612287
loc955_pos57,FALSE,304,90,0.296052631578947,0.269736842105263,0.730263157894737,0.393957756232687
loc964_pos103,FALSE,267,69,0.258426966292135,0.230337078651685,0.769662921348315,0.354563817699785
loc975_pos18,FALSE,294,26,0.0884353741496599,0.942176870748299,0.0578231292517006,0.108959229950484
loc980_pos2,FALSE,288,93,0.322916666666667,0.289930555555556,0.710069444444444,0.411741657021605
loc995_pos111,FALSE,269,99,0.368029739776952,0.388475836431227,0.611524163568773,0.475124721880571
loc1005_pos4,FALSE,296,38,0.128378378378378,0.10472972972973,0.89527027027027,0.187522826880935
loc1023_pos5,FALSE,294,49,0.166666666666667,0.875850340136054,0.124149659863946,0.217473043639224
loc1036_pos1,FALSE,263,34,0.129277566539924,0.920152091254753,0.0798479087452472,0.146944440428516
loc1040_pos64,FALSE,282,112,0.397163120567376,0.372340425531915,0.627659574468085,0.467406066093255
loc1085_pos12,FALSE,297,107,0.36026936026936,0.405723905723906,0.594276094276094,0.48222403609609
loc1101_pos13,FALSE,288,63,0.21875,0.199652777777778,0.800347222222222,0.31958309220679
loc1129_pos11,FALSE,273,27,0.0989010989010989,0.0860805860805861,0.913919413919414,0.157341437561218
loc1130_pos39,FALSE,261,85,0.325670498084291,0.699233716475096,0.300766283524904,0.420611852439042
loc1141_pos28,FALSE,309,42,0.135922330097087,0.0841423948220065,0.915857605177994,0.154124904431248
loc1159_pos43,FALSE,285,107,0.375438596491228,0.626315789473684,0.373684210526316,0.46808864265928
loc1190_pos7,FALSE,277,26,0.0938628158844765,0.945848375451264,0.0541516245487365,0.102438452214938
loc1191_pos3,FALSE,270,11,0.0407407407407407,0.364814814814815,0.635185185185185,0.463449931412894
loc1207_pos63,FALSE,272,41,0.150735294117647,0.884191176470588,0.115808823529412,0.204794279844291
loc1223_pos17,FALSE,267,51,0.191011235955056,0.829588014981273,0.170411985018727,0.282743480761408
loc1225_pos21,FALSE,288,38,0.131944444444444,0.899305555555556,0.100694444444444,0.181110146604938
loc1240_pos2,FALSE,288,71,0.246527777777778,0.185763888888889,0.814236111111111,0.302511332947531
loc1295_pos212,FALSE,275,36,0.130909090909091,0.890909090909091,0.109090909090909,0.194380165289256
loc1297_pos10,FALSE,278,41,0.147482014388489,0.879496402877698,0.120503597122302,0.211964960405776
loc1300_pos98,FALSE,294,79,0.268707482993197,0.25,0.75,0.375
loc1302_pos23,FALSE,264,98,0.371212121212121,0.439393939393939,0.560606060606061,0.492653810835629
loc1304_pos19,FALSE,259,30,0.115830115830116,0.938223938223938,0.0617760617760618,0.115919559935004
loc1344_pos18,FALSE,272,47,0.172794117647059,0.902573529411765,0.0974264705882353,0.17586910683391
loc1345_pos3,FALSE,275,84,0.305454545454545,0.32,0.68,0.4352
loc1351_pos149,FALSE,262,58,0.221374045801527,0.141221374045802,0.858778625954199,0.242555795116835
loc1364_pos112,FALSE,289,51,0.176470588235294,0.133217993079585,0.866782006920415,0.230941918798865
loc1373_pos17,FALSE,284,122,0.429577464788732,0.528169014084507,0.471830985915493,0.498413013291014
loc1375_pos65,FALSE,296,35,0.118243243243243,0.913851351351351,0.0861486486486487,0.157454117969321
loc1376_pos131,FALSE,281,95,0.338078291814947,0.706405693950178,0.293594306049822,0.414793379009891
loc1394_pos10,FALSE,282,21,0.074468085106383,0.934397163120567,0.0656028368794326,0.122598209345606
loc1396_pos16,FALSE,262,91,0.347328244274809,0.677480916030534,0.322519083969466,0.437001048889925
loc1411_pos0,FALSE,264,74,0.28030303030303,0.768939393939394,0.231060606060606,0.355343204775023
loc1412_pos19,FALSE,292,43,0.147260273972603,0.871575342465753,0.128424657534247,0.223863529742916
loc1437_pos26,FALSE,284,52,0.183098591549296,0.862676056338028,0.137323943661972,0.236932156318191
loc1481_pos21,FALSE,290,57,0.196551724137931,0.846551724137931,0.153448275862069,0.259803804994055
loc1483_pos31,FALSE,291,125,0.429553264604811,0.479381443298969,0.520618556701031,0.499149750239133
loc1484_pos6,FALSE,293,36,0.122866894197952,0.911262798634812,0.0887372013651877,0.161725820918124
loc1491_pos96,FALSE,302,94,0.311258278145695,0.804635761589404,0.195364238410596,0.314394105521688
loc1501_pos98,FALSE,287,20,0.0696864111498258,0.947735191637631,0.0522648083623694,0.0990663963384283
loc1521_pos22,FALSE,293,36,0.122866894197952,0.0784982935153584,0.921501706484642,0.14467262286107
loc1536_pos19,FALSE,270,76,0.281481481481481,0.733333333333333,0.266666666666667,0.391111111111111
loc1543_pos32,FALSE,276,35,0.126811594202899,0.903985507246377,0.0960144927536232,0.173591419869775
loc1549_pos1,FALSE,266,70,0.263157894736842,0.665413533834586,0.334586466165414,0.445276725648708
loc1567_pos37,FALSE,278,103,0.370503597122302,0.537769784172662,0.462230215827338,0.497146886807101
loc1602_pos18,FALSE,267,92,0.344569288389513,0.314606741573034,0.685393258426966,0.431258679459664
loc1628_pos8,FALSE,276,76,0.27536231884058,0.293478260869565,0.706521739130435,0.414697542533081
loc1631_pos43,FALSE,310,39,0.125806451612903,0.914516129032258,0.0854838709677419,0.156352757544225
loc1640_pos12,FALSE,267,32,0.119850187265918,0.921348314606742,0.0786516853932584,0.144931195556117
loc1660_pos35,FALSE,277,102,0.368231046931408,0.425992779783394,0.574007220216606,0.489045862711621
loc1667_pos24,FALSE,266,32,0.120300751879699,0.917293233082707,0.0827067669172933,0.151732715246764
loc1680_pos97,FALSE,273,101,0.36996336996337,0.291208791208791,0.708791208791209,0.412812462263012
loc1685_pos111,FALSE,294,57,0.193877551020408,0.88265306122449,0.11734693877551,0.207153269471054
loc1703_pos0,FALSE,276,80,0.289855072463768,0.286231884057971,0.713768115942029,0.408606385213191
loc1711_pos6,FALSE,292,26,0.089041095890411,0.921232876712329,0.0787671232876712,0.145125727153312
loc1723_pos19,FALSE,261,24,0.0919540229885057,0.942528735632184,0.0574712643678161,0.108336636279561
loc1724_pos6,FALSE,276,67,0.242753623188406,0.164855072463768,0.835144927536232,0.275355755093468
loc1731_pos25,FALSE,280,72,0.257142857142857,0.771428571428571,0.228571428571429,0.35265306122449
loc1757_pos13,FALSE,266,53,0.199248120300752,0.840225563909774,0.159774436090226,0.268493131324552
loc1823_pos21,FALSE,278,91,0.327338129496403,0.275179856115108,0.724820143884892,0.398911805807153
loc1824_pos22,FALSE,305,30,0.0983606557377049,0.934426229508197,0.0655737704918032,0.122547702230583
loc1827_pos6,FALSE,280,26,0.0928571428571429,0.942857142857143,0.0571428571428572,0.107755102040816
loc1850_pos20,FALSE,276,115,0.416666666666667,0.51268115942029,0.48731884057971,0.499678376391514
loc1856_pos23,FALSE,270,119,0.440740740740741,0.227777777777778,0.772222222222222,0.35179012345679
loc1891_pos7,FALSE,290,19,0.0655172413793104,0.943103448275862,0.0568965517241379,0.107318668252081
loc1895_pos94,FALSE,306,27,0.0882352941176471,0.0669934640522876,0.933006535947712,0.125010679653125
loc1914_pos16,FALSE,296,90,0.304054054054054,0.239864864864865,0.760135135135135,0.36465942293645
loc1929_pos12,FALSE,292,29,0.0993150684931507,0.936643835616438,0.0633561643835616,0.118684321636329
loc1936_pos0,FALSE,296,31,0.10472972972973,0.934121621621622,0.0658783783783784,0.123076835281227
loc1946_pos29,FALSE,289,23,0.0795847750865052,0.939446366782007,0.0605536332179931,0.113773781444188
loc1961_pos13,FALSE,263,24,0.091254752851711,0.923954372623574,0.0760456273764258,0.140525379866703
loc1973_pos3,FALSE,277,37,0.133574007220217,0.113718411552347,0.886281588447653,0.201573068852715
loc1993_pos1,FALSE,277,34,0.122743682310469,0.895306859205776,0.104693140794224,0.187464974129729
loc2028_pos12,FALSE,279,28,0.100358422939068,0.906810035842294,0.0931899641577061,0.169011189475983
loc2033_pos4,FALSE,276,103,0.373188405797101,0.516304347826087,0.483695652173913,0.499468336483932
loc2035_pos10,FALSE,278,40,0.143884892086331,0.906474820143885,0.0935251798561151,0.169556441177993
loc2037_pos109,FALSE,298,48,0.161073825503356,0.86241610738255,0.13758389261745,0.237309130219359
loc2046_pos7,FALSE,274,76,0.277372262773723,0.222627737226277,0.777372262773723,0.34612925568757
loc2053_pos16,FALSE,298,29,0.0973154362416107,0.937919463087248,0.0620805369127517,0.116453087698752
loc2061_pos15,FALSE,276,32,0.115942028985507,0.923913043478261,0.0760869565217391,0.140595463137996
loc2105_pos122,FALSE,282,111,0.393617021276596,0.370567375886525,0.629432624113475,0.4664943916302
loc2119_pos13,FALSE,272,75,0.275735294117647,0.729779411764706,0.270220588235294,0.394402843858132
loc2127_pos95,FALSE,286,111,0.388111888111888,0.711538461538462,0.288461538461538,0.410502958579882
loc2135_pos34,FALSE,300,48,0.16,0.896666666666667,0.103333333333333,0.185311111111111
loc2137_pos53,FALSE,260,87,0.334615384615385,0.632692307692308,0.367307692307692,0.46478550295858
loc2140_pos34,FALSE,268,58,0.216417910447761,0.358208955223881,0.64179104477612,0.459790599242593
loc2204_pos0,FALSE,263,100,0.380228136882129,0.638783269961977,0.361216730038023,0.461478407957322
loc2207_pos22,FALSE,263,77,0.29277566539924,0.325095057034221,0.674904942965779,0.438816521852275
loc2211_pos2,FALSE,292,119,0.407534246575342,0.481164383561644,0.518835616438356,0.499290439106774
loc2212_pos29,FALSE,263,27,0.102661596958175,0.865019011406844,0.134980988593156,0.23352224262314
loc2213_pos163,FALSE,270,53,0.196296296296296,0.853703703703704,0.146296296296296,0.249787379972565
loc2237_pos7,FALSE,259,15,0.0579150579150579,0.0521235521235521,0.947876447876448,0.0988133748751509
loc2269_pos17,FALSE,272,57,0.209558823529412,0.840073529411765,0.159926470588235,0.268699989186851
loc2271_pos15,FALSE,268,98,0.365671641791045,0.33955223880597,0.66044776119403,0.448513031855647
loc2328_pos3,FALSE,279,111,0.397849462365591,0.482078853046595,0.517921146953405,0.499357664983749
loc2396_pos20,FALSE,295,133,0.450847457627119,0.442372881355932,0.557627118644068,0.493358230393565
loc2399_pos91,FALSE,276,37,0.134057971014493,0.125,0.875,0.21875
loc2402_pos122,FALSE,289,63,0.217993079584775,0.178200692041523,0.821799307958478,0.29289041079489
loc2408_pos20,FALSE,285,33,0.115789473684211,0.110526315789474,0.889473684210526,0.196620498614958
loc2426_pos7,FALSE,292,89,0.304794520547945,0.631849315068493,0.368150684931507,0.465231516231938
loc2449_pos2,FALSE,277,35,0.126353790613718,0.102888086642599,0.897111913357401,0.184604256539249
loc2456_pos55,FALSE,303,69,0.227722772277228,0.872937293729373,0.127062706270627,0.221835549891623
loc2470_pos126,FALSE,285,25,0.087719298245614,0.910526315789474,0.0894736842105263,0.162936288088643
loc2484_pos136,FALSE,290,29,0.1,0.0568965517241379,0.943103448275862,0.107318668252081
loc2496_pos10,FALSE,267,42,0.157303370786517,0.913857677902622,0.0861423220973783,0.1574436448821
loc2514_pos54,FALSE,284,35,0.123239436619718,0.882042253521127,0.117957746478873,0.208087433048998
loc2544_pos13,FALSE,290,41,0.141379310344828,0.918965517241379,0.0810344827586207,0.148935790725327
loc2549_pos94,FALSE,283,56,0.197879858657244,0.279151943462898,0.720848056537102,0.40245227184757
loc2559_pos55,FALSE,283,59,0.208480565371025,0.853356890459364,0.146643109540636,0.250277815929778
loc2574_pos1,FALSE,277,91,0.328519855595668,0.25812274368231,0.74187725631769,0.382990785752453
loc2577_pos114,FALSE,260,23,0.0884615384615385,0.948076923076923,0.051923076923077,0.0984541420118344
loc2582_pos46,FALSE,272,21,0.0772058823529412,0.943014705882353,0.0569852941176471,0.107475940743945
loc2586_pos147,FALSE,280,80,0.285714285714286,0.217857142857143,0.782142857142857,0.340790816326531
loc2594_pos3,FALSE,280,21,0.075,0.948214285714286,0.0517857142857143,0.0982079081632654
loc2600_pos111,FALSE,287,41,0.142857142857143,0.865853658536585,0.134146341463415,0.232302201070791
loc2616_pos46,FALSE,304,105,0.345394736842105,0.449013157894737,0.550986842105263,0.494800683864266
loc2625_pos7,FALSE,291,62,0.213058419243986,0.185567010309278,0.814432989690722,0.302263789988309
loc2626_pos40,FALSE,292,68,0.232876712328767,0.825342465753425,0.174657534246575,0.288304559954963
loc2636_pos6,FALSE,291,62,0.213058419243986,0.790378006872852,0.209621993127148,0.3313612262491
loc2654_pos23,FALSE,259,38,0.146718146718147,0.841698841698842,0.158301158301158,0.26648380316334
loc2665_pos93,FALSE,262,41,0.156488549618321,0.818702290076336,0.181297709923664,0.296857700600198
loc2681_pos27,FALSE,282,33,0.117021276595745,0.828014184397163,0.171985815602837,0.284813389668528
loc2695_pos17,FALSE,274,18,0.0656934306569343,0.934306569343066,0.0656934306569343,0.122755607650914
loc2729_pos9,FALSE,297,38,0.127946127946128,0.0707070707070707,0.929292929292929,0.131415161718192
loc2740_pos14,FALSE,299,79,0.264214046822742,0.827759197324415,0.172240802675585,0.285147817138511
loc2761_pos17,FALSE,269,95,0.353159851301115,0.37360594795539,0.62639405204461,0.468049087215489
loc2775_pos7,FALSE,276,38,0.13768115942029,0.898550724637681,0.101449275362319,0.182314639781559
loc2777_pos1,FALSE,307,65,0.211726384364821,0.802931596091205,0.197068403908795,0.31646489617927
loc2781_pos52,FALSE,300,26,0.0866666666666667,0.933333333333333,0.0666666666666667,0.124444444444444
loc2817_pos135,FALSE,269,78,0.28996282527881,0.37546468401487,0.62453531598513,0.468981910144968
loc2820_pos14,FALSE,266,41,0.154135338345865,0.922932330827068,0.0770676691729323,0.142256487082367
loc2826_pos88,FALSE,259,21,0.0810810810810811,0.947876447876448,0.0521235521235521,0.098813374875151
loc2833_pos36,FALSE,282,103,0.365248226950355,0.533687943262411,0.466312056737589,0.497730244957497
loc2858_pos43,FALSE,277,75,0.270758122743682,0.330324909747292,0.669675090252708,0.442420727495471
loc2879_pos64,FALSE,295,93,0.315254237288136,0.733898305084746,0.266101694915254,0.390583165756966
loc2887_pos176,FALSE,261,32,0.122605363984674,0.915708812260536,0.0842911877394636,0.154372366817868
loc2904_pos27,FALSE,303,42,0.138613861386139,0.904290429042904,0.0957095709570958,0.173098497968609
loc2907_pos24,FALSE,287,88,0.306620209059233,0.787456445993031,0.212543554006969,0.334737583314111
loc2938_pos9,FALSE,286,41,0.143356643356643,0.854895104895105,0.145104895104895,0.248098929042985
loc2950_pos6,FALSE,288,61,0.211805555555556,0.262152777777778,0.737847222222222,0.386857397762346
loc2962_pos28,FALSE,267,84,0.314606741573034,0.355805243445693,0.644194756554307,0.458415744364488
loc2969_pos18,FALSE,281,31,0.110320284697509,0.919928825622776,0.0800711743772242,0.147319562822153
loc2986_pos5,FALSE,293,102,0.348122866894198,0.303754266211604,0.696245733788396,0.422975223939708
loc2990_pos4,FALSE,295,28,0.0949152542372881,0.925423728813559,0.0745762711864407,0.138029301924734
loc2995_pos131,FALSE,300,90,0.3,0.343333333333333,0.656666666666667,0.450911111111111
loc3013_pos24,FALSE,309,77,0.249190938511327,0.1957928802589,0.8042071197411,0.314916056597648
loc3023_pos0,FALSE,279,35,0.125448028673835,0.0770609318996416,0.922939068100358,0.142245089348801
loc3035_pos3,FALSE,301,88,0.292358803986711,0.740863787375415,0.259136212624585,0.383969271862342
loc3040_pos7,FALSE,270,50,0.185185185185185,0.825925925925926,0.174074074074074,0.287544581618656
loc3052_pos124,FALSE,286,126,0.440559440559441,0.475524475524476,0.524475524475524,0.498801897403296
loc3054_pos5,FALSE,287,74,0.257839721254355,0.81184668989547,0.18815331010453,0.305503284002477
loc3083_pos6,FALSE,288,64,0.222222222222222,0.166666666666667,0.833333333333333,0.277777777777778
loc3107_pos28,FALSE,297,84,0.282828282828283,0.737373737373737,0.262626262626263,0.387307417610448
loc3116_pos17,FALSE,292,26,0.089041095890411,0.948630136986301,0.0513698630136986,0.0974620003753049
loc3131_pos72,FALSE,294,35,0.119047619047619,0.906462585034014,0.0935374149659864,0.169576333934935
loc3135_pos2,FALSE,273,81,0.296703296703297,0.712454212454212,0.287545787545788,0.409726415220921
loc3139_pos10,FALSE,280,26,0.0928571428571429,0.928571428571429,0.0714285714285714,0.13265306122449
loc3156_pos15,FALSE,267,95,0.355805243445693,0.410112359550562,0.589887640449438,0.483840424188865
loc3162_pos45,FALSE,297,33,0.111111111111111,0.930976430976431,0.069023569023569,0.128518631885635
loc3189_pos9,FALSE,284,33,0.116197183098592,0.903169014084507,0.096830985915493,0.174909492164253
loc3192_pos22,FALSE,278,103,0.370503597122302,0.43705035971223,0.56294964028777,0.492074685575281
loc3201_pos21,FALSE,290,88,0.303448275862069,0.720689655172414,0.279310344827586,0.402592152199762
loc3206_pos1,FALSE,278,23,0.0827338129496403,0.929856115107914,0.0701438848920863,0.130447440608664
loc3216_pos23,FALSE,309,155,0.501618122977346,0.490291262135922,0.509708737864078,0.499811480818173
loc3219_pos5,FALSE,298,36,0.120805369127517,0.100671140939597,0.899328859060403,0.181072924643034
loc3221_pos27,FALSE,286,21,0.0734265734265734,0.938811188811189,0.0611888111888111,0.114889481148222
loc3235_pos17,FALSE,299,130,0.434782608695652,0.505016722408027,0.494983277591973,0.499949664992562
loc3252_pos42,FALSE,263,101,0.384030418250951,0.38212927756654,0.61787072243346,0.472212985586028
loc3270_pos18,FALSE,276,77,0.278985507246377,0.817028985507246,0.182971014492754,0.298985244696492
loc3290_pos95,FALSE,278,45,0.161870503597122,0.87589928057554,0.12410071942446,0.217399461725584
loc3295_pos13,FALSE,277,42,0.151624548736462,0.895306859205776,0.104693140794224,0.187464974129729
loc3299_pos8,FALSE,267,72,0.269662921348315,0.352059925093633,0.647940074906367,0.456227468473397
loc3333_pos3,FALSE,291,70,0.240549828178694,0.199312714776632,0.800687285223368,0.319174313010002
loc3339_pos29,FALSE,284,44,0.154929577464789,0.894366197183099,0.105633802816901,0.188950605038683
loc3353_pos13,FALSE,302,54,0.178807947019868,0.145695364238411,0.854304635761589,0.248936450155695
loc3363_pos4,FALSE,263,45,0.171102661596958,0.903041825095057,0.096958174904943,0.175114574448091
loc3367_pos3,FALSE,265,81,0.305660377358491,0.247169811320755,0.752830188679245,0.372153791384834
loc3370_pos13,FALSE,286,54,0.188811188811189,0.863636363636364,0.136363636363636,0.235537190082645
loc3384_pos13,FALSE,272,81,0.297794117647059,0.262867647058824,0.737132352941176,0.387536494377163
loc3385_pos108,FALSE,296,30,0.101351351351351,0.925675675675676,0.0743243243243243,0.137600438276114
loc3398_pos5,FALSE,292,24,0.0821917808219178,0.897260273972603,0.102739726027397,0.184368549446425
loc3419_pos94,FALSE,295,51,0.172881355932203,0.110169491525424,0.889830508474576,0.196064349324907
loc3428_pos6,FALSE,296,81,0.273648648648649,0.204391891891892,0.795608108108108,0.32523169284149
loc3435_pos2,FALSE,286,25,0.0874125874125874,0.945804195804196,0.0541958041958042,0.102517238006748
loc3452_pos92,FALSE,281,23,0.0818505338078292,0.0693950177935943,0.930604982206406,0.129158698598042
loc3458_pos13,FALSE,267,39,0.146067415730337,0.882022471910112,0.117977528089888,0.208117661911375
loc3472_pos26,FALSE,284,44,0.154929577464789,0.887323943661972,0.112676056338028,0.199960325332275
loc3473_pos9,FALSE,268,36,0.134328358208955,0.895522388059702,0.104477611940298,0.187124081087102
loc3482_pos13,FALSE,290,113,0.389655172413793,0.456896551724138,0.543103448275862,0.49628418549346
loc3487_pos66,FALSE,278,69,0.248201438848921,0.811151079136691,0.188848920863309,0.306370011904146
loc3504_pos13,FALSE,305,35,0.114754098360656,0.0836065573770492,0.916393442622951,0.153233001881215
loc3516_pos163,FALSE,267,26,0.097378277153558,0.913857677902622,0.0861423220973783,0.1574436448821
loc3527_pos22,FALSE,288,28,0.0972222222222222,0.920138888888889,0.0798611111111112,0.14696662808642
loc3543_pos3,FALSE,273,45,0.164835164835165,0.862637362637363,0.137362637362637,0.236988286438836
loc3550_pos93,FALSE,286,64,0.223776223776224,0.164335664335664,0.835664335664336,0.27465890752604
loc3552_pos94,FALSE,285,29,0.101754385964912,0.935087719298246,0.0649122807017544,0.121397353031702
loc3557_pos85,FALSE,281,47,0.167259786476868,0.133451957295374,0.866548042704626,0.231285064778815
loc3562_pos30,FALSE,266,50,0.18796992481203,0.116541353383459,0.883458646616541,0.205918932670021
loc3563_pos28,FALSE,293,33,0.112627986348123,0.0972696245733788,0.902730375426621,0.175616489417466
loc3571_pos12,FALSE,274,23,0.083941605839416,0.0894160583941606,0.91058394160584,0.162841653790825
loc3581_pos103,FALSE,277,53,0.191335740072202,0.864620938628159,0.135379061371841,0.234103142227841
loc3590_pos11,FALSE,287,34,0.118466898954704,0.0731707317073171,0.926829268292683,0.135633551457466
loc3675_pos15,FALSE,285,108,0.378947368421053,0.635087719298246,0.364912280701754,0.463502616189597
loc3678_pos106,FALSE,287,122,0.425087108013937,0.627177700348432,0.372822299651568,0.467651665068169
loc3693_pos27,FALSE,291,53,0.18213058419244,0.891752577319588,0.108247422680412,0.193059836326921
loc3709_pos0,FALSE,285,82,0.287719298245614,0.771929824561403,0.228070175438597,0.352108341028009
loc3713_pos13,FALSE,275,76,0.276363636363636,0.214545454545455,0.785454545454545,0.337031404958678
loc3715_pos3,FALSE,265,46,0.173584905660377,0.913207547169811,0.0867924528301887,0.158519045923816
loc3749_pos13,FALSE,286,39,0.136363636363636,0.872377622377622,0.127622377622378,0.222669812704778
loc3767_pos31,FALSE,281,44,0.156583629893238,0.846975088967972,0.153024911032028,0.259216575271336
loc3779_pos2,FALSE,273,79,0.289377289377289,0.767399267399267,0.232600732600733,0.35699526358867
loc3783_pos4,FALSE,270,93,0.344444444444444,0.27962962962963,0.72037037037037,0.402873799725652
loc3793_pos1,FALSE,290,67,0.231034482758621,0.201724137931034,0.798275862068966,0.322063020214031
loc3796_pos62,FALSE,274,76,0.277372262773723,0.737226277372263,0.262773722627737,0.387447386648197
loc3805_pos16,FALSE,267,86,0.322097378277154,0.558052434456929,0.441947565543071,0.493259829707248
loc3806_pos99,FALSE,300,47,0.156666666666667,0.905,0.095,0.17195
loc3854_pos55,FALSE,285,30,0.105263157894737,0.905263157894737,0.0947368421052631,0.171523545706371
loc3886_pos37,FALSE,298,65,0.218120805369128,0.820469798657718,0.179530201342282,0.294598216296563
loc3897_pos8,FALSE,281,21,0.0747330960854092,0.941281138790036,0.0587188612099644,0.110541913096339
loc3932_pos27,FALSE,294,34,0.115646258503401,0.91156462585034,0.0884353741496599,0.161229117497339
loc3951_pos97,FALSE,302,26,0.0860927152317881,0.0529801324503311,0.947019867549669,0.100346476031753
loc3954_pos108,FALSE,271,25,0.0922509225092251,0.0719557195571956,0.928044280442804,0.133556187960404
loc3957_pos17,FALSE,289,98,0.339100346020761,0.273356401384083,0.726643598615917,0.397265358412854
loc3961_pos53,FALSE,309,79,0.255663430420712,0.868932038834951,0.131067961165049,0.227778301442172
loc3974_pos27,FALSE,286,72,0.251748251748252,0.793706293706294,0.206293706293706,0.327473226074625
loc3982_pos24,FALSE,290,68,0.23448275862069,0.224137931034483,0.775862068965517,0.347800237812128
loc3984_pos10,FALSE,262,49,0.187022900763359,0.185114503816794,0.814885496183206,0.301694248586912
loc3997_pos6,FALSE,260,53,0.203846153846154,0.863461538461539,0.136538461538461,0.235791420118343
loc4022_pos70,FALSE,292,123,0.421232876712329,0.645547945205479,0.354452054794521,0.457631591292926
loc4032_pos13,FALSE,283,135,0.477031802120141,0.641342756183746,0.358657243816254,0.460044450548764
loc4036_pos22,FALSE,278,32,0.115107913669065,0.910071942446043,0.0899280575539568,0.163682004037058
loc4056_pos5,FALSE,263,101,0.384030418250951,0.496197718631179,0.503802281368821,0.499971085312785
loc4071_pos10,FALSE,278,118,0.424460431654676,0.564748201438849,0.435251798561151,0.491615340820868
loc4108_pos131,FALSE,286,45,0.157342657342657,0.879370629370629,0.120629370629371,0.212155851141865
loc4138_pos24,FALSE,294,26,0.0884353741496599,0.945578231292517,0.0544217687074829,0.102920079596464
loc4150_pos110,FALSE,271,65,0.239852398523985,0.806273062730627,0.193726937269373,0.312393622091203
loc4151_pos14,FALSE,288,88,0.305555555555556,0.277777777777778,0.722222222222222,0.401234567901235
loc4166_pos4,FALSE,292,98,0.335616438356164,0.595890410958904,0.404109589041096,0.481610058172265
loc4186_pos10,FALSE,276,96,0.347826086956522,0.648550724637681,0.351449275362319,0.45586536441924
loc4217_pos5,FALSE,289,45,0.155709342560554,0.870242214532872,0.129757785467128,0.22584140515559
loc4238_pos2,FALSE,278,21,0.0755395683453237,0.947841726618705,0.052158273381295,0.0988755757983541
loc4282_pos33,FALSE,264,37,0.140151515151515,0.880681818181818,0.119318181818182,0.21016270661157
loc4292_pos26,FALSE,262,99,0.377862595419847,0.692748091603053,0.307251908396947,0.425696346366762
loc4321_pos31,FALSE,297,33,0.111111111111111,0.934343434343434,0.0656565656565656,0.122691562085501
loc4324_pos29,FALSE,289,86,0.29757785467128,0.785467128027682,0.214532871972318,0.337017037631254
loc4359_pos10,FALSE,282,54,0.191489361702128,0.847517730496454,0.152482269503546,0.258462853981188
loc4374_pos42,FALSE,273,32,0.117216117216117,0.915750915750916,0.0842490842490843,0.15430235210455
loc4380_pos6,FALSE,293,40,0.136518771331058,0.860068259385666,0.139931740614334,0.240701697165954
loc4391_pos36,FALSE,273,60,0.21978021978022,0.827838827838828,0.172161172161172,0.285043405922527
loc4410_pos95,FALSE,261,57,0.218390804597701,0.818007662835249,0.181992337164751,0.297742252756125
loc4435_pos3,FALSE,272,109,0.400735294117647,0.60110294117647,0.398897058823529,0.479556390570934
loc4443_pos8,FALSE,279,56,0.200716845878136,0.827956989247312,0.172043010752688,0.284888426407677
loc4448_pos15,FALSE,274,16,0.0583941605839416,0.945255474452555,0.0547445255474452,0.103495124940061
loc4470_pos19,FALSE,301,20,0.0664451827242525,0.0598006644518272,0.940199335548173,0.112449089965894
loc4471_pos46,FALSE,292,35,0.11986301369863,0.905821917808219,0.0941780821917808,0.170617142052918
loc4493_pos9,FALSE,274,33,0.12043795620438,0.928832116788321,0.0711678832116789,0.132206031221695
loc4498_pos9,FALSE,272,25,0.0919117647058824,0.0716911764705882,0.928308823529412,0.133103103373702
loc4507_pos5,FALSE,283,31,0.109540636042403,0.920494699646643,0.0795053003533569,0.146368415138159
loc4521_pos29,FALSE,299,113,0.377926421404682,0.603678929765886,0.396321070234114,0.478501359045201
loc4529_pos115,FALSE,278,96,0.345323741007194,0.453237410071942,0.546762589928057,0.495626520366441
loc4549_pos27,FALSE,305,39,0.127868852459016,0.89016393442623,0.10983606557377,0.19554420854609
loc4569_pos109,FALSE,285,124,0.435087719298246,0.614035087719298,0.385964912280702,0.473991997537704
loc4574_pos94,FALSE,259,88,0.33976833976834,0.575289575289575,0.424710424710425,0.488662959705431
loc4603_pos5,FALSE,262,64,0.244274809160305,0.32442748091603,0.675572519083969,0.438348581085018
loc4625_pos94,FALSE,282,102,0.361702127659574,0.354609929078014,0.645390070921986,0.4577234545546
loc4638_pos145,FALSE,302,89,0.294701986754967,0.789735099337748,0.210264900662252,0.33210714442349
loc4645_pos18,FALSE,280,75,0.267857142857143,0.748214285714286,0.251785714285714,0.376779336734694
loc4657_pos102,FALSE,268,32,0.119402985074627,0.100746268656716,0.899253731343284,0.18119291601693
loc4674_pos5,FALSE,273,89,0.326007326007326,0.375457875457875,0.624542124542125,0.468978518429068
loc4688_pos28,FALSE,275,85,0.309090909090909,0.838181818181818,0.161818181818182,0.271266115702479
loc4713_pos6,FALSE,291,110,0.378006872852234,0.649484536082474,0.350515463917526,0.455308746944415
loc4726_pos93,FALSE,278,32,0.115107913669065,0.906474820143885,0.0935251798561151,0.169556441177993
loc4788_pos11,FALSE,266,57,0.214285714285714,0.843984962406015,0.156015037593985,0.263348691277065
loc4833_pos24,FALSE,299,27,0.0903010033444816,0.948160535117057,0.0518394648829431,0.0983042695271864
loc4840_pos13,FALSE,261,33,0.126436781609195,0.113026819923372,0.886973180076628,0.200503515802763
loc4851_pos114,FALSE,274,69,0.251824817518248,0.187956204379562,0.812043795620438,0.305257339229581
loc4856_pos42,FALSE,296,109,0.368243243243243,0.298986486486487,0.701013513513513,0.419187134769905
loc4859_pos2,FALSE,278,115,0.413669064748201,0.638489208633094,0.361510791366906,0.461641478184359
loc4900_pos2,FALSE,278,70,0.251798561151079,0.669064748201439,0.330935251798561,0.442834221831168
loc4907_pos2,FALSE,279,36,0.129032258064516,0.899641577060932,0.100358422939068,0.180573219768502
loc4909_pos21,FALSE,278,54,0.194244604316547,0.848920863309353,0.151079136690647,0.256508462294912
loc4919_pos14,FALSE,276,37,0.134057971014493,0.893115942028985,0.106884057971015,0.190919712245327
loc4939_pos93,FALSE,279,66,0.236559139784946,0.799283154121864,0.200716845878136,0.320859187317737
loc4954_pos3,FALSE,286,117,0.409090909090909,0.498251748251748,0.501748251748252,0.499993887231649
loc4967_pos96,FALSE,293,59,0.201365187713311,0.831058020477816,0.168941979522184,0.28080117415462
loc4968_pos0,FALSE,275,34,0.123636363636364,0.101818181818182,0.898181818181818,0.182902479338843
loc4970_pos0,FALSE,296,44,0.148648648648649,0.861486486486487,0.138513513513513,0.23865504017531
loc4999_pos45,FALSE,277,67,0.24187725631769,0.716606498194946,0.283393501805054,0.406163249879446
loc5007_pos7,FALSE,288,75,0.260416666666667,0.751736111111111,0.248263888888889,0.373257860725309
loc5024_pos7,FALSE,270,68,0.251851851851852,0.255555555555556,0.744444444444444,0.380493827160494
loc5026_pos21,FALSE,302,65,0.21523178807947,0.206953642384106,0.793046357615894,0.328247664576115
loc5028_pos214,FALSE,296,57,0.192567567567568,0.798986486486487,0.201013513513513,0.321214161796932
loc5029_pos11,FALSE,262,72,0.274809160305344,0.721374045801527,0.278625954198473,0.401987063690927
loc5035_pos22,FALSE,286,85,0.297202797202797,0.337412587412587,0.662587412587413,0.447130666536261
loc5045_pos113,FALSE,275,24,0.0872727272727273,0.941818181818182,0.0581818181818182,0.109593388429752
loc5046_pos59,FALSE,307,74,0.241042345276873,0.192182410423453,0.807817589576547,0.310496663094569
loc5081_pos45,FALSE,287,46,0.160278745644599,0.101045296167247,0.898954703832753,0.181670288579441
loc5116_pos42,FALSE,268,36,0.134328358208955,0.175373134328358,0.824626865671642,0.289234796168412
loc5161_pos21,FALSE,280,33,0.117857142857143,0.9375,0.0625,0.1171875
loc5188_pos15,FALSE,291,28,0.0962199312714777,0.941580756013746,0.0584192439862543,0.110012871836658
loc5189_pos22,FALSE,275,106,0.385454545454545,0.494545454545455,0.505454545454545,0.499940495867769
loc5191_pos96,FALSE,291,29,0.0996563573883162,0.943298969072165,0.0567010309278351,0.106972048039112
loc5192_pos127,FALSE,274,24,0.0875912408759124,0.905109489051095,0.0948905109489051,0.171772603761522
loc5196_pos6,FALSE,293,89,0.303754266211604,0.813993174061433,0.186006825938567,0.302816573285653
loc5217_pos122,FALSE,313,24,0.0766773162939297,0.0670926517571885,0.932907348242812,0.125182455674754
loc5230_pos93,FALSE,262,28,0.106870229007634,0.912213740458015,0.0877862595419847,0.160159664355224
loc5237_pos162,FALSE,286,40,0.13986013986014,0.884615384615385,0.115384615384615,0.20414201183432
loc5239_pos102,FALSE,261,38,0.145593869731801,0.908045977011494,0.0919540229885057,0.16699696128947
loc5255_pos28,FALSE,277,25,0.0902527075812274,0.0776173285198556,0.922382671480144,0.143185757666593
loc5281_pos142,FALSE,295,31,0.105084745762712,0.923728813559322,0.076271186440678,0.140907785119219
loc5283_pos14,FALSE,291,55,0.189003436426117,0.860824742268041,0.139175257731959,0.239611010734403
loc5301_pos18,FALSE,295,56,0.189830508474576,0.203389830508475,0.796610169491525,0.324044814708417
loc5319_pos100,FALSE,274,38,0.138686131386861,0.89051094890511,0.10948905109489,0.195002397570462
loc5340_pos56,FALSE,282,120,0.425531914893617,0.549645390070922,0.450354609929078,0.495070670489412
loc5358_pos10,FALSE,298,34,0.114093959731544,0.919463087248322,0.0805369127516778,0.148101436872213
loc5389_pos2,FALSE,281,91,0.323843416370107,0.375444839857651,0.624555160142349,0.468972024163828
loc5428_pos56,FALSE,270,92,0.340740740740741,0.596296296296296,0.403703703703704,0.481454046639232
loc5436_pos103,FALSE,264,55,0.208333333333333,0.191287878787879,0.808712121212121,0.309393652433425
loc5440_pos31,FALSE,287,127,0.442508710801394,0.496515679442509,0.503484320557491,0.499975719020505
loc5444_pos8,FALSE,263,49,0.186311787072243,0.868821292775665,0.131178707224335,0.227941707990574
loc5464_pos30,FALSE,285,74,0.259649122807018,0.764912280701754,0.235087719298246,0.35964296706679
loc5468_pos123,FALSE,307,66,0.214983713355049,0.133550488599349,0.866449511400651,0.231429511188448
loc5469_pos26,FALSE,291,104,0.357388316151203,0.646048109965636,0.353951890034364,0.457339899150931
loc5495_pos3,FALSE,293,22,0.0750853242320819,0.945392491467577,0.0546075085324232,0.103251057088609
loc5539_pos23,FALSE,301,95,0.315614617940199,0.709302325581395,0.290697674418605,0.412385073012439
loc5565_pos12,FALSE,285,55,0.192982456140351,0.843859649122807,0.156140350877193,0.26352108341028
loc5567_pos32,FALSE,287,88,0.306620209059233,0.320557491289199,0.679442508710801,0.435600772135148
loc5583_pos4,FALSE,296,38,0.128378378378378,0.158783783783784,0.841216216216216,0.267142987582177
loc5611_pos1,FALSE,273,22,0.0805860805860806,0.923076923076923,0.0769230769230769,0.142011834319527
loc5630_pos9,FALSE,289,81,0.280276816608997,0.282006920415225,0.717993079584775,0.404958034506292
loc5637_pos16,FALSE,272,11,0.0404411764705882,0.946691176470588,0.0533088235294118,0.100933985726644
loc5639_pos27,FALSE,280,103,0.367857142857143,0.476785714285714,0.523214285714286,0.498922193877551
loc5641_pos1,FALSE,304,63,0.207236842105263,0.84046052631579,0.15953947368421,0.268173260041551
loc5648_pos32,FALSE,304,36,0.118421052631579,0.921052631578947,0.0789473684210527,0.145429362880886
loc5683_pos0,FALSE,290,28,0.096551724137931,0.913793103448276,0.0862068965517241,0.157550535077289
loc5698_pos7,FALSE,284,52,0.183098591549296,0.852112676056338,0.147887323943662,0.252033326720889
loc5717_pos14,FALSE,271,99,0.365313653136531,0.337638376383764,0.662361623616236,0.447277406353399
loc5718_pos57,FALSE,270,37,0.137037037037037,0.916666666666667,0.0833333333333334,0.152777777777778
loc5720_pos11,FALSE,278,71,0.255395683453237,0.214028776978417,0.785971223021583,0.33644091920708
loc5762_pos4,FALSE,298,45,0.151006711409396,0.152684563758389,0.847315436241611,0.258743975496599
loc5788_pos4,FALSE,284,22,0.0774647887323944,0.936619718309859,0.0633802816901409,0.118726443166039
loc5807_pos111,FALSE,292,37,0.126712328767123,0.912671232876712,0.0873287671232876,0.159404907112028
loc5812_pos11,FALSE,281,22,0.0782918149466192,0.932384341637011,0.0676156583629893,0.126087562214258
loc5813_pos22,FALSE,276,71,0.257246376811594,0.661231884057971,0.338768115942029,0.448008559126234
loc5816_pos18,FALSE,290,23,0.0793103448275862,0.946551724137931,0.053448275862069,0.101183115338882
loc5829_pos6,FALSE,271,69,0.254612546125461,0.297047970479705,0.702952029520295,0.417620947427186
loc5880_pos91,FALSE,288,45,0.15625,0.918402777777778,0.0815972222222222,0.149878231095679
loc5881_pos118,FALSE,291,22,0.0756013745704467,0.0790378006872852,0.920962199312715,0.145581653499604
loc5898_pos19,FALSE,277,96,0.346570397111913,0.68231046931408,0.317689530685921,0.43352578555696
loc5931_pos35,FALSE,269,38,0.141263940520446,0.892193308550186,0.107806691449814,0.192368817456917
loc5944_pos3,FALSE,261,22,0.0842911877394636,0.0689655172413793,0.931034482758621,0.128418549346017
loc5951_pos144,FALSE,264,91,0.34469696969697,0.361742424242424,0.638257575757576,0.461769685491276
loc5966_pos48,FALSE,302,12,0.0397350993377483,0.943708609271523,0.0562913907284768,0.106245340116661
loc5967_pos1,FALSE,284,14,0.0492957746478873,0.943661971830986,0.0563380281690141,0.106328109502083
loc5976_pos22,FALSE,267,80,0.299625468164794,0.621722846441948,0.378277153558052,0.47036709730814
loc6023_pos147,FALSE,271,28,0.103321033210332,0.907749077490775,0.0922509225092251,0.167481379610844
loc6048_pos32,FALSE,292,12,0.0410958904109589,0.0513698630136986,0.948630136986301,0.0974620003753049
loc6162_pos13,FALSE,303,44,0.145214521452145,0.887788778877888,0.112211221122112,0.199239725952793
loc6268_pos53,FALSE,294,12,0.0408163265306122,0.054421768707483,0.945578231292517,0.102920079596464
loc6276_pos3,FALSE,273,55,0.201465201465201,0.895604395604396,0.104395604395604,0.186994324356962
loc6314_pos92,FALSE,280,61,0.217857142857143,0.819642857142857,0.180357142857143,0.295656887755102
loc6320_pos80,FALSE,279,74,0.265232974910394,0.21505376344086,0.78494623655914,0.337611284541565
loc6340_pos9,FALSE,266,20,0.075187969924812,0.105263157894737,0.894736842105263,0.188365650969529
loc6362_pos32,FALSE,283,24,0.0848056537102474,0.113074204946996,0.886925795053004,0.200576858245202
loc6377_pos9,FALSE,283,28,0.0989399293286219,0.120141342756184,0.879858657243816,0.21141480103385
loc6380_pos50,FALSE,270,30,0.111111111111111,0.122222222222222,0.877777777777778,0.214567901234568
loc6387_pos89,FALSE,283,21,0.0742049469964664,0.902826855123675,0.0971731448763251,0.17546104958234
loc6391_pos10,FALSE,280,27,0.0964285714285714,0.133928571428571,0.866071428571429,0.231983418367347
loc6398_pos14,FALSE,279,120,0.43010752688172,0.544802867383513,0.455197132616487,0.495985406148431
loc6402_pos52,FALSE,283,31,0.109540636042403,0.0865724381625442,0.913427561837456,0.158155302226273
loc6419_pos27,FALSE,269,50,0.185873605947955,0.185873605947955,0.814126394052045,0.302649217119719
loc6467_pos22,FALSE,259,89,0.343629343629344,0.442084942084942,0.557915057915058,0.493291692133391
loc6474_pos120,FALSE,288,66,0.229166666666667,0.211805555555556,0.788194444444444,0.333887924382716
loc6520_pos26,FALSE,275,64,0.232727272727273,0.196363636363636,0.803636363636364,0.315609917355372
loc6523_pos110,FALSE,281,72,0.256227758007117,0.142348754448399,0.857651245551601,0.244171173110776
loc6555_pos93,FALSE,286,33,0.115384615384615,0.924825174825175,0.0751748251748252,0.139047141669519
loc6657_pos67,FALSE,286,37,0.129370629370629,0.88986013986014,0.11013986013986,0.196018142696464
loc6664_pos86,FALSE,292,31,0.106164383561644,0.936643835616438,0.0633561643835616,0.118684321636329
loc6676_pos76,FALSE,287,28,0.0975609756097561,0.9198606271777,0.0801393728222997,0.147434107491896
loc6697_pos93,FALSE,268,21,0.0783582089552239,0.934701492537313,0.0652985074626866,0.122069224771664
loc6701_pos16,FALSE,299,76,0.254180602006689,0.849498327759197,0.150501672240803,0.255701837787049
loc6716_pos11,FALSE,289,83,0.28719723183391,0.738754325259516,0.261245674740484,0.385992744339747
loc6723_pos5,FALSE,290,97,0.33448275862069,0.31551724137931,0.68448275862069,0.431932223543401
loc6729_pos4,FALSE,281,106,0.377224199288256,0.444839857651246,0.555160142348754,0.49391471739213
loc6743_pos14,FALSE,281,98,0.348754448398576,0.256227758007117,0.743772241992882,0.381150188067527
loc6749_pos11,FALSE,296,74,0.25,0.851351351351351,0.148648648648649,0.253104455807159
loc6766_pos92,FALSE,299,53,0.177257525083612,0.148829431438127,0.851170568561873,0.253358463551862
loc6768_pos23,FALSE,275,56,0.203636363636364,0.156363636363636,0.843636363636364,0.263828099173554
loc6779_pos93,FALSE,268,27,0.100746268656716,0.0615671641791045,0.938432835820896,0.115553296948095
loc6795_pos100,FALSE,287,25,0.0871080139372822,0.93205574912892,0.0679442508710801,0.126655659289296
loc6802_pos7,FALSE,293,45,0.15358361774744,0.895904436860068,0.104095563139932,0.186519353749024
loc6815_pos7,FALSE,282,100,0.354609929078014,0.326241134751773,0.673758865248227,0.439615713495297
loc6822_pos16,FALSE,295,30,0.101694915254237,0.935593220338983,0.0644067796610169,0.120517092789428
loc6829_pos155,FALSE,280,87,0.310714285714286,0.455357142857143,0.544642857142857,0.496014030612245
loc6837_pos22,FALSE,271,27,0.0996309963099631,0.909594095940959,0.0904059040590406,0.164465353140616
loc6852_pos14,FALSE,276,57,0.206521739130435,0.831521739130435,0.168478260869565,0.280186672967864
loc6853_pos6,FALSE,306,45,0.147058823529412,0.0898692810457516,0.910130718954248,0.163585586740143
loc6860_pos21,FALSE,303,28,0.0924092409240924,0.943894389438944,0.0561056105610561,0.105915542049254
loc6870_pos26,FALSE,260,40,0.153846153846154,0.896153846153846,0.103846153846154,0.18612426035503
loc6882_pos59,FALSE,283,10,0.0353356890459364,0.92226148409894,0.0777385159010601,0.143390478093121
loc6883_pos16,FALSE,301,45,0.149501661129568,0.865448504983389,0.134551495016611,0.232894780410812
loc6887_pos3,FALSE,279,28,0.100358422939068,0.917562724014337,0.0824372759856631,0.151282743027453
loc6891_pos41,FALSE,276,94,0.340579710144928,0.547101449275362,0.452898550724638,0.495562906952321
loc6934_pos14,FALSE,274,45,0.164233576642336,0.892335766423358,0.107664233576642,0.192145292769993
loc6944_pos9,FALSE,265,48,0.181132075471698,0.871698113207547,0.128301886792453,0.223681025275899
loc6949_pos98,FALSE,282,22,0.0780141843971631,0.0638297872340425,0.936170212765957,0.119511090991399
loc6979_pos6,FALSE,281,41,0.145907473309609,0.108540925266904,0.891459074733096,0.193519585618217
loc7006_pos5,FALSE,264,67,0.253787878787879,0.168560606060606,0.831439393939394,0.280295856290174
loc7030_pos37,FALSE,302,90,0.298013245033113,0.248344370860927,0.751655629139073,0.373338888645235
loc7044_pos93,FALSE,260,104,0.4,0.407692307692308,0.592307692307692,0.482958579881657
loc7074_pos42,FALSE,281,56,0.199288256227758,0.138790035587189,0.861209964412811,0.239054723217791
loc7084_pos18,FALSE,301,89,0.295681063122924,0.264119601328904,0.735880398671096,0.388720875045529
loc7089_pos8,FALSE,296,78,0.263513513513513,0.841216216216216,0.158783783783784,0.267142987582177
loc7094_pos27,FALSE,288,17,0.0590277777777778,0.0503472222222222,0.949652777777778,0.0956247588734568
loc7107_pos37,FALSE,294,96,0.326530612244898,0.591836734693878,0.408163265306122,0.483132028321533
loc7116_pos28,FALSE,280,103,0.367857142857143,0.748214285714286,0.251785714285714,0.376779336734694
loc7117_pos7,FALSE,276,68,0.246376811594203,0.239130434782609,0.760869565217391,0.363894139886578
loc7126_pos205,FALSE,296,25,0.0844594594594595,0.0658783783783784,0.934121621621622,0.123076835281227
loc7150_pos31,FALSE,272,95,0.349264705882353,0.575367647058823,0.424632352941177,0.488639435553633
loc7162_pos44,FALSE,273,34,0.124542124542125,0.919413919413919,0.0805860805860806,0.148183928403709
loc7170_pos26,FALSE,263,74,0.281368821292776,0.695817490494297,0.304182509505703,0.423311020833032
loc7191_pos37,FALSE,300,77,0.256666666666667,0.235,0.765,0.35955
loc7200_pos2,FALSE,304,41,0.134868421052632,0.929276315789474,0.0707236842105263,0.131443689404432
loc7216_pos8,FALSE,271,23,0.0848708487084871,0.928044280442804,0.0719557195571956,0.133556187960404
loc7222_pos20,FALSE,290,79,0.272413793103448,0.246551724137931,0.753448275862069,0.371527942925089
loc7262_pos99,FALSE,285,45,0.157894736842105,0.124561403508772,0.875438596491228,0.218091720529394
loc7289_pos4,FALSE,298,38,0.12751677852349,0.919463087248322,0.0805369127516778,0.148101436872213
loc7313_pos16,FALSE,271,57,0.210332103321033,0.828413284132841,0.171586715867159,0.284289429610163
loc7319_pos27,FALSE,296,40,0.135135135135135,0.912162162162162,0.0878378378378378,0.160244704163623
loc7320_pos2,FALSE,282,32,0.113475177304965,0.911347517730496,0.0886524822695035,0.161586439313918
loc7336_pos59,FALSE,305,56,0.183606557377049,0.881967213114754,0.118032786885246,0.208202096210696
loc7347_pos139,FALSE,287,31,0.10801393728223,0.900696864111498,0.0993031358885017,0.178884046182423
loc7352_pos3,FALSE,279,21,0.0752688172043011,0.948028673835125,0.0519713261648745,0.0985406148430775
loc7357_pos18,FALSE,298,73,0.24496644295302,0.864093959731544,0.135906040268456,0.23487117697401
loc7393_pos14,FALSE,261,27,0.103448275862069,0.917624521072797,0.0823754789272031,0.151179518797434
loc7400_pos28,FALSE,274,47,0.171532846715328,0.122262773722628,0.877737226277372,0.214629175768555
loc7406_pos2,FALSE,263,83,0.315589353612167,0.245247148288973,0.754752851711027,0.370201969090199
loc7409_pos20,FALSE,260,72,0.276923076923077,0.665384615384615,0.334615384615385,0.445295857988166
loc7422_pos95,FALSE,310,64,0.206451612903226,0.829032258064516,0.170967741935484,0.283475546305931
loc7446_pos44,FALSE,295,105,0.35593220338983,0.313559322033898,0.686440677966102,0.430479747199081
loc7461_pos103,FALSE,276,68,0.246376811594203,0.811594202898551,0.188405797101449,0.305818105440034
loc7476_pos4,FALSE,295,87,0.294915254237288,0.716949152542373,0.283050847457627,0.405866130422292
loc7507_pos31,FALSE,285,44,0.154385964912281,0.88421052631579,0.115789473684211,0.204764542936288
loc7510_pos17,FALSE,262,39,0.148854961832061,0.845419847328244,0.154580152671756,0.261370258143465
loc7542_pos110,FALSE,301,112,0.372093023255814,0.651162790697674,0.348837209302326,0.454299621416982
loc7574_pos8,FALSE,307,24,0.0781758957654723,0.0521172638436482,0.947882736156352,0.0988021093061995
loc7578_pos10,FALSE,299,111,0.37123745819398,0.46989966555184,0.53010033444816,0.498187939732218
loc7594_pos23,FALSE,289,117,0.404844290657439,0.527681660899654,0.472318339100346,0.498467451299673
loc7632_pos28,FALSE,298,20,0.0671140939597315,0.0704697986577181,0.929530201342282,0.131007612269718
loc7646_pos36,FALSE,276,125,0.452898550724638,0.447463768115942,0.552536231884058,0.494479888678849
loc7672_pos83,FALSE,298,118,0.395973154362416,0.540268456375839,0.459731543624161,0.496756902842214
loc7683_pos22,FALSE,294,27,0.0918367346938776,0.920068027210884,0.0799319727891157,0.147085705030311
loc7739_pos122,FALSE,284,45,0.158450704225352,0.85387323943662,0.14612676056338,0.249547460821266
loc7751_pos11,FALSE,287,28,0.0975609756097561,0.940766550522648,0.0592334494773519,0.111449695880732
loc7763_pos17,FALSE,303,48,0.158415841584158,0.917491749174917,0.0825082508250825,0.151401278741736
loc7815_pos115,FALSE,303,33,0.108910891089109,0.929042904290429,0.070957095709571,0.131844372556068
loc7818_pos22,FALSE,261,15,0.0574712643678161,0.925287356321839,0.0747126436781609,0.138261329105562
loc7830_pos123,FALSE,296,39,0.131756756756757,0.913851351351351,0.0861486486486487,0.157454117969321
loc7845_pos27,FALSE,296,56,0.189189189189189,0.881756756756757,0.118243243243243,0.208523557341125
loc7854_pos15,FALSE,283,34,0.120141342756184,0.0706713780918728,0.929328621908127,0.131353868820937
loc7859_pos14,FALSE,274,82,0.299270072992701,0.237226277372263,0.762773722627737,0.361899941392722
loc7914_pos45,FALSE,285,47,0.164912280701754,0.9,0.1,0.18
loc7947_pos93,FALSE,306,37,0.120915032679739,0.916666666666667,0.0833333333333334,0.152777777777778
loc7951_pos2,FALSE,277,89,0.32129963898917,0.26173285198556,0.73826714801444,0.38645753235413
loc7960_pos39,FALSE,299,61,0.204013377926421,0.847826086956522,0.152173913043478,0.258034026465028
loc7984_pos125,FALSE,284,103,0.362676056338028,0.445422535211268,0.554577464788732,0.494042600674469
loc7985_pos102,FALSE,286,105,0.367132867132867,0.487762237762238,0.512237762237762,0.499700474350824
loc7987_pos24,FALSE,276,57,0.206521739130435,0.867753623188406,0.132246376811594,0.2295145452636
loc8009_pos3,FALSE,284,31,0.109154929577465,0.941901408450704,0.0580985915492958,0.109446290418568
loc8026_pos40,FALSE,289,81,0.280276816608997,0.669550173010381,0.330449826989619,0.4425054776643
loc8033_pos129,FALSE,284,105,0.369718309859155,0.639084507042254,0.360915492957746,0.461310999801627
loc8034_pos7,FALSE,282,34,0.120567375886525,0.0886524822695035,0.911347517730496,0.161586439313918
loc8038_pos11,FALSE,271,80,0.29520295202952,0.354243542435424,0.645756457564576,0.457510110156452
loc8042_pos102,FALSE,306,35,0.11437908496732,0.923202614379085,0.076797385620915,0.141799094365415
loc8063_pos34,FALSE,262,69,0.263358778625954,0.234732824427481,0.765267175572519,0.359266651127557
loc8073_pos93,FALSE,272,40,0.147058823529412,0.136029411764706,0.863970588235294,0.235050821799308
loc8074_pos12,FALSE,308,45,0.146103896103896,0.086038961038961,0.913961038961039,0.157272516444594
loc8107_pos56,FALSE,293,30,0.102389078498294,0.0716723549488055,0.928327645051195,0.133070856969796
loc8110_pos23,FALSE,300,89,0.296666666666667,0.318333333333333,0.681666666666667,0.433994444444444
loc8127_pos4,FALSE,260,53,0.203846153846154,0.136538461538462,0.863461538461539,0.235791420118343
loc8128_pos33,FALSE,259,102,0.393822393822394,0.598455598455598,0.401544401544402,0.4806129902655
loc8131_pos60,FALSE,292,52,0.178082191780822,0.133561643835616,0.866438356164384,0.231445862263089
loc8151_pos20,FALSE,264,26,0.0984848484848485,0.93560606060606,0.0643939393939394,0.120494719926538
loc8159_pos5,FALSE,273,58,0.212454212454212,0.168498168498169,0.831501831501831,0.280213071421863
loc8204_pos23,FALSE,290,11,0.0379310344827586,0.939655172413793,0.0603448275862069,0.113406658739596
loc8212_pos95,FALSE,298,93,0.312080536912752,0.780201342281879,0.219798657718121,0.342974415566866
loc8235_pos58,FALSE,278,90,0.323741007194245,0.276978417266187,0.723021582733813,0.40052274726981
loc8271_pos18,FALSE,281,58,0.206405693950178,0.174377224199288,0.825622775800712,0.287939615759679
loc8293_pos31,FALSE,287,64,0.222996515679443,0.843205574912892,0.156794425087108,0.264419866697423
loc8315_pos10,FALSE,271,37,0.136531365313653,0.112546125461255,0.887453874538745,0.199758990209828
loc8339_pos57,FALSE,282,26,0.0921985815602837,0.925531914893617,0.074468085106383,0.137845178813943
loc8342_pos7,FALSE,288,44,0.152777777777778,0.913194444444444,0.0868055555555556,0.158540702160494
loc8411_pos7,FALSE,288,28,0.0972222222222222,0.0763888888888889,0.923611111111111,0.14110725308642
loc8441_pos124,FALSE,291,46,0.15807560137457,0.914089347079038,0.0859106529209622,0.157060025271312
loc8451_pos9,FALSE,296,41,0.138513513513514,0.0793918918918919,0.920608108108108,0.146177638787436
loc8476_pos121,FALSE,274,23,0.083941605839416,0.0565693430656934,0.943430656934307,0.106738504981619
loc8492_pos17,FALSE,273,34,0.124542124542125,0.10989010989011,0.89010989010989,0.195628547276899
loc8525_pos4,FALSE,263,73,0.277566539923954,0.173003802281369,0.826996197718631,0.286146973355116
loc8540_pos135,FALSE,299,69,0.230769230769231,0.854515050167224,0.145484949832776,0.248638158409861
loc8548_pos12,FALSE,268,63,0.235074626865672,0.263059701492537,0.736940298507463,0.387718589886389
loc8549_pos17,FALSE,276,31,0.11231884057971,0.925724637681159,0.0742753623188406,0.137517065742491
loc8553_pos8,FALSE,283,73,0.257950530035336,0.259717314487633,0.740282685512367,0.384528462085929
loc8554_pos15,FALSE,285,75,0.263157894736842,0.26140350877193,0.73859649122807,0.386143428747307
loc8577_pos5,FALSE,280,29,0.103571428571429,0.916071428571429,0.0839285714285715,0.153769132653061
loc8579_pos8,FALSE,282,39,0.138297872340426,0.859929078014184,0.140070921985816,0.240902117599718
loc8587_pos3,FALSE,269,82,0.304832713754647,0.639405204460966,0.360594795539034,0.461132377938392
loc8592_pos26,FALSE,286,126,0.440559440559441,0.444055944055944,0.555944055944056,0.493740525209057
loc8609_pos1,FALSE,271,81,0.298892988929889,0.791512915129151,0.208487084870849,0.330040440625808
loc8619_pos101,FALSE,289,99,0.342560553633218,0.326989619377163,0.673010380622837,0.440134816393482
loc8632_pos24,FALSE,263,30,0.114068441064639,0.920152091254753,0.0798479087452472,0.146944440428516
loc8665_pos2,FALSE,267,27,0.101123595505618,0.941947565543071,0.0580524344569289,0.109364698621106
loc8691_pos25,FALSE,267,89,0.333333333333333,0.743445692883895,0.256554307116105,0.38146838923256
loc8701_pos42,FALSE,302,126,0.417218543046358,0.364238410596026,0.635761589403974,0.463137581685014
loc8714_pos11,FALSE,259,44,0.16988416988417,0.872586872586873,0.127413127413127,0.222358044751867
loc8744_pos0,FALSE,287,37,0.128919860627178,0.876306620209059,0.123693379790941,0.21678665517367
loc8745_pos15,FALSE,293,83,0.283276450511945,0.373720136518771,0.626279863481229,0.468106792158325
loc8768_pos45,FALSE,264,89,0.337121212121212,0.410984848484849,0.589015151515151,0.484152605601469
loc8772_pos5,FALSE,302,33,0.109271523178808,0.932119205298013,0.0678807947019867,0.126545984825227
loc8775_pos34,FALSE,282,58,0.205673758865248,0.159574468085106,0.840425531914894,0.268220914440923
loc8777_pos9,FALSE,275,72,0.261818181818182,0.345454545454545,0.654545454545455,0.452231404958678
loc8792_pos0,FALSE,281,108,0.384341637010676,0.434163701067616,0.565836298932384,0.491331163485771
loc8804_pos4,FALSE,293,34,0.116040955631399,0.935153583617747,0.0648464163822525,0.121282717329264
loc8813_pos23,FALSE,289,46,0.15916955017301,0.86159169550173,0.13840830449827,0.238502891488368
loc8833_pos46,FALSE,300,51,0.17,0.885,0.115,0.20355
loc8839_pos9,FALSE,288,35,0.121527777777778,0.914930555555556,0.0850694444444444,0.155665268132716
loc8851_pos3,FALSE,281,32,0.113879003558719,0.925266903914591,0.0747330960854092,0.138296120869796
loc8853_pos5,FALSE,281,93,0.330960854092527,0.745551601423488,0.254448398576512,0.379408822076721
loc8887_pos6,FALSE,282,104,0.368794326241135,0.351063829787234,0.648936170212766,0.455636034404708
loc8933_pos22,FALSE,294,98,0.333333333333333,0.554421768707483,0.445578231292517,0.494076542181498
loc8949_pos8,FALSE,275,70,0.254545454545455,0.774545454545455,0.225454545454545,0.34924958677686
loc8955_pos23,FALSE,261,27,0.103448275862069,0.921455938697318,0.078544061302682,0.144749783473525
loc8960_pos126,FALSE,290,67,0.231034482758621,0.836206896551724,0.163793103448276,0.273929845422117
loc8964_pos119,FALSE,264,91,0.34469696969697,0.683712121212121,0.316287878787879,0.432499713039486
loc8965_pos2,FALSE,283,62,0.219081272084806,0.858657243816254,0.141342756183746,0.242729962916256
loc8973_pos8,FALSE,263,71,0.269961977186312,0.245247148288973,0.754752851711027,0.370201969090199
loc8978_pos24,FALSE,261,31,0.118773946360153,0.913793103448276,0.0862068965517241,0.157550535077289
loc8992_pos4,FALSE,273,74,0.271062271062271,0.765567765567766,0.234432234432234,0.358947523782689
loc9004_pos140,FALSE,295,117,0.396610169491525,0.594915254237288,0.405084745762712,0.481982189026142
loc9039_pos14,FALSE,277,35,0.126353790613718,0.90072202166065,0.0992779783393501,0.178843722712403
loc9047_pos48,FALSE,299,43,0.1438127090301,0.914715719063545,0.0852842809364549,0.156021744723213
loc9049_pos14,FALSE,288,99,0.34375,0.321180555555556,0.678819444444444,0.43604721257716
loc9052_pos11,FALSE,294,72,0.244897959183673,0.149659863945578,0.850340136054422,0.254523578138738
loc9053_pos7,FALSE,264,69,0.261363636363636,0.179924242424242,0.820075757575758,0.29510301882461
loc9068_pos108,FALSE,293,70,0.238907849829352,0.832764505119454,0.167235494880546,0.27853556826521
loc9073_pos20,FALSE,260,72,0.276923076923077,0.696153846153846,0.303846153846154,0.423047337278107
loc9081_pos11,FALSE,265,37,0.139622641509434,0.858490566037736,0.141509433962264,0.242969028123887
loc9086_pos98,FALSE,286,28,0.0979020979020979,0.93006993006993,0.0699300699300699,0.130079710499291
loc9091_pos16,FALSE,303,36,0.118811881188119,0.0891089108910891,0.910891089108911,0.162337025781786
loc9097_pos11,FALSE,261,84,0.32183908045977,0.283524904214559,0.716475095785441,0.406277065809369
loc9100_pos28,FALSE,291,29,0.0996563573883162,0.943298969072165,0.0567010309278351,0.106972048039112
loc9113_pos1,FALSE,285,87,0.305263157894737,0.335087719298246,0.664912280701754,0.445607879347492
loc9115_pos6,FALSE,291,38,0.130584192439863,0.910652920962199,0.0893470790378007,0.162728357010427
loc9118_pos5,FALSE,297,26,0.0875420875420875,0.946127946127946,0.0538720538720538,0.101939711367321
loc9168_pos3,FALSE,276,34,0.123188405797101,0.884057971014493,0.115942028985507,0.204998949800462
loc9179_pos100,FALSE,272,21,0.0772058823529412,0.928308823529412,0.0716911764705882,0.133103103373702
loc9200_pos78,FALSE,260,46,0.176923076923077,0.130769230769231,0.869230769230769,0.227337278106509
loc9201_pos4,FALSE,276,87,0.315217391304348,0.298913043478261,0.701086956521739,0.419128071833648
loc9203_pos111,FALSE,265,34,0.128301886792453,0.10188679245283,0.89811320754717,0.183011747953008
loc9204_pos53,FALSE,296,88,0.297297297297297,0.25,0.75,0.375
loc9226_pos0,FALSE,287,68,0.236933797909408,0.81184668989547,0.18815331010453,0.305503284002477
loc9235_pos138,FALSE,273,33,0.120879120879121,0.884615384615385,0.115384615384615,0.20414201183432
loc9263_pos3,FALSE,285,30,0.105263157894737,0.87719298245614,0.12280701754386,0.215450907971684
loc9270_pos19,FALSE,278,41,0.147482014388489,0.890287769784173,0.109712230215827,0.195350913513793
loc9273_pos10,FALSE,289,45,0.155709342560554,0.891003460207612,0.108996539792388,0.194232588211348
loc9281_pos43,FALSE,290,49,0.168965517241379,0.898275862068965,0.101724137931035,0.182752675386445
loc9297_pos33,FALSE,286,94,0.328671328671329,0.265734265734266,0.734265734265734,0.390239131497873
loc9303_pos116,FALSE,263,63,0.239543726235741,0.79277566539924,0.20722433460076,0.328564819500065
loc9322_pos26,FALSE,294,65,0.22108843537415,0.83843537414966,0.16156462585034,0.270922995048359
loc9331_pos19,FALSE,266,118,0.443609022556391,0.390977443609023,0.609022556390977,0.476228164395952
loc9332_pos58,FALSE,297,128,0.430976430976431,0.373737373737374,0.626262626262626,0.468115498418529
loc9335_pos54,FALSE,290,51,0.175862068965517,0.887931034482759,0.112068965517241,0.199019024970273
loc9347_pos14,FALSE,280,33,0.117857142857143,0.908928571428571,0.0910714285714286,0.165554846938776
loc9358_pos53,FALSE,284,60,0.211267605633803,0.866197183098592,0.133802816901408,0.231799246181313
loc9389_pos24,FALSE,284,87,0.306338028169014,0.582746478873239,0.417253521126761,0.486306040468161
loc9401_pos29,FALSE,265,27,0.10188679245283,0.930188679245283,0.069811320754717,0.129875400498398
loc9404_pos9,FALSE,283,99,0.34982332155477,0.404593639575972,0.595406360424028,0.481795252781281
loc9428_pos37,FALSE,275,36,0.130909090909091,0.138181818181818,0.861818181818182,0.23817520661157
loc9430_pos3,FALSE,263,46,0.174904942965779,0.878326996197719,0.121673003802281,0.213737367896023
loc9441_pos31,FALSE,278,94,0.338129496402878,0.226618705035971,0.773381294964029,0.350525335127581
loc9446_pos8,FALSE,269,35,0.130111524163569,0.923791821561338,0.0762081784386617,0.140800983955446
loc9449_pos24,FALSE,287,50,0.174216027874564,0.0940766550522648,0.905923344947735,0.170452476052884
loc9451_pos96,FALSE,301,71,0.235880398671096,0.838870431893688,0.161129568106312,0.270333660776371
loc9458_pos34,FALSE,290,15,0.0517241379310345,0.95,0.05,0.0950000000000001
loc9464_pos41,FALSE,301,17,0.0564784053156146,0.0946843853820598,0.90531561461794,0.171438505093763
loc9483_pos12,FALSE,290,88,0.303448275862069,0.220689655172414,0.779310344827586,0.34397146254459
loc9500_pos2,FALSE,284,119,0.419014084507042,0.649647887323944,0.350352112676056,0.455211019638961
loc9503_pos68,FALSE,296,106,0.358108108108108,0.297297297297297,0.702702702702703,0.417823228634039
loc9517_pos8,FALSE,290,91,0.313793103448276,0.253448275862069,0.746551724137931,0.378424494649227
loc9527_pos0,FALSE,305,89,0.291803278688525,0.804918032786885,0.195081967213115,0.314049986562752
loc9529_pos42,FALSE,301,137,0.45514950166113,0.556478405315615,0.443521594684385,0.49362037946601
loc9570_pos35,FALSE,280,36,0.128571428571429,0.103571428571429,0.896428571428571,0.185688775510204
loc9581_pos6,FALSE,290,55,0.189655172413793,0.856896551724138,0.143103448275862,0.245249702734839
loc9591_pos38,FALSE,282,13,0.0460992907801418,0.920212765957447,0.0797872340425532,0.146842462652784
loc9592_pos2,FALSE,289,45,0.155709342560554,0.119377162629758,0.880622837370242,0.210252511344452
loc9602_pos102,FALSE,292,114,0.39041095890411,0.513698630136986,0.486301369863014,0.49962469506474
loc9631_pos64,FALSE,288,93,0.322916666666667,0.321180555555556,0.678819444444444,0.43604721257716
loc9637_pos140,FALSE,288,94,0.326388888888889,0.375,0.625,0.46875
loc9648_pos124,FALSE,272,105,0.386029411764706,0.597426470588235,0.402573529411765,0.481016165657439
loc9650_pos6,FALSE,276,101,0.365942028985507,0.371376811594203,0.628623188405797,0.466912150808654
loc9655_pos16,FALSE,273,100,0.366300366300366,0.512820512820513,0.487179487179487,0.499671268902038
loc9661_pos108,FALSE,297,88,0.296296296296296,0.269360269360269,0.730639730639731,0.393610629300865
loc9667_pos14,FALSE,298,77,0.258389261744966,0.192953020134228,0.807046979865772,0.311444304310617
loc9700_pos26,FALSE,287,47,0.163763066202091,0.897212543554007,0.102787456445993,0.184444390486712
loc9719_pos8,FALSE,301,30,0.0996677740863787,0.906976744186046,0.0930232558139535,0.168739859383451
loc9729_pos6,FALSE,272,25,0.0919117647058824,0.909926470588235,0.0900735294117647,0.163920577422145
loc9730_pos98,FALSE,279,108,0.387096774193548,0.555555555555556,0.444444444444444,0.493827160493827
loc9746_pos6,FALSE,280,57,0.203571428571429,0.201785714285714,0.798214285714286,0.322136479591837
loc9752_pos10,FALSE,259,56,0.216216216216216,0.208494208494208,0.791505791505791,0.330048747037164
loc9769_pos0,FALSE,293,55,0.187713310580205,0.87542662116041,0.12457337883959,0.218109704248157
loc9799_pos128,FALSE,286,20,0.0699300699300699,0.937062937062937,0.0629370629370629,0.117951978091838
loc9804_pos93,FALSE,280,103,0.367857142857143,0.701785714285714,0.298214285714286,0.418565051020408
loc9819_pos99,FALSE,298,144,0.483221476510067,0.493288590604027,0.506711409395973,0.499909913967839
loc9820_pos17,FALSE,289,54,0.186851211072664,0.86159169550173,0.13840830449827,0.238502891488368
loc9826_pos37,FALSE,276,67,0.242753623188406,0.327898550724638,0.672101449275362,0.44076218231464
loc9855_pos13,FALSE,294,30,0.102040816326531,0.918367346938776,0.0816326530612245,0.14993752603082
loc9866_pos8,FALSE,277,41,0.148014440433213,0.886281588447653,0.113718411552347,0.201573068852715
loc9868_pos296,FALSE,295,37,0.125423728813559,0.933898305084746,0.0661016949152542,0.12346452168917
loc9936_pos4,FALSE,284,30,0.105633802816901,0.936619718309859,0.0633802816901409,0.118726443166039
loc9941_pos3,FALSE,287,86,0.299651567944251,0.662020905923345,0.337979094076655,0.447498452087557
loc9962_pos21,FALSE,279,102,0.365591397849462,0.623655913978495,0.376344086021505,0.469418429876286
loc9985_pos5,FALSE,287,82,0.285714285714286,0.24390243902439,0.75609756097561,0.368828078524688
loc9992_pos11,FALSE,306,43,0.140522875816993,0.125816993464052,0.874183006535948,0.219974155239438
loc10013_pos5,FALSE,273,83,0.304029304029304,0.701465201465201,0.298534798534799,0.418823545197172
loc10068_pos86,FALSE,301,46,0.152823920265781,0.897009966777409,0.102990033222591,0.184766172558802
loc10072_pos8,FALSE,300,42,0.14,0.866666666666667,0.133333333333333,0.231111111111111
loc10075_pos4,FALSE,279,114,0.408602150537634,0.390681003584229,0.609318996415771,0.476098714045297
loc10085_pos8,FALSE,289,14,0.0484429065743945,0.0519031141868512,0.948096885813149,0.0984183618491158
loc10127_pos49,FALSE,286,43,0.15034965034965,0.896853146853147,0.103146853146853,0.185015159665509
loc10130_pos3,FALSE,282,77,0.273049645390071,0.707446808510638,0.292553191489362,0.413931643277501
loc10142_pos22,FALSE,305,23,0.0754098360655738,0.945901639344262,0.0540983606557377,0.102343456060199
loc10145_pos45,FALSE,289,114,0.394463667820069,0.643598615916955,0.356401384083045,0.45875887501347
loc10150_pos2,FALSE,299,111,0.37123745819398,0.38628762541806,0.61371237458194,0.474138991733873
loc10160_pos1,FALSE,286,73,0.255244755244755,0.812937062937063,0.187062937062937,0.30414078928065
loc10180_pos14,FALSE,271,50,0.18450184501845,0.874538745387454,0.125461254612546,0.219441456407184
loc10204_pos8,FALSE,286,53,0.185314685314685,0.816433566433566,0.183566433566434,0.299739596068267
loc10219_pos98,FALSE,294,36,0.122448979591837,0.880952380952381,0.119047619047619,0.209750566893424
loc10237_pos92,FALSE,276,105,0.380434782608696,0.661231884057971,0.338768115942029,0.448008559126234
loc10273_pos229,FALSE,261,122,0.467432950191571,0.563218390804598,0.436781609195402,0.492006870128154
loc10302_pos94,FALSE,281,77,0.274021352313167,0.229537366548043,0.770462633451957,0.353699927812464
loc10306_pos17,FALSE,273,51,0.186813186813187,0.738095238095238,0.261904761904762,0.386621315192744
loc10328_pos66,FALSE,295,43,0.145762711864407,0.903389830508475,0.0966101694915255,0.174553289284688
loc10329_pos64,FALSE,279,62,0.222222222222222,0.835125448028674,0.164874551971326,0.275381868167161
loc10341_pos33,FALSE,291,36,0.123711340206186,0.103092783505155,0.896907216494845,0.184929322988628
loc10343_pos146,FALSE,287,100,0.348432055749129,0.717770034843206,0.282229965156794,0.405152423848778
loc10350_pos51,FALSE,294,112,0.380952380952381,0.374149659863946,0.625850340136054,0.468323383775279
loc10372_pos48,FALSE,277,75,0.270758122743682,0.785198555956679,0.214801444043321,0.33732356736045
loc10387_pos95,FALSE,291,32,0.109965635738832,0.920962199312715,0.0790378006872853,0.145581653499604
loc10396_pos9,FALSE,292,25,0.0856164383561644,0.916095890410959,0.083904109589041,0.153728419966222
loc10428_pos46,FALSE,301,106,0.352159468438538,0.538205980066445,0.461794019933555,0.497080606174325
loc10502_pos4,FALSE,261,84,0.32183908045977,0.35632183908046,0.64367816091954,0.458713172149557
loc10520_pos5,FALSE,300,30,0.1,0.06,0.94,0.1128
loc10525_pos21,FALSE,278,102,0.366906474820144,0.435251798561151,0.564748201438849,0.491615340820869
loc10534_pos4,FALSE,299,85,0.28428093645485,0.801003344481605,0.198996655518395,0.318793973221776
loc10542_pos19,FALSE,293,42,0.143344709897611,0.89419795221843,0.10580204778157,0.189215948933593
loc10552_pos94,FALSE,296,27,0.0912162162162162,0.930743243243243,0.0692567567567568,0.128920516800584
loc10565_pos70,FALSE,302,20,0.0662251655629139,0.947019867549669,0.0529801324503312,0.100346476031753
loc10575_pos17,FALSE,259,25,0.0965250965250965,0.936293436293436,0.0637065637065637,0.11929607489453
loc10606_pos201,FALSE,278,70,0.251798561151079,0.823741007194245,0.176258992805755,0.290383520521712
loc10620_pos78,FALSE,293,57,0.194539249146758,0.151877133105802,0.848122866894198,0.257620939090729
loc10631_pos12,FALSE,295,51,0.172881355932203,0.883050847457627,0.116949152542373,0.206544096523987
loc10644_pos41,FALSE,259,29,0.111969111969112,0.936293436293436,0.0637065637065637,0.11929607489453
loc10645_pos7,FALSE,294,36,0.122448979591837,0.0748299319727891,0.925170068027211,0.138460826507474
loc10666_pos94,FALSE,288,20,0.0694444444444444,0.0659722222222222,0.934027777777778,0.123239776234568
loc10683_pos10,FALSE,297,73,0.245791245791246,0.203703703703704,0.796296296296296,0.324417009602195
loc10685_pos6,FALSE,287,90,0.313588850174216,0.24390243902439,0.75609756097561,0.368828078524688
loc10693_pos18,FALSE,267,76,0.284644194756554,0.602996254681648,0.397003745318352,0.478783543043106
loc10702_pos2,FALSE,261,62,0.237547892720307,0.172413793103448,0.827586206896552,0.285374554102259
loc10713_pos38,FALSE,274,22,0.0802919708029197,0.941605839416058,0.0583941605839416,0.109968565187277
loc10718_pos9,FALSE,261,79,0.302681992337165,0.300766283524904,0.699233716475096,0.420611852439042
loc10738_pos98,FALSE,286,38,0.132867132867133,0.111888111888112,0.888111888111888,0.19873832461245
loc10740_pos25,FALSE,267,74,0.277153558052434,0.217228464419476,0.782771535580524,0.340080517330865
loc10741_pos85,FALSE,299,28,0.0936454849498328,0.936454849498328,0.0635451505016722,0.119014328698784
loc10743_pos36,FALSE,263,81,0.307984790874525,0.23384030418251,0.76615969581749,0.358318032644682
loc10746_pos5,FALSE,291,18,0.0618556701030928,0.0618556701030928,0.938144329896907,0.11605909235838
loc10764_pos2,FALSE,276,64,0.231884057971014,0.195652173913043,0.804347826086957,0.314744801512287
loc10770_pos68,FALSE,309,35,0.113268608414239,0.914239482200647,0.0857605177993528,0.156811302772279
loc10771_pos27,FALSE,291,25,0.0859106529209622,0.939862542955326,0.0601374570446735,0.113041886609747
loc10799_pos30,FALSE,267,36,0.134831460674157,0.097378277153558,0.902621722846442,0.175791496584326
loc10914_pos48,FALSE,277,60,0.216606498194946,0.169675090252708,0.830324909747292,0.281770908000886
loc10916_pos5,FALSE,280,63,0.225,0.826785714285714,0.173214285714286,0.286422193877551
loc10931_pos27,FALSE,279,69,0.247311827956989,0.876344086021505,0.123655913978495,0.216730257833276
loc10943_pos17,FALSE,276,36,0.130434782608696,0.934782608695652,0.0652173913043478,0.121928166351607
loc10950_pos64,FALSE,271,49,0.180811808118081,0.887453874538745,0.112546125461255,0.199758990209828
loc10971_pos24,FALSE,267,42,0.157303370786517,0.857677902621723,0.142322097378277,0.244133035952251
loc10986_pos91,FALSE,280,115,0.410714285714286,0.319642857142857,0.680357142857143,0.434942602040816
loc11014_pos2,FALSE,304,23,0.0756578947368421,0.0904605263157895,0.90953947368421,0.16455483898892
loc11042_pos33,FALSE,267,95,0.355805243445693,0.410112359550562,0.589887640449438,0.483840424188865
loc11046_pos14,FALSE,286,43,0.15034965034965,0.907342657342657,0.0926573426573427,0.168143919018045
loc11057_pos11,FALSE,296,32,0.108108108108108,0.925675675675676,0.0743243243243243,0.137600438276114
loc11089_pos5,FALSE,284,46,0.161971830985915,0.116197183098592,0.883802816901408,0.205390795477088
loc11090_pos6,FALSE,284,108,0.380281690140845,0.390845070422535,0.609154929577465,0.476170402697877
loc11101_pos0,FALSE,260,40,0.153846153846154,0.892307692307692,0.107692307692308,0.192189349112426
loc11115_pos0,FALSE,266,20,0.075187969924812,0.932330827067669,0.0676691729323309,0.12618011193397
loc11119_pos102,FALSE,269,32,0.118959107806691,0.9182156133829,0.0817843866171004,0.15019140144553
loc11144_pos28,FALSE,276,109,0.394927536231884,0.324275362318841,0.675724637681159,0.43824170342365
loc11145_pos44,FALSE,271,91,0.335793357933579,0.754612546125461,0.245387453874539,0.37034490271102
loc11147_pos11,FALSE,273,97,0.355311355311355,0.342490842490842,0.657509157509158,0.450381730601511
loc11155_pos93,FALSE,274,61,0.222627737226277,0.837591240875912,0.162408759124088,0.272064308167723
loc11164_pos29,FALSE,261,39,0.149425287356322,0.883141762452107,0.116858237547893,0.206404779730186
loc11172_pos3,FALSE,290,49,0.168965517241379,0.15,0.85,0.255
loc11173_pos6,FALSE,301,35,0.116279069767442,0.928571428571429,0.0714285714285714,0.13265306122449
loc11201_pos8,FALSE,281,50,0.177935943060498,0.846975088967972,0.153024911032028,0.259216575271336
loc11208_pos29,FALSE,288,111,0.385416666666667,0.376736111111111,0.623263888888889,0.469612027391975
loc11216_pos11,FALSE,285,46,0.16140350877193,0.845614035087719,0.154385964912281,0.26110187750077
loc11219_pos12,FALSE,296,51,0.172297297297297,0.842905405405405,0.157094594594595,0.264831765887509
loc11223_pos37,FALSE,273,87,0.318681318681319,0.752747252747253,0.247252747252747,0.372237652457433
loc11229_pos19,FALSE,291,45,0.154639175257732,0.836769759450172,0.163230240549828,0.273172258239747
loc11234_pos7,FALSE,301,64,0.212624584717608,0.186046511627907,0.813953488372093,0.302866414277988
loc11274_pos9,FALSE,263,81,0.307984790874525,0.762357414448669,0.237642585551331,0.362337174167618
loc11278_pos93,FALSE,263,22,0.0836501901140684,0.91254752851711,0.0874524714828897,0.159609073428848
loc11279_pos0,FALSE,263,35,0.133079847908745,0.918250950570342,0.0817490494296578,0.15013228469401
loc11288_pos25,FALSE,282,91,0.322695035460993,0.26063829787234,0.73936170212766,0.385411951109099
loc11301_pos2,FALSE,285,108,0.378947368421053,0.407017543859649,0.592982456140351,0.482708525700215
loc11303_pos36,FALSE,267,43,0.161048689138577,0.870786516853933,0.129213483146067,0.225034717838657
loc11307_pos41,FALSE,296,99,0.33445945945946,0.261824324324324,0.738175675675676,0.386544695032871
loc11317_pos100,FALSE,263,81,0.307984790874525,0.268060836501901,0.731939163498099,0.392408448871604
loc11330_pos14,FALSE,267,79,0.295880149812734,0.294007490636704,0.705992509363296,0.415134172172425
loc11348_pos35,FALSE,293,46,0.156996587030717,0.901023890784983,0.0989761092150171,0.178359678039348
loc11357_pos14,FALSE,273,107,0.391941391941392,0.393772893772894,0.606227106227106,0.47743160380523
loc11379_pos8,FALSE,266,87,0.327067669172932,0.31015037593985,0.68984962406015,0.427914240488439
loc11385_pos7,FALSE,271,37,0.136531365313653,0.0867158671586716,0.913284132841328,0.158392451083182
loc11412_pos16,FALSE,284,39,0.137323943661972,0.0862676056338028,0.913732394366197,0.157651011704027
loc11418_pos3,FALSE,298,25,0.0838926174496644,0.941275167785235,0.0587248322147651,0.110552452592226
loc11444_pos101,FALSE,260,97,0.373076923076923,0.425,0.575,0.48875
loc11455_pos1,FALSE,285,35,0.12280701754386,0.0894736842105263,0.910526315789474,0.162936288088643
loc11458_pos29,FALSE,297,53,0.178451178451178,0.836700336700337,0.163299663299663,0.27326576653176
loc11464_pos10,FALSE,263,43,0.163498098859316,0.88403041825095,0.115969581749049,0.205041275716
loc11476_pos46,FALSE,284,23,0.0809859154929577,0.0721830985915493,0.927816901408451,0.133945397738544
loc11485_pos5,FALSE,279,61,0.218637992831541,0.829749103942652,0.170250896057348,0.282531056898036
loc11488_pos29,FALSE,285,80,0.280701754385965,0.856140350877193,0.143859649122807,0.24632810095414
loc11491_pos45,FALSE,271,34,0.125461254612546,0.892988929889299,0.107011070110701,0.191119401968927
loc11515_pos62,FALSE,297,86,0.28956228956229,0.703703703703704,0.296296296296296,0.417009602194787
loc11534_pos9,FALSE,262,46,0.175572519083969,0.874045801526718,0.125954198473282,0.220179476720471
loc11537_pos26,FALSE,295,73,0.247457627118644,0.777966101694915,0.222033898305085,0.345469692617064
loc11572_pos16,FALSE,272,24,0.0882352941176471,0.0735294117647059,0.926470588235294,0.136245674740484
loc11573_pos3,FALSE,302,64,0.211920529801325,0.847682119205298,0.152317880794702,0.258234287969826
loc11584_pos55,FALSE,279,27,0.0967741935483871,0.93010752688172,0.0698924731182796,0.13001503063938
loc11591_pos40,FALSE,304,27,0.0888157894736842,0.0575657894736842,0.942434210526316,0.108503938711911
loc11598_pos7,FALSE,301,95,0.315614617940199,0.662790697674419,0.337209302325581,0.446998377501352
loc11606_pos2,FALSE,264,66,0.25,0.693181818181818,0.306818181818182,0.425361570247934
loc11608_pos111,FALSE,279,29,0.103942652329749,0.0878136200716846,0.912186379928315,0.160204776403181
loc11613_pos2,FALSE,293,56,0.191126279863481,0.890784982935154,0.109215017064846,0.194574194224743
loc11615_pos4,FALSE,276,89,0.322463768115942,0.675724637681159,0.324275362318841,0.43824170342365
loc11619_pos4,FALSE,278,82,0.294964028776978,0.672661870503597,0.327338129496403,0.440375756948398
loc11622_pos0,FALSE,259,49,0.189189189189189,0.862934362934363,0.137065637065637,0.236557296402856
loc11668_pos35,FALSE,268,85,0.317164179104478,0.688432835820896,0.311567164179104,0.428986132768991
loc11698_pos49,FALSE,266,52,0.195488721804511,0.827067669172932,0.172932330827068,0.286053479563571
loc11701_pos29,FALSE,298,58,0.194630872483221,0.859060402684564,0.140939597315436,0.242151254447998
loc11706_pos41,FALSE,267,49,0.183520599250936,0.855805243445693,0.144194756554307,0.246805257473102
loc11749_pos42,FALSE,303,61,0.201320132013201,0.853135313531353,0.146864686468647,0.250590900674226
loc11752_pos78,FALSE,276,101,0.365942028985507,0.577898550724638,0.422101449275362,0.487863631590002
loc11758_pos1,FALSE,299,62,0.207357859531773,0.859531772575251,0.140468227424749,0.241473809017796
loc11781_pos22,FALSE,273,91,0.333333333333333,0.628205128205128,0.371794871794872,0.467126890203813
loc11784_pos111,FALSE,280,136,0.485714285714286,0.571428571428571,0.428571428571429,0.489795918367347
loc11785_pos49,FALSE,278,46,0.165467625899281,0.877697841726619,0.122302158273381,0.214688680710108
loc11844_pos6,FALSE,312,38,0.121794871794872,0.916666666666667,0.0833333333333334,0.152777777777778
loc11851_pos8,FALSE,271,86,0.317343173431734,0.291512915129151,0.708487084870849,0.413066270884111
loc11857_pos5,FALSE,301,79,0.262458471760797,0.207641196013289,0.792358803986711,0.32905265946292
loc11869_pos111,FALSE,298,80,0.268456375838926,0.775167785234899,0.224832214765101,0.348565379937841
loc11874_pos66,FALSE,272,108,0.397058823529412,0.367647058823529,0.63235294117647,0.464965397923875
loc11970_pos94,FALSE,280,66,0.235714285714286,0.185714285714286,0.814285714285714,0.302448979591837
loc11974_pos39,FALSE,286,28,0.0979020979020979,0.944055944055944,0.0559440559440559,0.105628637097169
loc11979_pos2,FALSE,283,84,0.296819787985866,0.745583038869258,0.254416961130742,0.379377942039481
loc11987_pos9,FALSE,290,60,0.206896551724138,0.872413793103448,0.127586206896552,0.222615933412604
loc12004_pos100,FALSE,263,76,0.288973384030418,0.201520912547529,0.798479087452471,0.32182046870708
loc12010_pos21,FALSE,296,87,0.293918918918919,0.251689189189189,0.748310810810811,0.376683482468955
loc12028_pos15,FALSE,304,107,0.351973684210526,0.360197368421053,0.639802631578947,0.460910448407202
loc12043_pos7,FALSE,307,29,0.0944625407166124,0.0602605863192182,0.939739413680782,0.113258496111365
loc12049_pos62,FALSE,300,27,0.09,0.948333333333333,0.0516666666666666,0.0979944444444444
loc12071_pos33,FALSE,288,89,0.309027777777778,0.748263888888889,0.251736111111111,0.376730082947531
loc12078_pos13,FALSE,284,58,0.204225352112676,0.813380281690141,0.186619718309859,0.303585598095616
loc12082_pos77,FALSE,296,63,0.212837837837838,0.163851351351351,0.836148648648649,0.274008172023375
loc12106_pos30,FALSE,294,48,0.163265306122449,0.887755102040816,0.112244897959184,0.199291961682632
loc12112_pos14,FALSE,294,33,0.112244897959184,0.930272108843537,0.0697278911564626,0.12973182470267
loc12119_pos129,FALSE,288,41,0.142361111111111,0.119791666666667,0.880208333333333,0.210883246527778
loc12121_pos5,FALSE,283,64,0.226148409893993,0.19434628975265,0.80565371024735,0.313151618824058
loc12123_pos98,FALSE,282,58,0.205673758865248,0.170212765957447,0.829787234042553,0.282480760525124
loc12125_pos22,FALSE,262,61,0.232824427480916,0.181297709923664,0.818702290076336,0.296857700600198
loc12140_pos6,FALSE,279,34,0.121863799283154,0.121863799283154,0.878136200716846,0.214026027414858
loc12181_pos9,FALSE,263,118,0.448669201520913,0.4106463878327,0.5893536121673,0.484031863985311
loc12189_pos116,FALSE,265,22,0.0830188679245283,0.0641509433962264,0.935849056603774,0.120071199715201
loc12193_pos40,FALSE,267,23,0.0861423220973783,0.885767790262172,0.114232209737828,0.202366423992481
loc12203_pos36,FALSE,290,32,0.110344827586207,0.0689655172413793,0.931034482758621,0.128418549346017
loc12205_pos11,FALSE,281,59,0.209964412811388,0.49644128113879,0.50355871886121,0.499974671040134
loc12214_pos10,FALSE,294,109,0.370748299319728,0.467687074829932,0.532312925170068,0.497911749733907
loc12229_pos42,FALSE,278,84,0.302158273381295,0.302158273381295,0.697841726618705,0.421717302417059
loc12264_pos41,FALSE,265,22,0.0830188679245283,0.943396226415094,0.0566037735849056,0.106799572801709
loc12270_pos8,FALSE,297,33,0.111111111111111,0.927609427609428,0.0723905723905723,0.134300354839075
loc12295_pos18,FALSE,292,46,0.157534246575342,0.126712328767123,0.873287671232877,0.221312629011072
loc12315_pos15,FALSE,305,81,0.265573770491803,0.795081967213115,0.204918032786885,0.325853265251277
loc12368_pos7,FALSE,289,37,0.1280276816609,0.174740484429066,0.825259515570934,0.288412495061122
loc12383_pos6,FALSE,266,20,0.075187969924812,0.947368421052632,0.0526315789473685,0.0997229916897508
loc12408_pos120,FALSE,294,43,0.146258503401361,0.906462585034014,0.0935374149659864,0.169576333934935
loc12409_pos9,FALSE,285,42,0.147368421052632,0.870175438596491,0.129824561403509,0.225940289319791
loc12414_pos77,FALSE,307,37,0.120521172638436,0.0960912052117264,0.903908794788274,0.173715370985369
loc12426_pos6,FALSE,277,36,0.129963898916967,0.11913357400722,0.88086642599278,0.209881531102973
loc12443_pos1,FALSE,300,41,0.136666666666667,0.928333333333333,0.0716666666666667,0.133061111111111
loc12450_pos13,FALSE,264,25,0.0946969696969697,0.948863636363636,0.0511363636363636,0.0970428719008265
loc12457_pos3,FALSE,287,70,0.24390243902439,0.853658536585366,0.146341463414634,0.249851279000595
loc12464_pos7,FALSE,282,100,0.354609929078014,0.280141843971631,0.719858156028369,0.403324782455611
loc12474_pos11,FALSE,259,24,0.0926640926640927,0.0888030888030888,0.911196911196911,0.161834200444239
loc12478_pos17,FALSE,296,62,0.209459459459459,0.861486486486487,0.138513513513513,0.23865504017531
loc12563_pos38,FALSE,263,26,0.0988593155893536,0.91254752851711,0.0874524714828897,0.159609073428848
loc12612_pos4,FALSE,297,37,0.124579124579125,0.927609427609428,0.0723905723905723,0.134300354839075
loc12710_pos2,FALSE,280,39,0.139285714285714,0.919642857142857,0.0803571428571429,0.147799744897959
loc12730_pos100,FALSE,270,29,0.107407407407407,0.935185185185185,0.0648148148148148,0.121227709190672
loc12764_pos37,FALSE,296,95,0.320945945945946,0.359797297297297,0.640202702702703,0.460686404309715
loc12777_pos38,FALSE,282,34,0.120567375886525,0.0780141843971631,0.921985815602837,0.143855942860017
loc12779_pos5,FALSE,304,62,0.203947368421053,0.184210526315789,0.81578947368421,0.300554016620499
loc12795_pos6,FALSE,307,30,0.0977198697068404,0.947882736156352,0.0521172638436482,0.0988021093061996
loc12796_pos12,FALSE,303,32,0.105610561056106,0.0561056105610561,0.943894389438944,0.105915542049254
loc12799_pos42,FALSE,290,39,0.13448275862069,0.0948275862068965,0.905172413793103,0.17167063020214
loc12814_pos47,FALSE,298,43,0.144295302013423,0.115771812080537,0.884228187919463,0.204737399216252
loc12821_pos31,FALSE,279,70,0.25089605734767,0.824372759856631,0.175627240143369,0.289564625325985
loc12829_pos21,FALSE,284,52,0.183098591549296,0.876760563380282,0.123239436619718,0.216102955762745
loc12845_pos46,FALSE,301,49,0.162790697674419,0.89202657807309,0.10797342192691,0.192630324168607
loc12869_pos37,FALSE,277,61,0.220216606498195,0.850180505415162,0.149819494584838,0.254747227254363
loc12897_pos3,FALSE,265,30,0.113207547169811,0.0867924528301887,0.913207547169811,0.158519045923816
loc12901_pos74,FALSE,276,70,0.253623188405797,0.692028985507246,0.307971014492754,0.426249737450116
loc12911_pos102,FALSE,299,92,0.307692307692308,0.187290969899666,0.812709030100334,0.304426124987416
loc12921_pos34,FALSE,277,119,0.429602888086643,0.478339350180505,0.521660649819495,0.499061632498794
loc12942_pos41,FALSE,293,74,0.252559726962457,0.84641638225256,0.15358361774744,0.259991380214097
loc12943_pos32,FALSE,259,87,0.335907335907336,0.747104247104247,0.252895752895753,0.377878982126086
loc12959_pos15,FALSE,303,73,0.240924092409241,0.833333333333333,0.166666666666667,0.277777777777778
loc12962_pos5,FALSE,268,68,0.253731343283582,0.753731343283582,0.246268656716418,0.371240810871018
loc12970_pos157,FALSE,282,104,0.368794326241135,0.322695035460993,0.677304964539007,0.437125899099643
loc12976_pos27,FALSE,288,56,0.194444444444444,0.208333333333333,0.791666666666667,0.329861111111111
loc12979_pos162,FALSE,302,88,0.291390728476821,0.804635761589404,0.195364238410596,0.314394105521688
loc13000_pos94,FALSE,266,101,0.379699248120301,0.697368421052632,0.302631578947368,0.422091412742382
loc13002_pos8,FALSE,278,27,0.0971223021582734,0.940647482014389,0.0593525179856115,0.111659593188758
loc13013_pos130,FALSE,267,27,0.101123595505618,0.926966292134832,0.0730337078651685,0.135399570761267
loc13044_pos65,FALSE,267,67,0.250936329588015,0.799625468164794,0.200374531835206,0.320449157654056
loc13068_pos55,FALSE,280,112,0.4,0.417857142857143,0.582142857142857,0.486505102040816
loc13095_pos6,FALSE,300,45,0.15,0.901666666666667,0.0983333333333334,0.177327777777778
loc13104_pos19,FALSE,260,42,0.161538461538462,0.888461538461538,0.111538461538462,0.198195266272189
loc13108_pos8,FALSE,296,67,0.226351351351351,0.20777027027027,0.79222972972973,0.329203570124178
loc13110_pos5,FALSE,283,23,0.0812720848056537,0.0618374558303887,0.938162544169611,0.116027169773627
loc13114_pos33,FALSE,306,119,0.388888888888889,0.410130718954248,0.589869281045752,0.483847024648639
loc13116_pos36,FALSE,269,21,0.0780669144981413,0.949814126394052,0.050185873605948,0.0953345033927115
loc13120_pos4,FALSE,259,33,0.127413127413127,0.102316602316602,0.897683397683398,0.183695830413977
loc13131_pos27,FALSE,285,35,0.12280701754386,0.878947368421053,0.121052631578947,0.212797783933518
loc13140_pos58,FALSE,264,17,0.0643939393939394,0.0587121212121212,0.941287878787879,0.110530016069789
loc13178_pos97,FALSE,285,86,0.301754385964912,0.32280701754386,0.67719298245614,0.437205293936596
loc13184_pos17,FALSE,297,25,0.0841750841750842,0.937710437710438,0.0622895622895623,0.116819145438674
loc13238_pos18,FALSE,273,97,0.355311355311355,0.782051282051282,0.217948717948718,0.340894148586456
loc13265_pos10,FALSE,303,48,0.158415841584158,0.834983498349835,0.165016501650165,0.275572111666612
loc13277_pos75,FALSE,302,82,0.271523178807947,0.195364238410596,0.804635761589404,0.314394105521688
loc13284_pos11,FALSE,285,29,0.101754385964912,0.935087719298246,0.0649122807017544,0.121397353031702
loc13296_pos7,FALSE,271,90,0.33210332103321,0.74169741697417,0.25830258302583,0.383164717256029
loc13308_pos2,FALSE,278,32,0.115107913669065,0.899280575539568,0.100719424460432,0.181150043993582
loc13323_pos118,FALSE,305,58,0.19016393442623,0.868852459016393,0.131147540983607,0.22789572695512
loc13324_pos17,FALSE,276,29,0.105072463768116,0.179347826086957,0.820652173913043,0.294364366729679
loc13328_pos19,FALSE,299,103,0.344481605351171,0.704013377926421,0.295986622073579,0.416757083254102
loc13329_pos3,FALSE,265,33,0.124528301886792,0.930188679245283,0.069811320754717,0.129875400498398
loc13331_pos157,FALSE,264,82,0.310606060606061,0.795454545454545,0.204545454545455,0.325413223140496
loc13337_pos41,FALSE,298,89,0.298657718120805,0.558724832214765,0.441275167785235,0.493102788162695
loc13362_pos82,FALSE,262,48,0.183206106870229,0.870229007633588,0.129770992366412,0.225860963813298
loc13375_pos40,FALSE,290,126,0.43448275862069,0.524137931034483,0.475862068965517,0.498834720570749
loc13376_pos12,FALSE,270,102,0.377777777777778,0.314814814814815,0.685185185185185,0.431412894375857
loc13385_pos85,FALSE,307,42,0.136807817589577,0.9185667752443,0.0814332247557004,0.149603709323176
loc13415_pos22,FALSE,286,22,0.0769230769230769,0.944055944055944,0.0559440559440559,0.105628637097169
loc13427_pos23,FALSE,277,113,0.407942238267148,0.438628158844765,0.561371841155235,0.492466994226433
loc13453_pos41,FALSE,278,90,0.323741007194245,0.255395683453237,0.744604316546763,0.380337456653382
loc13492_pos9,FALSE,267,77,0.288389513108614,0.728464419475655,0.271535580524345,0.395608018067304
loc13528_pos11,FALSE,270,22,0.0814814814814815,0.062962962962963,0.937037037037037,0.117997256515775
loc13538_pos2,FALSE,272,64,0.235294117647059,0.702205882352941,0.297794117647059,0.418225562283737
loc13585_pos4,FALSE,277,67,0.24187725631769,0.294223826714801,0.705776173285199,0.4153123330162
loc13592_pos4,FALSE,293,53,0.180887372013652,0.844709897610922,0.155290102389078,0.262350172978136
loc13609_pos2,FALSE,272,29,0.106617647058824,0.931985294117647,0.0680147058823529,0.12677741133218
loc13611_pos34,FALSE,261,28,0.10727969348659,0.931034482758621,0.0689655172413793,0.128418549346017
loc13614_pos23,FALSE,283,105,0.371024734982332,0.708480565371025,0.291519434628975,0.413071707725156
loc13622_pos4,FALSE,275,34,0.123636363636364,0.818181818181818,0.181818181818182,0.297520661157025
loc13641_pos2,FALSE,261,68,0.260536398467433,0.766283524904215,0.233716475095785,0.358186168729173
loc13647_pos9,FALSE,279,102,0.365591397849462,0.448028673835125,0.551971326164875,0.494597962513328
loc13648_pos5,FALSE,272,26,0.0955882352941176,0.0588235294117647,0.941176470588235,0.110726643598616
loc13649_pos97,FALSE,278,29,0.10431654676259,0.0665467625899281,0.933453237410072,0.124236581957456
loc13694_pos56,FALSE,273,90,0.32967032967033,0.787545787545788,0.212454212454212,0.334634840129346
loc13700_pos49,FALSE,292,116,0.397260273972603,0.537671232876712,0.462328767123288,0.497161756427097
loc13737_pos25,FALSE,306,48,0.156862745098039,0.898692810457516,0.101307189542484,0.182088085778974
loc13742_pos21,FALSE,284,66,0.232394366197183,0.225352112676056,0.774647887323944,0.349137075976989
loc13792_pos31,FALSE,276,34,0.123188405797101,0.902173913043478,0.0978260869565217,0.176512287334594
loc13797_pos11,FALSE,260,22,0.0846153846153846,0.942307692307692,0.0576923076923077,0.108727810650888
loc13805_pos2,FALSE,265,60,0.226415094339623,0.792452830188679,0.207547169811321,0.328942684229263
loc13835_pos15,FALSE,286,66,0.230769230769231,0.13986013986014,0.86013986013986,0.240598562276884
loc13857_pos2,FALSE,303,46,0.151815181518152,0.894389438943894,0.105610561056106,0.18891394089904
loc13860_pos11,FALSE,272,63,0.231617647058824,0.229779411764706,0.770220588235294,0.353961667387543
loc13878_pos19,FALSE,268,62,0.23134328358209,0.656716417910448,0.343283582089552,0.450879928714636
loc13880_pos11,FALSE,271,20,0.0738007380073801,0.933579335793358,0.066420664206642,0.124017919145981
loc13922_pos3,FALSE,286,100,0.34965034965035,0.769230769230769,0.230769230769231,0.355029585798817
loc13942_pos5,FALSE,271,56,0.206642066420664,0.180811808118081,0.819188191881919,0.296237796326303
loc13972_pos125,FALSE,284,101,0.355633802816901,0.586267605633803,0.413732394366197,0.485115800436421
loc13975_pos36,FALSE,289,57,0.197231833910035,0.171280276816609,0.828719723183391,0.28388668718047
loc13986_pos62,FALSE,273,20,0.0732600732600733,0.948717948717949,0.0512820512820513,0.0973044049967128
loc14013_pos2,FALSE,282,62,0.219858156028369,0.836879432624113,0.163120567375887,0.273024495749711
loc14027_pos39,FALSE,278,27,0.0971223021582734,0.929856115107914,0.0701438848920863,0.130447440608664
loc14054_pos14,FALSE,294,44,0.149659863945578,0.904761904761905,0.0952380952380952,0.172335600907029
loc14056_pos2,FALSE,266,39,0.146616541353383,0.907894736842105,0.0921052631578947,0.167243767313019
loc14063_pos9,FALSE,291,15,0.0515463917525773,0.93298969072165,0.0670103092783505,0.125039855457541
loc14141_pos34,FALSE,266,51,0.191729323308271,0.148496240601504,0.851503759398496,0.252890214257448
loc14194_pos4,FALSE,271,55,0.202952029520295,0.149446494464945,0.850553505535055,0.254224479514168
loc14306_pos23,FALSE,287,14,0.048780487804878,0.0557491289198606,0.944250871080139,0.105282327089075
loc14343_pos0,FALSE,267,79,0.295880149812734,0.241573033707865,0.758426966292135,0.366431006186088
loc14346_pos9,FALSE,265,60,0.226415094339623,0.169811320754717,0.830188679245283,0.281950872196511
loc14355_pos7,FALSE,272,62,0.227941176470588,0.172794117647059,0.827205882352941,0.285872621107266
loc14356_pos14,FALSE,294,78,0.26530612244898,0.197278911564626,0.802721088435374,0.316719885233005
loc14372_pos102,FALSE,268,57,0.212686567164179,0.199626865671642,0.800373134328358,0.319551960347516
loc14375_pos19,FALSE,286,59,0.206293706293706,0.865384615384615,0.134615384615385,0.232988165680473
loc14435_pos93,FALSE,272,122,0.448529411764706,0.477941176470588,0.522058823529412,0.499026816608997
loc14459_pos10,FALSE,289,15,0.0519031141868512,0.0570934256055363,0.942906574394464,0.107667532716323
loc14475_pos31,FALSE,293,42,0.143344709897611,0.901023890784983,0.0989761092150171,0.178359678039348
loc14489_pos6,FALSE,280,38,0.135714285714286,0.9,0.1,0.18
loc14511_pos20,FALSE,302,34,0.112582781456954,0.0960264900662252,0.903973509933775,0.173610806543573
loc14522_pos48,FALSE,294,72,0.244897959183673,0.840136054421769,0.159863945578231,0.268614928964783
loc14525_pos44,FALSE,280,92,0.328571428571429,0.310714285714286,0.689285714285714,0.428341836734694
loc14528_pos23,FALSE,263,79,0.300380228136882,0.29467680608365,0.70532319391635,0.415684772079978
loc14531_pos5,FALSE,263,73,0.277566539923954,0.26425855513308,0.73574144486692,0.388851942344114
loc14538_pos104,FALSE,277,33,0.11913357400722,0.0812274368231047,0.918772563176895,0.149259080660506
loc14581_pos2,FALSE,266,74,0.278195488721804,0.81578947368421,0.18421052631579,0.300554016620499
loc14591_pos25,FALSE,285,86,0.301754385964912,0.775438596491228,0.224561403508772,0.348267159125885
loc14612_pos12,FALSE,279,43,0.154121863799283,0.112903225806452,0.887096774193548,0.200312174817898
loc14617_pos161,FALSE,302,36,0.119205298013245,0.93046357615894,0.0695364238410596,0.129402219200912
loc14630_pos7,FALSE,293,60,0.204778156996587,0.143344709897611,0.856655290102389,0.245594008083961
loc14651_pos13,FALSE,295,20,0.0677966101694915,0.938983050847458,0.0610169491525424,0.114587762137317
loc14654_pos3,FALSE,277,40,0.144404332129964,0.909747292418773,0.0902527075812274,0.16421431271097
loc14657_pos2,FALSE,281,50,0.177935943060498,0.900355871886121,0.099644128113879,0.179430351692608
loc14671_pos3,FALSE,291,34,0.116838487972509,0.907216494845361,0.0927835051546392,0.168349452651716
loc14684_pos26,FALSE,292,52,0.178082191780822,0.849315068493151,0.150684931506849,0.255957965847251
loc14701_pos4,FALSE,260,35,0.134615384615385,0.213461538461538,0.786538461538462,0.335791420118343
loc14748_pos24,FALSE,266,24,0.0902255639097744,0.913533834586466,0.0864661654135338,0.157979535304426
loc14751_pos3,FALSE,300,129,0.43,0.355,0.645,0.45795
loc14763_pos32,FALSE,293,49,0.167235494880546,0.87542662116041,0.12457337883959,0.218109704248157
loc14771_pos25,FALSE,297,52,0.175084175084175,0.885521885521885,0.114478114478115,0.2027457515673
loc14781_pos15,FALSE,268,38,0.141791044776119,0.843283582089552,0.156716417910448,0.264312764535531
loc14818_pos28,FALSE,289,77,0.26643598615917,0.209342560553633,0.790657439446367,0.331036505788963
loc14852_pos2,FALSE,279,123,0.440860215053763,0.593189964157706,0.406810035842294,0.482631261160571
loc14883_pos67,FALSE,283,62,0.219081272084806,0.848056537102474,0.151943462897526,0.257713293960469
loc14889_pos53,FALSE,298,77,0.258389261744966,0.229865771812081,0.770134228187919,0.354054997522634
loc14891_pos9,FALSE,296,66,0.222972972972973,0.202702702702703,0.797297297297297,0.323228634039445
loc14909_pos25,FALSE,290,43,0.148275862068966,0.905172413793103,0.0948275862068966,0.17167063020214
loc14956_pos4,FALSE,287,49,0.170731707317073,0.109756097560976,0.890243902439024,0.195419393218322
loc14960_pos151,FALSE,306,35,0.11437908496732,0.929738562091503,0.0702614379084967,0.130649536503054
loc14964_pos23,FALSE,271,72,0.265682656826568,0.428044280442804,0.571955719557196,0.489644748846012
loc14981_pos13,FALSE,266,21,0.0789473684210526,0.911654135338346,0.0883458646616542,0.161081745717678
loc14982_pos3,FALSE,269,32,0.118959107806691,0.921933085501859,0.0780669144981413,0.143944942717762
loc15009_pos76,FALSE,278,25,0.0899280575539568,0.0629496402877698,0.93705035971223,0.11797396615082
loc15025_pos11,FALSE,286,27,0.0944055944055944,0.945804195804196,0.0541958041958042,0.102517238006748
loc15040_pos20,FALSE,259,23,0.0888030888030888,0.947876447876448,0.0521235521235521,0.098813374875151
loc15044_pos6,FALSE,268,22,0.082089552238806,0.082089552238806,0.917910447761194,0.150701715304077
loc15067_pos33,FALSE,273,80,0.293040293040293,0.373626373626374,0.626373626373626,0.468059413114358
loc15075_pos4,FALSE,270,44,0.162962962962963,0.177777777777778,0.822222222222222,0.292345679012346
loc15082_pos104,FALSE,298,39,0.130872483221477,0.911073825503356,0.0889261744966443,0.162036619972073
loc15085_pos56,FALSE,282,81,0.287234042553192,0.285460992907801,0.714539007092199,0.407946028871787
loc15089_pos22,FALSE,278,36,0.129496402877698,0.111510791366906,0.888489208633094,0.198152269551265
loc15101_pos97,FALSE,308,90,0.292207792207792,0.201298701298701,0.798701298701299,0.321555068308315
loc15144_pos6,FALSE,266,41,0.154135338345865,0.855263157894737,0.144736842105263,0.247576177285319
loc15169_pos24,FALSE,308,26,0.0844155844155844,0.051948051948052,0.948051948051948,0.0984989036937089
loc15174_pos77,FALSE,280,32,0.114285714285714,0.114285714285714,0.885714285714286,0.202448979591837
loc15176_pos10,FALSE,288,35,0.121527777777778,0.911458333333333,0.0885416666666666,0.161404079861111
loc15179_pos65,FALSE,273,37,0.135531135531136,0.902930402930403,0.0970695970695971,0.175294180788686
loc15193_pos122,FALSE,284,121,0.426056338028169,0.522887323943662,0.477112676056338,0.498952340805396
loc15203_pos5,FALSE,294,43,0.146258503401361,0.113945578231293,0.886054421768708,0.201923966865658
loc15228_pos111,FALSE,279,38,0.136200716845878,0.888888888888889,0.111111111111111,0.197530864197531
loc15236_pos6,FALSE,283,54,0.190812720848057,0.830388692579505,0.169611307420495,0.28168662363121
loc15239_pos12,FALSE,285,42,0.147368421052632,0.108771929824561,0.891228070175439,0.193881194213604
loc15241_pos9,FALSE,292,44,0.150684931506849,0.102739726027397,0.897260273972603,0.184368549446425
loc15303_pos1,FALSE,278,32,0.115107913669065,0.906474820143885,0.0935251798561151,0.169556441177993
loc15315_pos153,FALSE,291,25,0.0859106529209622,0.936426116838488,0.063573883161512,0.119064489082557
loc15323_pos121,FALSE,300,39,0.13,0.918333333333333,0.0816666666666667,0.149994444444444
loc15334_pos10,FALSE,275,44,0.16,0.872727272727273,0.127272727272727,0.222148760330579
loc15338_pos9,FALSE,259,62,0.239382239382239,0.814671814671815,0.185328185328185,0.301963298102294
loc15340_pos4,FALSE,285,101,0.354385964912281,0.643859649122807,0.356140350877193,0.458608802708526
loc15344_pos73,FALSE,270,114,0.422222222222222,0.551851851851852,0.448148148148148,0.494622770919067
loc15349_pos15,FALSE,262,81,0.309160305343511,0.761450381679389,0.238549618320611,0.363287395839403
loc15375_pos31,FALSE,301,142,0.471760797342193,0.491694352159468,0.508305647840532,0.499862032427898
loc15393_pos82,FALSE,277,111,0.40072202166065,0.492779783393502,0.507220216606498,0.49989573694431
loc15429_pos98,FALSE,261,92,0.352490421455939,0.693486590038314,0.306513409961686,0.425125878950691
loc15441_pos111,FALSE,308,24,0.0779220779220779,0.948051948051948,0.051948051948052,0.0984989036937089
loc15449_pos19,FALSE,273,101,0.36996336996337,0.489010989010989,0.510989010989011,0.499758483274967
loc15475_pos130,FALSE,278,88,0.316546762589928,0.773381294964029,0.226618705035971,0.350525335127581
loc15476_pos21,FALSE,306,38,0.124183006535948,0.124183006535948,0.875816993464052,0.217523174847281
loc15484_pos13,FALSE,283,30,0.106007067137809,0.936395759717314,0.0636042402826855,0.119117481801496
loc15494_pos114,FALSE,301,58,0.192691029900332,0.87375415282392,0.12624584717608,0.220615666493747
loc15508_pos12,FALSE,303,111,0.366336633663366,0.305280528052805,0.694719471947195,0.424168654489211
loc15526_pos102,FALSE,271,119,0.439114391143911,0.540590405904059,0.459409594095941,0.496704837897087
loc15547_pos7,FALSE,292,38,0.13013698630137,0.13013698630137,0.86986301369863,0.226402702195534
loc15558_pos3,FALSE,278,15,0.0539568345323741,0.944244604316547,0.0557553956834532,0.10529346307127
loc15569_pos11,FALSE,261,66,0.252873563218391,0.766283524904215,0.233716475095785,0.358186168729173
loc15572_pos143,FALSE,296,99,0.33445945945946,0.728040540540541,0.271959459459459,0.395995023739956
loc15576_pos54,FALSE,285,57,0.2,0.13859649122807,0.86140350877193,0.238775007694675
loc15582_pos12,FALSE,265,53,0.2,0.737735849056604,0.262264150943396,0.386963332146671
loc15602_pos4,FALSE,262,41,0.156488549618321,0.112595419847328,0.887404580152672,0.199835382553464
loc15616_pos67,FALSE,314,49,0.156050955414013,0.886942675159236,0.113057324840764,0.200550732281228
loc15622_pos12,FALSE,272,93,0.341911764705882,0.380514705882353,0.619485294117647,0.471446528979239
loc15623_pos92,FALSE,275,50,0.181818181818182,0.872727272727273,0.127272727272727,0.222148760330579
loc15639_pos21,FALSE,296,18,0.0608108108108108,0.949324324324324,0.0506756756756757,0.0962153031409788
loc15649_pos76,FALSE,297,28,0.0942760942760943,0.922558922558923,0.0774410774410774,0.142887913931685
loc15672_pos40,FALSE,287,103,0.358885017421603,0.611498257839721,0.388501742160279,0.475136276997414
loc15682_pos2,FALSE,259,90,0.347490347490348,0.579150579150579,0.420849420849421,0.487470371640256
loc15683_pos18,FALSE,293,92,0.313993174061433,0.491467576791809,0.508532423208191,0.499854395508393
loc15703_pos13,FALSE,296,66,0.222972972972973,0.861486486486487,0.138513513513513,0.23865504017531
loc15722_pos98,FALSE,293,87,0.296928327645051,0.704778156996587,0.295221843003413,0.416131812834162
loc15725_pos79,FALSE,297,35,0.117845117845118,0.924242424242424,0.0757575757575758,0.140036730945822
loc15729_pos43,FALSE,287,67,0.233449477351916,0.193379790940767,0.806620209059233,0.311968094792944
loc15742_pos9,FALSE,269,80,0.297397769516729,0.628252788104089,0.371747211895911,0.467102444687055
loc15749_pos32,FALSE,267,63,0.235955056179775,0.338951310861423,0.661048689138577,0.448126639453492
loc15759_pos5,FALSE,297,76,0.255892255892256,0.178451178451178,0.821548821548822,0.293212710721128
loc15764_pos149,FALSE,302,29,0.0960264900662252,0.945364238410596,0.054635761589404,0.1033013902899
loc15781_pos77,FALSE,275,24,0.0872727272727273,0.945454545454545,0.0545454545454546,0.103140495867769
loc15784_pos14,FALSE,300,46,0.153333333333333,0.893333333333333,0.106666666666667,0.190577777777778
loc15790_pos6,FALSE,294,111,0.377551020408163,0.386054421768707,0.613945578231293,0.474032810403073
loc15795_pos19,FALSE,285,63,0.221052631578947,0.843859649122807,0.156140350877193,0.26352108341028
loc15824_pos8,FALSE,298,28,0.0939597315436242,0.932885906040268,0.0671140939597316,0.125219584703392
loc15842_pos56,FALSE,275,42,0.152727272727273,0.905454545454545,0.0945454545454546,0.171213223140496
loc15847_pos9,FALSE,263,61,0.231939163498099,0.800380228136882,0.199619771863118,0.319543437088869
loc15857_pos6,FALSE,303,131,0.432343234323432,0.641914191419142,0.358085808580858,0.459720724547702
loc15865_pos24,FALSE,278,67,0.241007194244604,0.706834532374101,0.293165467625899,0.414438952435174
loc15900_pos26,FALSE,284,85,0.299295774647887,0.279929577464789,0.720070422535211,0.403138018250347
loc15930_pos6,FALSE,298,32,0.10738255033557,0.932885906040268,0.0671140939597316,0.125219584703392
loc15946_pos144,FALSE,268,17,0.0634328358208955,0.942164179104478,0.0578358208955224,0.108981677433727
loc15970_pos29,FALSE,284,56,0.197183098591549,0.862676056338028,0.137323943661972,0.236932156318191
loc15985_pos111,FALSE,299,133,0.444816053511706,0.433110367892977,0.566889632107023,0.491051554233174
loc15986_pos16,FALSE,281,122,0.434163701067616,0.569395017793594,0.430604982206406,0.490368663010853
loc16000_pos31,FALSE,294,104,0.353741496598639,0.561224489795918,0.438775510204082,0.492503123698459
loc16016_pos29,FALSE,276,51,0.184782608695652,0.784420289855073,0.215579710144927,0.338210197437513
loc16028_pos103,FALSE,272,19,0.0698529411764706,0.943014705882353,0.0569852941176471,0.107475940743945
loc16031_pos43,FALSE,280,49,0.175,0.126785714285714,0.873214285714286,0.221422193877551
loc16056_pos18,FALSE,273,30,0.10989010989011,0.915750915750916,0.0842490842490843,0.15430235210455
loc16073_pos17,FALSE,279,29,0.103942652329749,0.915770609318996,0.0842293906810035,0.154269600853021
loc16079_pos3,FALSE,274,72,0.262773722627737,0.182481751824818,0.817518248175182,0.298364324151526
loc16101_pos3,FALSE,292,66,0.226027397260274,0.777397260273973,0.222602739726027,0.346101519984988
loc16106_pos12,FALSE,285,70,0.245614035087719,0.859649122807018,0.140350877192982,0.241305016928286
loc16129_pos11,FALSE,282,80,0.283687943262411,0.26241134751773,0.73758865248227,0.387103264423319
loc16142_pos10,FALSE,293,59,0.201365187713311,0.872013651877133,0.127986348122867,0.223211685634078
loc16153_pos97,FALSE,287,126,0.439024390243902,0.473867595818815,0.526132404181185,0.498634194903422
loc16154_pos7,FALSE,279,116,0.415770609318996,0.379928315412186,0.620071684587814,0.471165581120489
loc16164_pos14,FALSE,276,23,0.0833333333333333,0.947463768115942,0.052536231884058,0.099552352446965
loc16168_pos144,FALSE,302,78,0.258278145695364,0.182119205298013,0.817880794701987,0.297903600719267
loc16186_pos22,FALSE,283,24,0.0848056537102474,0.0671378091872792,0.932862190812721,0.125260647529623
loc16202_pos1,FALSE,306,55,0.179738562091503,0.109477124183007,0.890522875816993,0.19498376692725
loc16209_pos30,FALSE,274,30,0.109489051094891,0.930656934306569,0.0693430656934306,0.129069209867334
loc16212_pos28,FALSE,292,52,0.178082191780822,0.856164383561644,0.143835616438356,0.246293863764309
loc16228_pos16,FALSE,290,147,0.506896551724138,0.418965517241379,0.581034482758621,0.486866825208086
loc16266_pos9,FALSE,278,40,0.143884892086331,0.888489208633094,0.111510791366906,0.198152269551265
loc16293_pos1,FALSE,279,59,0.211469534050179,0.220430107526882,0.779569892473118,0.343681350445138
loc16306_pos13,FALSE,298,124,0.416107382550336,0.573825503355705,0.426174496644295,0.489099590108554
loc16317_pos35,FALSE,294,82,0.27891156462585,0.731292517006803,0.268707482993197,0.393007543153316
loc16334_pos15,FALSE,276,52,0.188405797101449,0.833333333333333,0.166666666666667,0.277777777777778
loc16336_pos39,FALSE,277,92,0.332129963898917,0.328519855595668,0.671480144404332,0.441189120150139
loc16345_pos4,FALSE,273,86,0.315018315018315,0.384615384615385,0.615384615384615,0.473372781065089
loc16352_pos13,FALSE,274,67,0.244525547445255,0.771897810218978,0.228102189781022,0.352143161596249
loc16365_pos94,FALSE,274,24,0.0875912408759124,0.927007299270073,0.072992700729927,0.135329532740157
loc16369_pos13,FALSE,271,36,0.132841328413284,0.918819188191882,0.0811808118081181,0.149180975204586
loc16374_pos8,FALSE,298,61,0.204697986577181,0.796979865771812,0.203020134228188,0.323605918652313
loc16388_pos7,FALSE,278,84,0.302158273381295,0.535971223021583,0.464028776978417,0.497412142228663
loc16391_pos11,FALSE,259,52,0.200772200772201,0.111969111969112,0.888030888030888,0.198864059867921
loc16407_pos0,FALSE,264,14,0.053030303030303,0.924242424242424,0.0757575757575758,0.140036730945822
loc16408_pos5,FALSE,272,55,0.202205882352941,0.810661764705882,0.189338235294118,0.306978535899654
loc16410_pos30,FALSE,261,67,0.256704980842912,0.197318007662835,0.802681992337165,0.316767223029609
loc16430_pos3,FALSE,263,38,0.144486692015209,0.885931558935361,0.114068441064639,0.202113663635444
loc16434_pos43,FALSE,275,47,0.170909090909091,0.856363636363636,0.143636363636364,0.246009917355372
loc16436_pos20,FALSE,297,34,0.114478114478114,0.925925925925926,0.0740740740740741,0.137174211248285
loc16441_pos21,FALSE,286,58,0.202797202797203,0.839160839160839,0.160839160839161,0.269939850359431
loc16451_pos21,FALSE,296,41,0.138513513513514,0.910472972972973,0.089527027027027,0.163023876917458
loc16463_pos17,FALSE,279,41,0.146953405017921,0.8584229390681,0.1415770609319,0.24306599349957
loc16464_pos11,FALSE,263,92,0.349809885931559,0.509505703422053,0.490494296577947,0.499819283204904
loc16468_pos104,FALSE,271,91,0.335793357933579,0.588560885608856,0.411439114391144,0.48431393908035
loc16471_pos3,FALSE,295,93,0.315254237288136,0.706779661016949,0.293220338983051,0.414484343579431
loc16479_pos0,FALSE,282,80,0.283687943262411,0.673758865248227,0.326241134751773,0.439615713495297
loc16482_pos108,FALSE,261,29,0.111111111111111,0.932950191570881,0.0670498084291188,0.125108263237475
loc16492_pos6,FALSE,275,86,0.312727272727273,0.352727272727273,0.647272727272727,0.456621487603306
loc16493_pos3,FALSE,259,39,0.150579150579151,0.905405405405405,0.0945945945945946,0.171292914536158
loc16499_pos17,FALSE,283,71,0.250883392226148,0.839222614840989,0.160777385159011,0.269856035160884
loc16502_pos5,FALSE,267,39,0.146067415730337,0.908239700374532,0.0917602996254682,0.166680694076225
loc16507_pos11,FALSE,262,39,0.148854961832061,0.898854961832061,0.101145038167939,0.18182943884389
loc16512_pos13,FALSE,275,81,0.294545454545455,0.496363636363636,0.503636363636364,0.499973553719008
loc16519_pos14,FALSE,294,46,0.156462585034014,0.904761904761905,0.0952380952380952,0.172335600907029
loc16525_pos22,FALSE,268,81,0.302238805970149,0.55410447761194,0.44589552238806,0.494145411004678
loc16537_pos87,FALSE,264,32,0.121212121212121,0.920454545454545,0.0795454545454546,0.146435950413223
loc16542_pos37,FALSE,294,68,0.231292517006803,0.704081632653061,0.295918367346939,0.416701374427322
loc16560_pos49,FALSE,266,93,0.349624060150376,0.584586466165414,0.415413533834586,0.485690259483295
loc16564_pos128,FALSE,274,104,0.37956204379562,0.45985401459854,0.54014598540146,0.496776599712292
loc16565_pos20,FALSE,303,115,0.37953795379538,0.45049504950495,0.54950495049505,0.495098519752965
loc16573_pos7,FALSE,273,100,0.366300366300366,0.443223443223443,0.556776556776557,0.493552845201197
loc16666_pos101,FALSE,280,41,0.146428571428571,0.9125,0.0875,0.1596875
loc16670_pos47,FALSE,287,66,0.229965156794425,0.797909407665505,0.202090592334495,0.322499969648776
loc16684_pos149,FALSE,276,87,0.315217391304348,0.324275362318841,0.675724637681159,0.43824170342365
loc16696_pos41,FALSE,285,101,0.354385964912281,0.549122807017544,0.450877192982456,0.495173899661434
loc16699_pos4,FALSE,266,100,0.37593984962406,0.545112781954887,0.454887218045113,0.495929673808582
loc16703_pos12,FALSE,280,93,0.332142857142857,0.541071428571429,0.458928571428571,0.496626275510204
loc16722_pos60,FALSE,265,62,0.233962264150943,0.218867924528302,0.781132075471698,0.341929512281951
loc16728_pos21,FALSE,277,15,0.0541516245487365,0.944043321299639,0.055956678700361,0.105651057618371
loc16740_pos17,FALSE,276,87,0.315217391304348,0.356884057971014,0.643115942028986,0.459035654274312
loc16747_pos18,FALSE,272,65,0.238970588235294,0.211397058823529,0.78860294117647,0.333416684688581
loc16752_pos3,FALSE,267,35,0.131086142322097,0.915730337078652,0.0842696629213483,0.154336573664941
loc16782_pos17,FALSE,307,106,0.345276872964169,0.351791530944625,0.648208469055375,0.456068499400524
loc16783_pos2,FALSE,297,90,0.303030303030303,0.239057239057239,0.760942760942761,0.363817751023138
loc16800_pos32,FALSE,279,59,0.211469534050179,0.836917562724014,0.163082437275986,0.27297311185622
loc16843_pos13,FALSE,304,17,0.055921052631579,0.949013157894737,0.0509868421052632,0.0967743680747923
loc16866_pos100,FALSE,270,53,0.196296296296296,0.853703703703704,0.146296296296296,0.249787379972565
loc16870_pos132,FALSE,284,95,0.334507042253521,0.427816901408451,0.572183098591549,0.489579200555445
loc16885_pos27,FALSE,265,91,0.343396226415094,0.541509433962264,0.458490566037736,0.496553933784265
loc16909_pos7,FALSE,281,104,0.370106761565836,0.615658362989324,0.384341637010676,0.47324628614126
loc16910_pos2,FALSE,291,122,0.419243986254296,0.525773195876289,0.474226804123711,0.498671484748645
loc16920_pos98,FALSE,281,95,0.338078291814947,0.592526690391459,0.407473309608541,0.482877623130406
loc16924_pos11,FALSE,281,95,0.338078291814947,0.435943060498221,0.564056939501779,0.491793417003331
loc16936_pos11,FALSE,277,92,0.332129963898917,0.415162454873646,0.584837545126354,0.485605181873868
loc16941_pos2,FALSE,281,25,0.0889679715302491,0.919928825622776,0.0800711743772242,0.147319562822153
loc16944_pos47,FALSE,263,20,0.0760456273764259,0.91254752851711,0.0874524714828897,0.159609073428848
loc16994_pos10,FALSE,270,67,0.248148148148148,0.809259259259259,0.190740740740741,0.308717421124829
loc16998_pos14,FALSE,280,89,0.317857142857143,0.773214285714286,0.226785714285714,0.350707908163265
loc17003_pos26,FALSE,291,119,0.40893470790378,0.627147766323024,0.372852233676976,0.467666891038131
loc17069_pos108,FALSE,293,36,0.122866894197952,0.924914675767918,0.0750853242320819,0.13889503663409
loc17083_pos93,FALSE,270,92,0.340740740740741,0.611111111111111,0.388888888888889,0.475308641975309
loc17097_pos75,FALSE,277,20,0.072202166064982,0.938628158844765,0.0613718411552346,0.115210676536903
loc17100_pos10,FALSE,260,59,0.226923076923077,0.817307692307692,0.182692307692308,0.298631656804734
loc17107_pos14,FALSE,259,83,0.32046332046332,0.731660231660232,0.268339768339768,0.392667074134256
loc17122_pos56,FALSE,281,40,0.142348754448399,0.896797153024911,0.103202846975089,0.185104038702651
loc17127_pos96,FALSE,268,57,0.212686567164179,0.830223880597015,0.169776119402985,0.281904377366897
loc17145_pos46,FALSE,276,118,0.427536231884058,0.503623188405797,0.496376811594203,0.499973745011552
loc17146_pos2,FALSE,281,24,0.0854092526690391,0.935943060498221,0.0640569395017794,0.11990729600689
loc17150_pos0,FALSE,276,111,0.402173913043478,0.559782608695652,0.440217391304348,0.492852079395085
loc17156_pos10,FALSE,296,46,0.155405405405405,0.858108108108108,0.141891891891892,0.243517165814463
loc17160_pos12,FALSE,288,124,0.430555555555556,0.503472222222222,0.496527777777778,0.499975887345679
loc17208_pos11,FALSE,291,99,0.34020618556701,0.716494845360825,0.283505154639175,0.406259963864385
loc17220_pos5,FALSE,281,96,0.341637010676157,0.416370106761566,0.583629893238434,0.486012081913856
loc17245_pos8,FALSE,284,115,0.404929577464789,0.684859154929577,0.315140845070423,0.431654185677445
loc17296_pos36,FALSE,280,23,0.0821428571428571,0.948214285714286,0.0517857142857143,0.0982079081632654
loc17297_pos11,FALSE,266,69,0.259398496240602,0.708646616541353,0.291353383458647,0.412933178811691
loc17316_pos73,FALSE,270,63,0.233333333333333,0.831481481481481,0.168518518518519,0.280240054869685
loc17318_pos3,FALSE,286,41,0.143356643356643,0.847902097902098,0.152097902097902,0.257928260550638
loc17335_pos133,FALSE,298,122,0.409395973154362,0.523489932885906,0.476510067114094,0.498896446106031
loc17364_pos3,FALSE,272,92,0.338235294117647,0.283088235294118,0.716911764705882,0.40589857266436
loc17370_pos131,FALSE,280,45,0.160714285714286,0.841071428571429,0.158928571428571,0.26734056122449
loc17413_pos32,FALSE,271,38,0.140221402214022,0.900369003690037,0.0996309963099631,0.179409321768494
loc17415_pos70,FALSE,305,35,0.114754098360656,0.936065573770492,0.0639344262295082,0.119693630744424
loc17417_pos3,FALSE,289,128,0.442906574394464,0.453287197231834,0.546712802768166,0.495635828115085
loc17419_pos106,FALSE,277,88,0.317689530685921,0.72202166064982,0.27797833935018,0.401412764404593
loc17439_pos10,FALSE,284,75,0.264084507042254,0.216549295774648,0.783450704225352,0.339311396548304
loc17455_pos67,FALSE,292,115,0.393835616438356,0.378424657534247,0.621575342465753,0.47043887220867
loc17473_pos93,FALSE,292,95,0.325342465753425,0.285958904109589,0.714041095890411,0.408372818540064
loc17509_pos11,FALSE,292,23,0.0787671232876712,0.0599315068493151,0.940068493150685,0.112679442672171
loc17526_pos23,FALSE,298,106,0.355704697986577,0.697986577181208,0.302013422818792,0.421602630512139
loc17545_pos9,FALSE,301,63,0.209302325581395,0.759136212624585,0.240863787375415,0.365696846613172
loc17588_pos11,FALSE,295,33,0.111864406779661,0.94406779661017,0.0559322033898305,0.105607584027578
loc17590_pos12,FALSE,275,24,0.0872727272727273,0.0545454545454545,0.945454545454545,0.103140495867769
loc17608_pos19,FALSE,292,96,0.328767123287671,0.236301369863014,0.763698630136986,0.360926064927754
loc17618_pos100,FALSE,290,47,0.162068965517241,0.0879310344827586,0.912068965517241,0.160398335315101
loc17641_pos4,FALSE,300,34,0.113333333333333,0.896666666666667,0.103333333333333,0.185311111111111
loc17648_pos22,FALSE,295,99,0.335593220338983,0.316949152542373,0.683050847457627,0.432984774490089
loc17657_pos25,FALSE,288,31,0.107638888888889,0.0642361111111111,0.935763888888889,0.120219666280864
loc17665_pos7,FALSE,277,50,0.180505415162455,0.129963898916967,0.870036101083033,0.226146567790536
loc17676_pos88,FALSE,263,30,0.114068441064639,0.901140684410646,0.0988593155893536,0.178172302621116
loc17691_pos3,FALSE,284,47,0.165492957746479,0.10387323943662,0.89612676056338,0.186167179131125
loc17716_pos117,FALSE,289,102,0.352941176470588,0.792387543252595,0.207612456747405,0.329019049101424
loc17775_pos122,FALSE,278,97,0.348920863309353,0.318345323741007,0.681654676258993,0.434003157186481
loc17790_pos7,FALSE,266,37,0.139097744360902,0.0921052631578947,0.907894736842105,0.167243767313019
loc17808_pos69,FALSE,281,55,0.195729537366548,0.179715302491103,0.820284697508897,0.294835425083269
loc17809_pos6,FALSE,278,18,0.0647482014388489,0.935251798561151,0.064748201438849,0.121111743698566
loc17817_pos130,FALSE,284,28,0.0985915492957746,0.0809859154929577,0.919014084507042,0.148854393969451
loc17827_pos19,FALSE,283,34,0.120141342756184,0.904593639575972,0.0954063604240283,0.172607973629337
loc17832_pos20,FALSE,283,52,0.183745583038869,0.166077738515901,0.833922261484099,0.27699184657069
loc17836_pos96,FALSE,303,55,0.181518151815182,0.16996699669967,0.83003300330033,0.282156433465129
loc17882_pos2,FALSE,288,81,0.28125,0.293402777777778,0.706597222222222,0.414635175540123
loc17928_pos23,FALSE,260,94,0.361538461538462,0.673076923076923,0.326923076923077,0.44008875739645
loc17936_pos31,FALSE,287,105,0.365853658536585,0.444250871080139,0.555749128919861,0.493784069249354
loc17959_pos13,FALSE,285,37,0.129824561403509,0.882456140350877,0.117543859649123,0.20745460141582
loc17993_pos45,FALSE,273,88,0.322344322344322,0.692307692307692,0.307692307692308,0.42603550295858
loc18003_pos54,FALSE,277,117,0.422382671480144,0.629963898916967,0.370036101083033,0.4662187699566
loc18004_pos132,FALSE,293,130,0.443686006825939,0.491467576791809,0.508532423208191,0.499854395508393
loc18028_pos66,FALSE,297,21,0.0707070707070707,0.934343434343434,0.0656565656565656,0.122691562085501
loc18036_pos61,FALSE,265,32,0.120754716981132,0.89433962264151,0.105660377358491,0.188992524029904
loc18043_pos44,FALSE,285,93,0.326315789473684,0.601754385964912,0.398245614035088,0.479292089873807
loc18052_pos8,FALSE,267,30,0.112359550561798,0.891385767790262,0.108614232209738,0.193634361542454
loc18054_pos41,FALSE,286,24,0.0839160839160839,0.916083916083916,0.083916083916084,0.153748349552545
loc18065_pos97,FALSE,294,30,0.102040816326531,0.925170068027211,0.0748299319727891,0.138460826507474
loc18075_pos25,FALSE,303,65,0.214521452145215,0.813531353135314,0.186468646864686,0.303396181202279
loc18087_pos109,FALSE,284,34,0.119718309859155,0.0845070422535211,0.915492957746479,0.154731204126165
loc18132_pos46,FALSE,283,70,0.247349823321555,0.816254416961131,0.183745583038869,0.29996628750515
loc18133_pos159,FALSE,305,81,0.265573770491803,0.155737704918033,0.844262295081967,0.262966944369793
loc18141_pos12,FALSE,297,26,0.0875420875420875,0.936026936026936,0.063973063973064,0.119761022117925
loc18145_pos39,FALSE,292,30,0.102739726027397,0.934931506849315,0.065068493150685,0.121669168699568
loc18146_pos103,FALSE,269,78,0.28996282527881,0.193308550185874,0.806691449814126,0.311880709221818
loc18200_pos11,FALSE,289,39,0.134948096885813,0.167820069204152,0.832179930795848,0.279312987152932
loc18202_pos61,FALSE,299,154,0.51505016722408,0.57190635451505,0.42809364548495,0.489658952360712
loc18223_pos8,FALSE,267,20,0.0749063670411985,0.895131086142322,0.104868913857678,0.187742849527978
loc18226_pos29,FALSE,268,41,0.152985074626866,0.886194029850746,0.113805970149254,0.201708342615282
loc18233_pos35,FALSE,268,36,0.134328358208955,0.91044776119403,0.0895522388059702,0.163065270661617
loc18243_pos161,FALSE,294,108,0.36734693877551,0.326530612244898,0.673469387755102,0.43981674302374
loc18269_pos11,FALSE,274,38,0.138686131386861,0.886861313868613,0.113138686131387,0.200676647663701
loc18279_pos8,FALSE,276,40,0.144927536231884,0.858695652173913,0.141304347826087,0.242674858223062
loc18296_pos113,FALSE,275,100,0.363636363636364,0.309090909090909,0.690909090909091,0.427107438016529
loc18322_pos30,FALSE,270,29,0.107407407407407,0.112962962962963,0.887037037037037,0.200404663923182
loc18392_pos2,FALSE,290,20,0.0689655172413793,0.944827586206897,0.0551724137931034,0.104256837098692
loc18399_pos3,FALSE,291,75,0.257731958762887,0.798969072164949,0.201030927835051,0.32123498777766
loc18406_pos9,FALSE,262,19,0.0725190839694656,0.0515267175572519,0.948473282442748,0.0977434298700542
loc18408_pos12,FALSE,278,29,0.10431654676259,0.940647482014389,0.0593525179856115,0.111659593188758
loc18417_pos0,FALSE,266,36,0.135338345864662,0.135338345864662,0.864661654135338,0.234043756006558
loc18421_pos113,FALSE,259,36,0.138996138996139,0.911196911196911,0.0888030888030888,0.161834200444239
loc18439_pos19,FALSE,281,43,0.153024911032028,0.909252669039146,0.0907473309608541,0.165024505768671
loc18445_pos2,FALSE,285,38,0.133333333333333,0.912280701754386,0.0877192982456141,0.160049245921822
loc18459_pos29,FALSE,260,50,0.192307692307692,0.888461538461538,0.111538461538462,0.198195266272189
loc18475_pos3,FALSE,278,30,0.107913669064748,0.924460431654676,0.0755395683453237,0.139666683919052
loc18503_pos6,FALSE,281,65,0.231316725978648,0.204626334519573,0.795373665480427,0.325508795481314
loc18536_pos21,FALSE,279,42,0.150537634408602,0.910394265232975,0.089605734767025,0.163153094127773
loc18538_pos15,FALSE,300,18,0.06,0.946666666666667,0.0533333333333333,0.100977777777778
loc18550_pos94,FALSE,278,20,0.0719424460431655,0.0539568345323741,0.946043165467626,0.10209098907924
loc18556_pos5,FALSE,295,90,0.305084745762712,0.257627118644068,0.742372881355932,0.382510772766446
loc18561_pos23,FALSE,307,30,0.0977198697068404,0.947882736156352,0.0521172638436482,0.0988021093061996
loc18570_pos1,FALSE,272,37,0.136029411764706,0.909926470588235,0.0900735294117647,0.163920577422145
loc18574_pos93,FALSE,262,44,0.16793893129771,0.217557251908397,0.782442748091603,0.340452188100927
loc18589_pos10,FALSE,261,34,0.130268199233716,0.934865900383142,0.0651340996168582,0.121783297367919
loc18592_pos19,FALSE,294,42,0.142857142857143,0.904761904761905,0.0952380952380952,0.172335600907029
loc18593_pos41,FALSE,274,35,0.127737226277372,0.932481751824818,0.0675182481751825,0.125919068677074
loc18616_pos11,FALSE,280,84,0.3,0.257142857142857,0.742857142857143,0.382040816326531
loc18620_pos74,FALSE,282,35,0.124113475177305,0.143617021276596,0.856382978723404,0.245982344952467
loc18621_pos101,FALSE,261,91,0.348659003831418,0.507662835249042,0.492337164750958,0.499882561911892
loc18633_pos20,FALSE,278,28,0.100719424460432,0.935251798561151,0.064748201438849,0.121111743698566
loc18638_pos89,FALSE,277,25,0.0902527075812274,0.936823104693141,0.0631768953068592,0.118371150412491
loc18640_pos9,FALSE,297,33,0.111111111111111,0.0656565656565657,0.934343434343434,0.122691562085501
loc18642_pos19,FALSE,279,98,0.351254480286738,0.602150537634409,0.397849462365591,0.479130535322003
loc18701_pos92,FALSE,295,111,0.376271186440678,0.516949152542373,0.483050847457627,0.499425452456191
loc18706_pos66,FALSE,295,103,0.349152542372881,0.483050847457627,0.516949152542373,0.499425452456191
loc18710_pos34,FALSE,283,31,0.109540636042403,0.0759717314487632,0.924028268551237,0.14040005493888
loc18712_pos12,FALSE,273,42,0.153846153846154,0.791208791208791,0.208791208791209,0.330394879845429
loc18734_pos4,FALSE,260,97,0.373076923076923,0.486538461538462,0.513461538461538,0.499637573964497
loc18737_pos101,FALSE,283,108,0.381625441696113,0.537102473498233,0.462897526501767,0.497246812920626
loc18776_pos67,FALSE,287,42,0.146341463414634,0.101045296167247,0.898954703832753,0.181670288579441
loc18778_pos110,FALSE,293,71,0.242320819112628,0.831058020477816,0.168941979522184,0.28080117415462
loc18786_pos1,FALSE,280,58,0.207142857142857,0.142857142857143,0.857142857142857,0.244897959183673
loc18789_pos9,FALSE,290,50,0.172413793103448,0.127586206896552,0.872413793103448,0.222615933412604
loc18793_pos17,FALSE,266,91,0.342105263157895,0.610902255639098,0.389097744360902,0.47540137938832
loc18815_pos49,FALSE,299,28,0.0936454849498328,0.946488294314381,0.0535117056856187,0.101296406080469
loc18828_pos6,FALSE,286,46,0.160839160839161,0.164335664335664,0.835664335664336,0.27465890752604
loc18829_pos2,FALSE,266,51,0.191729323308271,0.156015037593985,0.843984962406015,0.263348691277065
loc18830_pos8,FALSE,274,50,0.182481751824818,0.175182481751825,0.824817518248175,0.288987159678193
loc18835_pos70,FALSE,288,50,0.173611111111111,0.166666666666667,0.833333333333333,0.277777777777778
loc18861_pos33,FALSE,260,54,0.207692307692308,0.157692307692308,0.842307692307692,0.265650887573964
loc18873_pos3,FALSE,276,64,0.231884057971014,0.25,0.75,0.375
loc18877_pos3,FALSE,285,55,0.192982456140351,0.152631578947368,0.847368421052632,0.258670360110803
loc18879_pos42,FALSE,289,31,0.107266435986159,0.932525951557093,0.0674740484429066,0.125842602459262
loc18889_pos20,FALSE,283,43,0.151943462897526,0.132508833922261,0.867491166077738,0.229900485709648
loc18915_pos8,FALSE,289,108,0.373702422145329,0.301038062283737,0.698961937716263,0.42082829468038
loc18921_pos18,FALSE,288,78,0.270833333333333,0.246527777777778,0.753472222222222,0.371503665123457
loc18925_pos2,FALSE,259,39,0.150579150579151,0.909266409266409,0.0907335907335908,0.16500201249236
loc18929_pos111,FALSE,299,132,0.441471571906354,0.374581939799331,0.625418060200669,0.468540620351003
loc18938_pos13,FALSE,281,43,0.153024911032028,0.909252669039146,0.0907473309608541,0.165024505768671
loc18942_pos10,FALSE,295,89,0.301694915254237,0.255932203389831,0.744067796610169,0.380861821315714
loc18946_pos29,FALSE,284,41,0.144366197183099,0.889084507042254,0.110915492957746,0.197226492759373
loc18954_pos16,FALSE,264,84,0.318181818181818,0.276515151515151,0.723484848484849,0.400109044995409
loc18969_pos28,FALSE,260,42,0.161538461538462,0.873076923076923,0.126923076923077,0.221627218934911
loc18976_pos172,FALSE,305,50,0.163934426229508,0.901639344262295,0.0983606557377049,0.177371674281107
loc18977_pos6,FALSE,285,73,0.256140350877193,0.208771929824561,0.791228070175439,0.33037242228378
loc19010_pos2,FALSE,265,110,0.415094339622642,0.373584905660377,0.626415094339623,0.468038447846209
loc19011_pos11,FALSE,284,91,0.320422535211268,0.283450704225352,0.716549295774648,0.406212804999008
loc19012_pos6,FALSE,278,19,0.0683453237410072,0.0665467625899281,0.933453237410072,0.124236581957456
loc19014_pos18,FALSE,264,96,0.363636363636364,0.337121212121212,0.662878787878788,0.446941000918274
loc19058_pos18,FALSE,290,46,0.158620689655172,0.879310344827586,0.120689655172414,0.212247324613555
loc19060_pos3,FALSE,287,85,0.29616724738676,0.768292682926829,0.231707317073171,0.356038072575848
loc19085_pos0,FALSE,287,13,0.0452961672473868,0.945993031358885,0.054006968641115,0.102180431958625
loc19086_pos78,FALSE,295,117,0.396610169491525,0.371186440677966,0.628813559322034,0.466814133869578
loc19107_pos46,FALSE,267,75,0.280898876404494,0.586142322097378,0.413857677902622,0.485159000687343
loc19111_pos76,FALSE,285,85,0.298245614035088,0.240350877192982,0.759649122807018,0.365164666051093
loc19147_pos2,FALSE,294,43,0.146258503401361,0.879251700680272,0.120748299319728,0.212336295062243
loc19151_pos54,FALSE,289,23,0.0795847750865052,0.949826989619377,0.0501730103806228,0.0953113588199375
loc19152_pos22,FALSE,277,43,0.155234657039711,0.135379061371841,0.864620938628159,0.234103142227841
loc19159_pos42,FALSE,281,96,0.341637010676157,0.384341637010676,0.615658362989324,0.47324628614126
loc19185_pos95,FALSE,277,48,0.173285198555957,0.220216606498195,0.779783393501805,0.343442505441228
loc19193_pos38,FALSE,303,69,0.227722772277228,0.156765676567657,0.843234323432343,0.264380398435883
loc19195_pos23,FALSE,266,92,0.345864661654135,0.428571428571429,0.571428571428571,0.489795918367347
loc19204_pos4,FALSE,272,58,0.213235294117647,0.205882352941176,0.794117647058824,0.326989619377163
loc19212_pos23,FALSE,295,39,0.132203389830508,0.920338983050847,0.0796610169491525,0.146630278655559
loc19224_pos13,FALSE,259,11,0.0424710424710425,0.947876447876448,0.0521235521235521,0.098813374875151
loc19237_pos2,FALSE,287,79,0.275261324041812,0.252613240418118,0.747386759581881,0.377599582367153
loc19238_pos60,FALSE,282,33,0.117021276595745,0.937943262411348,0.0620567375886525,0.116411397817011
loc19239_pos12,FALSE,281,23,0.0818505338078292,0.944839857651246,0.0551601423487544,0.104235002089639
loc19246_pos8,FALSE,285,63,0.221052631578947,0.857894736842105,0.142105263157895,0.24382271468144
loc19258_pos107,FALSE,291,87,0.298969072164948,0.286941580756014,0.713058419243986,0.409212219978508
loc19267_pos27,FALSE,281,34,0.120996441281139,0.160142348754448,0.839857651245552,0.268993553779714
loc19274_pos217,FALSE,282,44,0.156028368794326,0.117021276595745,0.882978723404255,0.206654594839294
loc19291_pos18,FALSE,286,36,0.125874125874126,0.91958041958042,0.0804195804195804,0.147904543009438
loc19293_pos120,FALSE,283,24,0.0848056537102474,0.943462897526502,0.0565371024734982,0.106681317034799
loc19295_pos11,FALSE,297,24,0.0808080808080808,0.942760942760943,0.0572390572390572,0.107925495130882
loc19306_pos3,FALSE,277,65,0.234657039711191,0.196750902527076,0.803249097472924,0.316079969763714
loc19319_pos11,FALSE,298,36,0.120805369127517,0.926174496644295,0.0738255033557047,0.136750596819963
loc19332_pos12,FALSE,293,49,0.167235494880546,0.885665529010239,0.114334470989761,0.202524199466505
loc19333_pos12,FALSE,288,38,0.131944444444444,0.913194444444444,0.0868055555555556,0.158540702160494
loc19345_pos34,FALSE,282,24,0.0851063829787234,0.946808510638298,0.0531914893617021,0.100724309642372
loc19360_pos14,FALSE,290,82,0.282758620689655,0.751724137931034,0.248275862068966,0.373269916765755
loc19362_pos9,FALSE,281,20,0.0711743772241993,0.94661921708185,0.0533807829181495,0.10106254986639
loc19364_pos31,FALSE,294,84,0.285714285714286,0.268707482993197,0.731292517006803,0.393007543153316
loc19384_pos27,FALSE,289,30,0.103806228373702,0.0761245674740484,0.923875432525952,0.140659235401875
loc19469_pos6,FALSE,272,20,0.0735294117647059,0.94485294117647,0.0551470588235294,0.104211721453287
loc19491_pos6,FALSE,280,34,0.121428571428571,0.0714285714285714,0.928571428571429,0.13265306122449
loc19496_pos8,FALSE,296,37,0.125,0.934121621621622,0.0658783783783784,0.123076835281227
loc19517_pos18,FALSE,266,45,0.169172932330827,0.148496240601504,0.851503759398496,0.252890214257448
loc19535_pos2,FALSE,291,54,0.185567010309278,0.890034364261168,0.109965635738832,0.195746389390773
loc19544_pos26,FALSE,264,39,0.147727272727273,0.914772727272727,0.0852272727272727,0.155927169421488
loc19550_pos13,FALSE,277,83,0.299638989169675,0.745487364620939,0.254512635379061,0.379471907622933
loc19575_pos50,FALSE,292,64,0.219178082191781,0.804794520547945,0.195205479452055,0.314200600487896
loc19585_pos3,FALSE,267,17,0.0636704119850187,0.0767790262172285,0.923220973782772,0.141768014700725
loc19587_pos11,FALSE,259,14,0.0540540540540541,0.926640926640927,0.0733590733590733,0.135955039429943
loc19593_pos97,FALSE,294,19,0.0646258503401361,0.930272108843537,0.0697278911564626,0.12973182470267
loc19626_pos50,FALSE,303,52,0.171617161716172,0.904290429042904,0.0957095709570958,0.173098497968609
loc19652_pos58,FALSE,296,28,0.0945945945945946,0.935810810810811,0.0641891891891891,0.120137874360847
loc19658_pos80,FALSE,289,28,0.0968858131487889,0.934256055363322,0.0657439446366782,0.122843356760575
loc19662_pos11,FALSE,301,24,0.079734219269103,0.0564784053156146,0.943521594684385,0.10657719009724
loc19675_pos116,FALSE,264,105,0.397727272727273,0.702651515151515,0.297348484848485,0.41786472681359
loc19680_pos4,FALSE,296,82,0.277027027027027,0.820945945945946,0.179054054054054,0.293987399561724
loc19693_pos1,FALSE,295,49,0.166101694915254,0.9,0.1,0.18
loc19717_pos66,FALSE,267,47,0.176029962546816,0.177902621722846,0.822097378277154,0.292506557813969
loc19735_pos45,FALSE,278,31,0.111510791366906,0.919064748201439,0.0809352517985612,0.148769473629729
loc19739_pos17,FALSE,280,86,0.307142857142857,0.721428571428571,0.278571428571429,0.401938775510204
loc19758_pos98,FALSE,284,62,0.21830985915493,0.172535211267606,0.827464788732394,0.285533624280897
loc19799_pos101,FALSE,293,44,0.150170648464164,0.877133105802048,0.122866894197952,0.215541241016203
loc19801_pos5,FALSE,281,49,0.174377224199288,0.158362989323843,0.841637010676157,0.266568305872519
loc19824_pos2,FALSE,288,52,0.180555555555556,0.145833333333333,0.854166666666667,0.249131944444444
loc19856_pos24,FALSE,262,87,0.33206106870229,0.833969465648855,0.166030534351145,0.276928792028437
loc19900_pos8,FALSE,287,25,0.0871080139372822,0.93205574912892,0.0679442508710801,0.126655659289296
loc19907_pos21,FALSE,299,31,0.103678929765886,0.0618729096989967,0.938127090301003,0.116089305488753
loc19913_pos23,FALSE,283,56,0.197879858657244,0.123674911660777,0.876325088339223,0.216758855772953
loc19985_pos129,FALSE,293,103,0.351535836177474,0.459044368600683,0.540955631399317,0.496645272513366
loc19995_pos22,FALSE,280,24,0.0857142857142857,0.946428571428571,0.0535714285714286,0.10140306122449
loc20025_pos29,FALSE,287,41,0.142857142857143,0.761324041811847,0.238675958188153,0.36341949034224
loc20036_pos137,FALSE,297,101,0.34006734006734,0.644781144781145,0.355218855218855,0.458076840231722
loc20042_pos4,FALSE,267,82,0.307116104868914,0.329588014981273,0.670411985018727,0.441919510723955
loc20076_pos18,FALSE,280,52,0.185714285714286,0.85,0.15,0.255
loc20084_pos11,FALSE,284,22,0.0774647887323944,0.073943661971831,0.926056338028169,0.136951993652053
loc20097_pos0,FALSE,272,58,0.213235294117647,0.165441176470588,0.834558823529412,0.276140787197232
loc20106_pos122,FALSE,294,40,0.136054421768707,0.904761904761905,0.0952380952380952,0.172335600907029
loc20110_pos2,FALSE,296,60,0.202702702702703,0.141891891891892,0.858108108108108,0.243517165814463
loc20131_pos9,FALSE,294,78,0.26530612244898,0.207482993197279,0.792517006802721,0.328867601462354
loc20154_pos24,FALSE,293,39,0.133105802047782,0.899317406143345,0.100682593856655,0.181091218301902
loc20169_pos9,FALSE,300,27,0.09,0.941666666666667,0.0583333333333333,0.109861111111111
loc20209_pos2,FALSE,283,17,0.0600706713780919,0.0618374558303887,0.938162544169611,0.116027169773627
loc20238_pos7,FALSE,259,66,0.254826254826255,0.810810810810811,0.189189189189189,0.306793279766253
loc20248_pos176,FALSE,288,109,0.378472222222222,0.675347222222222,0.324652777777778,0.438506703317901
loc20280_pos30,FALSE,302,31,0.102649006622517,0.935430463576159,0.0645695364238411,0.120800622779703
loc20292_pos20,FALSE,298,43,0.144295302013423,0.102348993288591,0.897651006711409,0.183747353722805
loc20293_pos82,FALSE,279,42,0.150537634408602,0.888888888888889,0.111111111111111,0.197530864197531
loc20295_pos17,FALSE,266,110,0.413533834586466,0.398496240601504,0.601503759398496,0.479393973655944
loc20298_pos126,FALSE,288,69,0.239583333333333,0.168402777777778,0.831597222222222,0.280086564429012
loc20312_pos9,FALSE,285,87,0.305263157894737,0.766666666666667,0.233333333333333,0.357777777777778
loc20314_pos26,FALSE,306,53,0.173202614379085,0.125816993464052,0.874183006535948,0.219974155239438
loc20340_pos60,FALSE,291,95,0.326460481099656,0.297250859106529,0.702749140893471,0.417785571733919
loc20345_pos12,FALSE,271,77,0.284132841328413,0.695571955719557,0.304428044280443,0.423503220272055
loc20346_pos6,FALSE,281,94,0.334519572953737,0.466192170818505,0.533807829181495,0.49771406137207
loc20347_pos0,FALSE,278,31,0.111510791366906,0.926258992805755,0.0737410071942446,0.136606542104446
loc20384_pos111,FALSE,271,110,0.40590405904059,0.387453874538745,0.612546125461255,0.474666739287319
loc20388_pos2,FALSE,282,48,0.170212765957447,0.914893617021277,0.0851063829787234,0.155726573110005
loc20407_pos30,FALSE,298,58,0.194630872483221,0.889261744966443,0.110738255033557,0.19695058781136
loc20415_pos39,FALSE,309,49,0.158576051779935,0.901294498381877,0.098705501618123,0.177925451136875
loc20456_pos31,FALSE,285,39,0.136842105263158,0.885964912280702,0.114035087719298,0.2020621729763
loc20467_pos1,FALSE,268,37,0.138059701492537,0.916044776119403,0.0839552238805971,0.153813488527512
loc20484_pos177,FALSE,287,79,0.275261324041812,0.789198606271777,0.210801393728223,0.332728332260923
loc20513_pos40,FALSE,293,37,0.126279863481229,0.899317406143345,0.100682593856655,0.181091218301902
loc20514_pos4,FALSE,289,58,0.200692041522491,0.176470588235294,0.823529411764706,0.290657439446367
loc20522_pos34,FALSE,288,21,0.0729166666666667,0.0503472222222222,0.949652777777778,0.0956247588734568
loc20525_pos21,FALSE,273,35,0.128205128205128,0.888278388278388,0.111721611721612,0.198479786391874
loc20550_pos31,FALSE,276,28,0.101449275362319,0.945652173913043,0.0543478260869565,0.102788279773157
loc20558_pos14,FALSE,281,77,0.274021352313167,0.361209964412811,0.638790035587189,0.461474652043414
loc20612_pos86,FALSE,305,47,0.154098360655738,0.129508196721311,0.870491803278689,0.225471647406611
loc20631_pos131,FALSE,286,24,0.0839160839160839,0.0629370629370629,0.937062937062937,0.117951978091838
loc20646_pos37,FALSE,275,74,0.269090909090909,0.814545454545455,0.185454545454545,0.302122314049587
loc20694_pos17,FALSE,297,67,0.225589225589226,0.823232323232323,0.176767676767677,0.29104173043567
loc20703_pos16,FALSE,308,91,0.295454545454545,0.826298701298701,0.173701298701299,0.287058315061562
loc20720_pos4,FALSE,294,33,0.112244897959184,0.0901360544217687,0.909863945578231,0.164023092230089
loc20747_pos19,FALSE,278,51,0.183453237410072,0.807553956834532,0.192446043165468,0.310821127270845
loc20751_pos2,FALSE,284,69,0.242957746478873,0.255281690140845,0.744718309859155,0.380225897639357
loc20858_pos89,FALSE,276,84,0.304347826086957,0.721014492753623,0.278985507246377,0.402305187985717
loc20876_pos49,FALSE,289,54,0.186851211072664,0.152249134948097,0.847750865051903,0.258138671711306
loc20888_pos46,FALSE,275,82,0.298181818181818,0.225454545454545,0.774545454545455,0.34924958677686
loc20920_pos64,FALSE,267,71,0.265917602996255,0.833333333333333,0.166666666666667,0.277777777777778
loc20936_pos7,FALSE,268,9,0.0335820895522388,0.0690298507462687,0.930970149253731,0.128529460904433
loc20937_pos25,FALSE,266,70,0.263157894736842,0.266917293233083,0.733082706766917,0.391344903612414
loc20940_pos37,FALSE,291,33,0.11340206185567,0.922680412371134,0.0773195876288659,0.142682537995536
loc20951_pos10,FALSE,288,26,0.0902777777777778,0.9375,0.0625,0.1171875
loc21009_pos93,FALSE,295,73,0.247457627118644,0.171186440677966,0.828813559322034,0.283763286411951
loc21017_pos49,FALSE,291,29,0.0996563573883162,0.943298969072165,0.0567010309278351,0.106972048039112
loc21030_pos31,FALSE,292,40,0.136986301369863,0.900684931506849,0.0993150684931506,0.178903171326703
loc21032_pos10,FALSE,272,24,0.0882352941176471,0.94485294117647,0.0551470588235294,0.104211721453287
loc21058_pos95,FALSE,281,81,0.288256227758007,0.229537366548043,0.770462633451957,0.353699927812464
loc21074_pos3,FALSE,303,75,0.247524752475248,0.173267326732673,0.826732673267327,0.286491520439173
loc21101_pos95,FALSE,293,35,0.119453924914676,0.104095563139932,0.895904436860068,0.186519353749024
loc21157_pos11,FALSE,270,92,0.340740740740741,0.307407407407407,0.692592592592593,0.425816186556927
loc21202_pos6,FALSE,303,26,0.0858085808580858,0.937293729372937,0.0627062706270627,0.117548388502217
loc21223_pos1,FALSE,275,111,0.403636363636364,0.565454545454545,0.434545454545455,0.491431404958678
loc21230_pos2,FALSE,279,41,0.146953405017921,0.912186379928315,0.0878136200716846,0.160204776403181
loc21273_pos5,FALSE,289,133,0.460207612456747,0.756055363321799,0.243944636678201,0.368871301828283
loc21281_pos29,FALSE,271,94,0.346863468634686,0.623616236162362,0.376383763837638,0.469438052314102
loc21283_pos9,FALSE,287,123,0.428571428571429,0.750871080139373,0.249128919860627,0.374127402299409
loc21286_pos16,FALSE,266,88,0.330827067669173,0.597744360902256,0.402255639097744,0.480892079823619
loc21293_pos10,FALSE,276,88,0.318840579710145,0.634057971014493,0.365942028985507,0.464056920814955
loc21308_pos103,FALSE,272,101,0.371323529411765,0.340073529411765,0.659926470588235,0.448847048010381
loc21311_pos0,FALSE,300,67,0.223333333333333,0.821666666666667,0.178333333333333,0.293061111111111
loc21324_pos25,FALSE,259,28,0.108108108108108,0.934362934362934,0.0656370656370656,0.122657682503242
loc21326_pos1,FALSE,276,93,0.33695652173913,0.697463768115942,0.302536231884058,0.422016120562907
loc21334_pos0,FALSE,262,35,0.133587786259542,0.135496183206107,0.864503816793893,0.234273935085368
loc21340_pos9,FALSE,280,54,0.192857142857143,0.825,0.175,0.28875
loc21341_pos0,FALSE,262,72,0.274809160305344,0.286259541984733,0.713740458015267,0.408630033214848
loc21344_pos93,FALSE,276,59,0.213768115942029,0.824275362318841,0.175724637681159,0.289690978785969
loc21390_pos136,FALSE,274,96,0.35036496350365,0.346715328467153,0.653284671532847,0.453007618946135
loc21396_pos6,FALSE,268,74,0.276119402985075,0.667910447761194,0.332089552238806,0.443612163065271
loc21423_pos3,FALSE,262,86,0.32824427480916,0.751908396946565,0.248091603053435,0.373084319095624
loc21426_pos43,FALSE,283,112,0.395759717314488,0.332155477031802,0.667844522968198,0.443656432219156
loc21432_pos68,FALSE,306,58,0.189542483660131,0.816993464052288,0.183006535947712,0.299030287496262
loc21443_pos19,FALSE,303,121,0.399339933993399,0.744224422442244,0.255775577557756,0.380708862965504
loc21458_pos12,FALSE,290,61,0.210344827586207,0.832758620689655,0.167241379310345,0.278543400713436
loc21460_pos124,FALSE,294,43,0.146258503401361,0.100340136054422,0.899659863945578,0.180543986302004
loc21465_pos7,FALSE,292,106,0.363013698630137,0.736301369863014,0.263698630136986,0.388323325201726
loc21469_pos5,FALSE,276,100,0.36231884057971,0.626811594202899,0.373188405797101,0.467837639151439
loc21482_pos2,FALSE,297,119,0.400673400673401,0.580808080808081,0.419191919191919,0.486940108152229
loc21483_pos8,FALSE,272,98,0.360294117647059,0.75735294117647,0.242647058823529,0.36753892733564
loc21505_pos13,FALSE,282,109,0.386524822695035,0.735815602836879,0.264184397163121,0.388782002917358
loc21580_pos45,FALSE,296,50,0.168918918918919,0.128378378378378,0.871621621621622,0.223794740686633
loc21622_pos67,FALSE,266,60,0.225563909774436,0.81578947368421,0.18421052631579,0.300554016620499
loc21628_pos29,FALSE,282,29,0.102836879432624,0.0691489361702128,0.930851063829787,0.128734721593481
loc21646_pos11,FALSE,261,21,0.0804597701149425,0.936781609195402,0.0632183908045977,0.11844365173735
loc21657_pos24,FALSE,280,92,0.328571428571429,0.389285714285714,0.610714285714286,0.475484693877551
loc21721_pos103,FALSE,269,27,0.100371747211896,0.923791821561338,0.0762081784386617,0.140800983955446
loc21736_pos4,FALSE,283,113,0.399293286219081,0.609540636042403,0.390459363957597,0.476001698110852
loc21766_pos12,FALSE,270,129,0.477777777777778,0.72037037037037,0.27962962962963,0.402873799725652
loc21769_pos2,FALSE,264,89,0.337121212121212,0.335227272727273,0.664772727272727,0.445699896694215
loc21791_pos13,FALSE,271,31,0.114391143911439,0.920664206642066,0.0793357933579336,0.146083250500402
loc21813_pos2,FALSE,295,67,0.227118644067797,0.174576271186441,0.825423728813559,0.288198793450158
loc21814_pos150,FALSE,296,67,0.226351351351351,0.836148648648649,0.163851351351351,0.274008172023375
loc21824_pos9,FALSE,295,80,0.271186440677966,0.196610169491525,0.803389830508475,0.315909221488078
loc21836_pos137,FALSE,288,69,0.239583333333333,0.196180555555556,0.803819444444444,0.315387490354938
loc21841_pos12,FALSE,264,62,0.234848484848485,0.833333333333333,0.166666666666667,0.277777777777778
loc21847_pos10,FALSE,287,44,0.153310104529617,0.878048780487805,0.121951219512195,0.214158239143367
loc21850_pos7,FALSE,276,30,0.108695652173913,0.105072463768116,0.894927536231884,0.188064482251628
loc21877_pos3,FALSE,281,132,0.469750889679715,0.508896797153025,0.491103202846975,0.499841694000836
loc21885_pos110,FALSE,287,66,0.229965156794425,0.818815331010453,0.181184668989547,0.296713569425391
loc21893_pos114,FALSE,289,86,0.29757785467128,0.750865051903114,0.249134948096886,0.374133451467296
loc21905_pos20,FALSE,279,44,0.157706093189964,0.860215053763441,0.139784946236559,0.240490230084403
loc21908_pos16,FALSE,294,64,0.217687074829932,0.846938775510204,0.153061224489796,0.25926697209496
loc21921_pos41,FALSE,302,81,0.268211920529801,0.812913907284768,0.187086092715232,0.304169773255559
loc21930_pos7,FALSE,279,60,0.21505376344086,0.172043010752688,0.827956989247312,0.284888426407677
loc21933_pos9,FALSE,290,115,0.396551724137931,0.51551724137931,0.48448275862069,0.499518430439952
loc21946_pos17,FALSE,283,111,0.392226148409894,0.627208480565371,0.372791519434629,0.467636004944499
loc21950_pos100,FALSE,289,37,0.1280276816609,0.894463667820069,0.105536332179931,0.188796829539876
loc21953_pos120,FALSE,269,59,0.219330855018587,0.860594795539034,0.139405204460966,0.239942786860325
loc21975_pos12,FALSE,266,94,0.353383458646617,0.770676691729323,0.229323308270677,0.353468257108938
loc22037_pos6,FALSE,263,58,0.220532319391635,0.760456273764259,0.239543726235741,0.364325058913675
loc22047_pos8,FALSE,282,81,0.287234042553192,0.25709219858156,0.74290780141844,0.38199160002012
loc22063_pos40,FALSE,294,17,0.0578231292517007,0.0663265306122449,0.933673469387755,0.123854643898376
loc22070_pos18,FALSE,273,72,0.263736263736264,0.304029304029304,0.695970695970696,0.423190972641522
loc22092_pos0,FALSE,260,62,0.238461538461538,0.215384615384615,0.784615384615385,0.337988165680473
loc22096_pos8,FALSE,278,131,0.471223021582734,0.440647482014388,0.559352517985612,0.492954557217535
loc22106_pos2,FALSE,297,72,0.242424242424242,0.784511784511784,0.215488215488216,0.33810608894784
loc22151_pos10,FALSE,269,19,0.070631970260223,0.946096654275093,0.0539033457249071,0.101995550089136
loc22161_pos96,FALSE,298,39,0.130872483221477,0.0922818791946309,0.907718120805369,0.167531867933877
loc22196_pos7,FALSE,280,55,0.196428571428571,0.866071428571429,0.133928571428571,0.231983418367347
loc22197_pos12,FALSE,266,44,0.165413533834586,0.105263157894737,0.894736842105263,0.188365650969529
loc22210_pos34,FALSE,286,46,0.160839160839161,0.856643356643357,0.143356643356643,0.245611032324319
loc22249_pos12,FALSE,276,71,0.257246376811594,0.248188405797101,0.751811594202899,0.37318184204999
loc22285_pos55,FALSE,288,53,0.184027777777778,0.862847222222222,0.137152777777778,0.236683786651235
loc22308_pos57,FALSE,270,104,0.385185185185185,0.722222222222222,0.277777777777778,0.401234567901235
loc22320_pos147,FALSE,274,71,0.259124087591241,0.191605839416058,0.808394160583942,0.309786083435452
loc22321_pos42,FALSE,265,34,0.128301886792453,0.113207547169811,0.886792452830189,0.200783196867213
loc22322_pos17,FALSE,277,88,0.317689530685921,0.732851985559567,0.267148014440433,0.391559905641935
loc22325_pos1,FALSE,286,68,0.237762237762238,0.34965034965035,0.65034965034965,0.454789965279476
loc22356_pos128,FALSE,292,56,0.191780821917808,0.886986301369863,0.113013698630137,0.200483205104147
loc22365_pos1,FALSE,261,92,0.352490421455939,0.647509578544061,0.352490421455939,0.456481848475507
loc22403_pos104,FALSE,269,125,0.464684014869888,0.407063197026022,0.592936802973978,0.482725501305952
loc22408_pos38,FALSE,300,117,0.39,0.328333333333333,0.671666666666667,0.441061111111111
loc22420_pos153,FALSE,287,48,0.167247386759582,0.867595818815331,0.132404181184669,0.229746627978973
loc22425_pos7,FALSE,301,36,0.119601328903654,0.0930232558139535,0.906976744186047,0.16873985938345
loc22502_pos98,FALSE,277,25,0.0902527075812274,0.911552346570397,0.0884476534296029,0.1612493320648
loc22509_pos12,FALSE,303,85,0.280528052805281,0.747524752475248,0.252475247524752,0.377462993824135
loc22526_pos95,FALSE,278,78,0.280575539568345,0.190647482014388,0.809352517985611,0.308602039231924
loc22533_pos178,FALSE,276,25,0.0905797101449275,0.947463768115942,0.052536231884058,0.099552352446965
loc22553_pos18,FALSE,294,24,0.0816326530612245,0.945578231292517,0.0544217687074829,0.102920079596464
loc22578_pos11,FALSE,300,119,0.396666666666667,0.651666666666667,0.348333333333333,0.453994444444444
loc22580_pos35,FALSE,284,128,0.450704225352113,0.566901408450704,0.433098591549296,0.491048403094624
loc22619_pos38,FALSE,272,31,0.113970588235294,0.91360294117647,0.0863970588235294,0.157865214100346
loc22639_pos77,FALSE,296,80,0.27027027027027,0.168918918918919,0.831081081081081,0.280770635500365
loc22644_pos22,FALSE,296,92,0.310810810810811,0.283783783783784,0.716216216216216,0.406501095690285
loc22653_pos3,FALSE,303,118,0.389438943894389,0.584158415841584,0.415841584158416,0.48583472208607
loc22657_pos0,FALSE,269,96,0.356877323420074,0.821561338289963,0.178438661710037,0.293196611434336
loc22665_pos11,FALSE,292,32,0.10958904109589,0.934931506849315,0.065068493150685,0.121669168699568
loc22666_pos57,FALSE,284,69,0.242957746478873,0.878521126760563,0.121478873239437,0.213443513191827
loc22670_pos31,FALSE,296,110,0.371621621621622,0.35472972972973,0.64527027027027,0.457793097151205
loc22679_pos5,FALSE,294,78,0.26530612244898,0.251700680272109,0.748299319727891,0.376694895645333
loc22704_pos10,FALSE,294,66,0.224489795918367,0.251700680272109,0.748299319727891,0.376694895645333
loc22725_pos12,FALSE,294,67,0.227891156462585,0.219387755102041,0.780612244897959,0.342513536026656
loc22727_pos3,FALSE,264,61,0.231060606060606,0.115530303030303,0.884469696969697,0.204366104224059
loc22731_pos41,FALSE,260,76,0.292307692307692,0.765384615384615,0.234615384615385,0.35914201183432
loc22736_pos1,FALSE,288,43,0.149305555555556,0.897569444444444,0.102430555555556,0.183877073688272
loc22746_pos25,FALSE,301,67,0.222591362126246,0.1578073089701,0.8421926910299,0.26580832441143
loc22762_pos20,FALSE,267,68,0.254681647940075,0.745318352059925,0.254681647940075,0.379637812285205
loc22769_pos56,FALSE,301,31,0.102990033222591,0.0647840531561462,0.935215946843854,0.121174159225616
loc22785_pos2,FALSE,282,89,0.315602836879433,0.23936170212766,0.76063829787234,0.364135355364418
loc22787_pos133,FALSE,308,27,0.0876623376623377,0.939935064935065,0.060064935064935,0.11291427728116
loc22838_pos96,FALSE,283,32,0.113074204946996,0.918727915194346,0.0812720848056537,0.149333866073993
loc22862_pos44,FALSE,294,119,0.404761904761905,0.362244897959184,0.637755102040816,0.462047063723449
loc22871_pos2,FALSE,302,51,0.16887417218543,0.127483443708609,0.872516556291391,0.222462830577606
loc22899_pos11,FALSE,290,125,0.431034482758621,0.529310344827586,0.470689655172414,0.498281807372176
loc22911_pos106,FALSE,285,91,0.319298245614035,0.264912280701754,0.735087719298246,0.389467528470299
loc22951_pos4,FALSE,280,28,0.1,0.925,0.075,0.13875
loc23007_pos22,FALSE,292,47,0.160958904109589,0.905821917808219,0.0941780821917808,0.170617142052918
loc23014_pos7,FALSE,300,115,0.383333333333333,0.365,0.635,0.46355
loc23015_pos23,FALSE,283,61,0.215547703180212,0.196113074204947,0.803886925795053,0.315305472661664
loc23064_pos36,FALSE,263,25,0.0950570342205323,0.922053231939164,0.0779467680608364,0.143742138819413
loc23089_pos157,FALSE,264,62,0.234848484848485,0.242424242424242,0.757575757575758,0.367309458218549
loc23093_pos29,FALSE,289,18,0.0622837370242214,0.937716262975779,0.0622837370242214,0.116808946253038
loc23123_pos19,FALSE,268,30,0.111940298507463,0.123134328358209,0.876865671641791,0.215944531075963
loc23124_pos17,FALSE,282,33,0.117021276595745,0.129432624113475,0.870567375886525,0.22535963985715
loc23130_pos8,FALSE,270,17,0.062962962962963,0.912962962962963,0.087037037037037,0.158923182441701
loc23137_pos17,FALSE,290,29,0.1,0.946551724137931,0.053448275862069,0.101183115338882
loc23142_pos3,FALSE,260,33,0.126923076923077,0.925,0.075,0.13875
loc23148_pos19,FALSE,292,27,0.0924657534246575,0.946917808219178,0.053082191780822,0.100528945393132
loc23156_pos22,FALSE,271,54,0.199261992619926,0.287822878228782,0.712177121771218,0.409961737993764
loc23175_pos0,FALSE,267,29,0.108614232209738,0.0730337078651685,0.926966292134832,0.135399570761268
loc23184_pos2,FALSE,272,21,0.0772058823529412,0.0827205882352941,0.917279411764706,0.151755785034602
loc23188_pos108,FALSE,292,61,0.208904109589041,0.847602739726027,0.152397260273973,0.258344670669919
loc23192_pos3,FALSE,295,35,0.11864406779661,0.0830508474576271,0.916949152542373,0.152306808388394
loc23225_pos11,FALSE,282,103,0.365248226950355,0.50886524822695,0.49113475177305,0.499842814747749
loc23231_pos10,FALSE,296,118,0.398648648648649,0.527027027027027,0.472972972972973,0.498539079620161
loc23238_pos10,FALSE,274,112,0.408759124087591,0.412408759124088,0.587591240875912,0.484655549043636
loc23252_pos21,FALSE,268,17,0.0634328358208955,0.949626865671642,0.0503731343283582,0.0956713633325908
loc23256_pos6,FALSE,282,31,0.109929078014184,0.937943262411348,0.0620567375886525,0.116411397817011
loc23266_pos96,FALSE,294,101,0.343537414965986,0.715986394557823,0.284013605442177,0.406699754731825
loc23277_pos8,FALSE,274,72,0.262773722627737,0.18978102189781,0.81021897810219,0.307528371250466
loc23307_pos76,FALSE,310,127,0.409677419354839,0.495161290322581,0.504838709677419,0.499953173777315
loc23313_pos0,FALSE,274,94,0.343065693430657,0.39051094890511,0.60948905109489,0.476024295380681
loc23338_pos21,FALSE,265,32,0.120754716981132,0.935849056603774,0.0641509433962264,0.120071199715201
loc23364_pos9,FALSE,281,38,0.135231316725979,0.932384341637011,0.0676156583629893,0.126087562214258
loc23390_pos37,FALSE,283,26,0.0918727915194346,0.0777385159010601,0.92226148409894,0.143390478093121
loc23399_pos2,FALSE,290,53,0.182758620689655,0.843103448275862,0.156896551724138,0.264560047562426
loc23436_pos51,FALSE,293,45,0.15358361774744,0.131399317406143,0.868600682593857,0.228267073582686
loc23441_pos30,FALSE,299,29,0.096989966555184,0.944816053511706,0.0551839464882943,0.104277357076543
loc23482_pos14,FALSE,288,35,0.121527777777778,0.921875,0.078125,0.14404296875
loc23522_pos9,FALSE,263,46,0.174904942965779,0.14828897338403,0.85171102661597,0.252598707513481
loc23534_pos16,FALSE,268,52,0.194029850746269,0.167910447761194,0.832089552238806,0.279433058587659
loc23597_pos22,FALSE,278,62,0.223021582733813,0.165467625899281,0.83453237410072,0.276176181357073
loc23613_pos6,FALSE,289,29,0.100346020761246,0.94636678200692,0.0536332179930796,0.101513391841573
loc23653_pos6,FALSE,302,23,0.076158940397351,0.938741721854305,0.0612582781456954,0.11501140300864
loc23668_pos6,FALSE,266,23,0.0864661654135338,0.922932330827068,0.0770676691729323,0.142256487082367
loc23677_pos13,FALSE,263,23,0.0874524714828897,0.94106463878327,0.05893536121673,0.110923968829967
loc23685_pos4,FALSE,302,19,0.0629139072847682,0.0513245033112583,0.948675496688742,0.0973805973422218
loc23715_pos6,FALSE,270,36,0.133333333333333,0.933333333333333,0.0666666666666667,0.124444444444444
loc23735_pos29,FALSE,286,75,0.262237762237762,0.784965034965035,0.215034965034965,0.337589857694753
loc23750_pos7,FALSE,282,74,0.26241134751773,0.202127659574468,0.797872340425532,0.322544137618832
loc23755_pos4,FALSE,270,49,0.181481481481481,0.824074074074074,0.175925925925926,0.289951989026063
loc23758_pos14,FALSE,281,56,0.199288256227758,0.782918149466192,0.217081850533808,0.339914641405251
loc23759_pos4,FALSE,263,32,0.121673003802281,0.85171102661597,0.14828897338403,0.252598707513482
loc23793_pos23,FALSE,287,31,0.10801393728223,0.872822299651568,0.127177700348432,0.222007065765033
loc23808_pos5,FALSE,275,41,0.149090909090909,0.125454545454545,0.874545454545455,0.219431404958678
loc23840_pos24,FALSE,311,22,0.0707395498392283,0.948553054662379,0.0514469453376206,0.097600314306097
loc23871_pos100,FALSE,285,44,0.154385964912281,0.880701754385965,0.119298245614035,0.210132348414897
loc23879_pos27,FALSE,284,70,0.246478873239437,0.77112676056338,0.22887323943662,0.352980559412815
loc23890_pos18,FALSE,277,26,0.0938628158844765,0.938628158844765,0.0613718411552346,0.115210676536903
loc23895_pos97,FALSE,300,75,0.25,0.211666666666667,0.788333333333333,0.333727777777778
loc23912_pos111,FALSE,272,71,0.261029411764706,0.318014705882353,0.681985294117647,0.433762705449827
loc23918_pos7,FALSE,261,65,0.24904214559387,0.296934865900383,0.703065134099617,0.417529102626209
loc23957_pos10,FALSE,314,88,0.280254777070064,0.305732484076433,0.694267515923567,0.424520264513773
loc23958_pos8,FALSE,266,17,0.0639097744360902,0.0657894736842105,0.93421052631579,0.12292243767313
loc23963_pos19,FALSE,281,69,0.245551601423488,0.261565836298932,0.738434163701068,0.386298299160345
loc23965_pos93,FALSE,264,20,0.0757575757575758,0.109848484848485,0.890151515151515,0.195563590449954
loc23976_pos102,FALSE,267,30,0.112359550561798,0.876404494382023,0.123595505617977,0.216639313218028
loc23984_pos41,FALSE,294,55,0.187074829931973,0.865646258503401,0.134353741496599,0.232605627284928
loc23999_pos13,FALSE,299,78,0.260869565217391,0.812709030100334,0.187290969899666,0.304426124987416
loc24008_pos3,FALSE,288,82,0.284722222222222,0.71875,0.28125,0.404296875
loc24009_pos19,FALSE,298,31,0.104026845637584,0.917785234899329,0.0822147651006712,0.150910995000225
loc24029_pos26,FALSE,270,29,0.107407407407407,0.0722222222222222,0.927777777777778,0.134012345679012
loc24055_pos10,FALSE,273,47,0.172161172161172,0.86996336996337,0.13003663003663,0.226254209770693
loc24082_pos12,FALSE,290,43,0.148275862068966,0.11551724137931,0.88448275862069,0.204346016646849
loc24090_pos6,FALSE,281,49,0.174377224199288,0.848754448398576,0.151245551601424,0.256740669444409
loc24092_pos9,FALSE,294,58,0.197278911564626,0.877551020408163,0.122448979591837,0.214910453977509
loc24099_pos52,FALSE,301,51,0.169435215946844,0.885382059800664,0.114617940199336,0.202961335967594
loc24125_pos6,FALSE,282,35,0.124113475177305,0.927304964539007,0.0726950354609929,0.134820934560636
loc24128_pos108,FALSE,290,65,0.224137931034483,0.822413793103448,0.177586206896552,0.292098692033294
loc24138_pos10,FALSE,259,24,0.0926640926640927,0.926640926640927,0.0733590733590733,0.135955039429943
loc24139_pos39,FALSE,272,32,0.117647058823529,0.915441176470588,0.0845588235294118,0.154817257785467
loc24143_pos6,FALSE,276,49,0.177536231884058,0.175724637681159,0.824275362318841,0.289690978785969
loc24156_pos30,FALSE,284,37,0.130281690140845,0.100352112676056,0.899647887323944,0.180563132315017
loc24163_pos12,FALSE,310,81,0.261290322580645,0.217741935483871,0.782258064516129,0.340660770031217
loc24164_pos13,FALSE,280,36,0.128571428571429,0.103571428571429,0.896428571428571,0.185688775510204
loc24183_pos95,FALSE,300,26,0.0866666666666667,0.943333333333333,0.0566666666666666,0.106911111111111
loc24198_pos9,FALSE,277,47,0.169675090252708,0.857400722021661,0.142599277978339,0.244529447796791
loc24211_pos19,FALSE,290,15,0.0517241379310345,0.0741379310344828,0.925862068965517,0.137282996432818
loc24230_pos70,FALSE,274,62,0.226277372262774,0.861313868613139,0.138686131386861,0.238904576695615
loc24270_pos110,FALSE,303,133,0.438943894389439,0.53960396039604,0.46039603960396,0.496863052641898
loc24278_pos0,FALSE,286,74,0.258741258741259,0.230769230769231,0.769230769230769,0.355029585798817
loc24304_pos20,FALSE,265,42,0.158490566037736,0.837735849056604,0.162264150943396,0.27186899252403
loc24351_pos20,FALSE,302,90,0.298013245033113,0.264900662251656,0.735099337748344,0.38945660278058
loc24355_pos104,FALSE,295,85,0.288135593220339,0.14406779661017,0.85593220338983,0.246624533180121
loc24359_pos6,FALSE,273,117,0.428571428571429,0.445054945054945,0.554945054945055,0.49396208187417
loc24374_pos140,FALSE,259,34,0.131274131274131,0.915057915057915,0.084942084942085,0.155453854295553
loc24376_pos15,FALSE,262,87,0.33206106870229,0.349236641221374,0.650763358778626,0.454540819299575
loc24385_pos7,FALSE,271,95,0.350553505535055,0.629151291512915,0.370848708487085,0.466639887801092
loc24386_pos8,FALSE,282,93,0.329787234042553,0.473404255319149,0.526595744680851,0.498585332729742
loc24388_pos10,FALSE,259,52,0.200772200772201,0.752895752895753,0.247104247104247,0.372087476334581
loc24392_pos75,FALSE,294,40,0.136054421768707,0.918367346938776,0.0816326530612245,0.14993752603082
loc24407_pos62,FALSE,292,49,0.167808219178082,0.888698630136986,0.111301369863014,0.197826749859261
loc24409_pos29,FALSE,289,63,0.217993079584775,0.839100346020761,0.160899653979239,0.2700219106572
loc24459_pos34,FALSE,268,104,0.388059701492537,0.574626865671642,0.425373134328358,0.488861661840053
loc24481_pos18,FALSE,274,57,0.208029197080292,0.852189781021898,0.147810218978102,0.251924716287495
loc24488_pos9,FALSE,269,75,0.278810408921933,0.66728624535316,0.33271375464684,0.444030624231285
loc24495_pos2,FALSE,277,30,0.108303249097473,0.924187725631769,0.075812274368231,0.140129546846694
loc24500_pos101,FALSE,279,64,0.229390681003584,0.770609318996416,0.229390681003584,0.353541192944592
loc24535_pos10,FALSE,271,24,0.0885608856088561,0.948339483394834,0.051660516605166,0.0979834152585068
loc24545_pos3,FALSE,266,23,0.0864661654135338,0.93796992481203,0.0620300751879699,0.116364689920289
loc24549_pos4,FALSE,299,51,0.17056856187291,0.854515050167224,0.145484949832776,0.248638158409861
loc24559_pos16,FALSE,296,89,0.300675675675676,0.244932432432432,0.755067567567568,0.369881071950329
loc24574_pos37,FALSE,273,73,0.267399267399267,0.232600732600733,0.767399267399267,0.35699526358867
loc24583_pos20,FALSE,283,115,0.406360424028269,0.644876325088339,0.355123674911661,0.458021700857796
loc24589_pos146,FALSE,307,59,0.192182410423453,0.874592833876222,0.125407166123778,0.219360417617163
loc24595_pos3,FALSE,293,78,0.266211604095563,0.21160409556314,0.78839590443686,0.333655604608091
loc24606_pos92,FALSE,282,81,0.287234042553192,0.281914893617021,0.718085106382979,0.40487777274785
loc24609_pos7,FALSE,264,72,0.272727272727273,0.28030303030303,0.71969696969697,0.403466483011938
loc24623_pos57,FALSE,260,28,0.107692307692308,0.934615384615385,0.0653846153846154,0.122218934911243
loc24635_pos4,FALSE,282,69,0.24468085106383,0.203900709219858,0.796099290780142,0.324650419998994
loc24647_pos107,FALSE,293,137,0.467576791808874,0.510238907849829,0.489761092150171,0.499790329532085
loc24659_pos8,FALSE,284,68,0.23943661971831,0.767605633802817,0.232394366197183,0.356774449513985
loc24690_pos16,FALSE,308,22,0.0714285714285714,0.941558441558442,0.0584415584415584,0.110052285376961
loc24696_pos91,FALSE,287,112,0.390243902439024,0.682926829268293,0.317073170731707,0.433075550267698
loc24712_pos3,FALSE,268,20,0.0746268656716418,0.914179104477612,0.085820895522388,0.156911338828247
loc24733_pos18,FALSE,281,114,0.405693950177936,0.508896797153025,0.491103202846975,0.499841694000836
loc24738_pos99,FALSE,297,112,0.377104377104377,0.306397306397306,0.693602693602694,0.425035994059563
loc24743_pos7,FALSE,297,26,0.0875420875420875,0.936026936026936,0.063973063973064,0.119761022117925
loc24744_pos2,FALSE,283,77,0.27208480565371,0.217314487632509,0.782685512367491,0.340177802195058
loc24765_pos56,FALSE,262,96,0.366412213740458,0.408396946564886,0.591603053435114,0.483217761202727
loc24774_pos8,FALSE,267,88,0.329588014981273,0.47565543071161,0.524344569288389,0.498814683892326
loc24819_pos29,FALSE,294,41,0.139455782312925,0.141156462585034,0.858843537414966,0.242462631311028
loc24834_pos36,FALSE,303,45,0.148514851485149,0.85973597359736,0.14026402640264,0.241180058599919
loc24837_pos7,FALSE,286,46,0.160839160839161,0.167832167832168,0.832167832167832,0.279329062545846
loc24845_pos55,FALSE,267,21,0.0786516853932584,0.945692883895131,0.0543071161048689,0.102715706490482
loc24864_pos26,FALSE,291,35,0.120274914089347,0.915807560137457,0.084192439862543,0.15420814586507
loc24884_pos77,FALSE,302,125,0.413907284768212,0.640728476821192,0.359271523178808,0.460390991623174
loc24888_pos39,FALSE,259,30,0.115830115830116,0.0849420849420849,0.915057915057915,0.155453854295553
loc24899_pos4,FALSE,284,56,0.197183098591549,0.862676056338028,0.137323943661972,0.236932156318191
loc24900_pos12,FALSE,299,49,0.163879598662207,0.897993311036789,0.102006688963211,0.183202648739947
loc24921_pos18,FALSE,289,26,0.0899653979238754,0.927335640138408,0.0726643598615917,0.134768501334994
loc24928_pos70,FALSE,276,46,0.166666666666667,0.188405797101449,0.811594202898551,0.305818105440034
loc24940_pos11,FALSE,294,90,0.306122448979592,0.731292517006803,0.268707482993197,0.393007543153316
loc24941_pos28,FALSE,291,57,0.195876288659794,0.888316151202749,0.111683848797251,0.198421133430167
loc24952_pos3,FALSE,287,112,0.390243902439024,0.449477351916376,0.550522648083624,0.494894924061237
loc24963_pos10,FALSE,302,103,0.341059602649007,0.263245033112583,0.736754966887417,0.387894171308276
loc24978_pos83,FALSE,284,106,0.373239436619718,0.482394366197183,0.517605633802817,0.499380083316802
loc24988_pos36,FALSE,301,129,0.428571428571429,0.652823920265781,0.347176079734219,0.453289698789197
loc25001_pos121,FALSE,302,88,0.291390728476821,0.741721854304636,0.258278145695364,0.383141090303057
loc25021_pos18,FALSE,313,104,0.332268370607029,0.412140575079872,0.587859424920128,0.484561442905409
loc25071_pos108,FALSE,270,80,0.296296296296296,0.737037037037037,0.262962962962963,0.387626886145405
loc25073_pos105,FALSE,273,108,0.395604395604396,0.457875457875458,0.542124542124542,0.496451045901595
loc25074_pos52,FALSE,310,135,0.435483870967742,0.608064516129032,0.391935483870968,0.476644120707596
loc25090_pos125,FALSE,303,109,0.35973597359736,0.486798679867987,0.513201320132013,0.499651450293544
loc25091_pos59,FALSE,303,24,0.0792079207920792,0.947194719471947,0.0528052805280528,0.100033765752813
loc25093_pos14,FALSE,277,87,0.314079422382672,0.687725631768953,0.312274368231047,0.429518174353895
loc25102_pos63,FALSE,303,31,0.102310231023102,0.942244224422442,0.0577557755775577,0.108840091929985
loc25131_pos121,FALSE,282,58,0.205673758865248,0.180851063829787,0.819148936170213,0.296287913082843
loc25168_pos78,FALSE,259,21,0.0810810810810811,0.916988416988417,0.083011583011583,0.152241320194988
loc25171_pos16,FALSE,287,103,0.358885017421603,0.667247386759582,0.332752613240418,0.444056623244182
loc25173_pos169,FALSE,289,119,0.411764705882353,0.475778546712803,0.524221453287197,0.498826642401312
loc25178_pos40,FALSE,278,83,0.298561151079137,0.455035971223022,0.544964028776978,0.495956472232286
loc25194_pos8,FALSE,292,28,0.0958904109589041,0.931506849315068,0.0684931506849316,0.127603677988366
loc25222_pos6,FALSE,280,31,0.110714285714286,0.891071428571429,0.108928571428571,0.194126275510204
loc25223_pos23,FALSE,282,19,0.0673758865248227,0.920212765957447,0.0797872340425532,0.146842462652784
loc25237_pos10,FALSE,259,95,0.366795366795367,0.596525096525097,0.403474903474903,0.481365811481642
loc25247_pos18,FALSE,284,25,0.0880281690140845,0.89612676056338,0.10387323943662,0.186167179131125
loc25250_pos2,FALSE,263,44,0.167300380228137,0.889733840304182,0.110266159695818,0.196215067443508
loc25252_pos0,FALSE,286,57,0.199300699300699,0.166083916083916,0.833916083916084,0.277000097804294
loc25255_pos11,FALSE,293,45,0.15358361774744,0.186006825938567,0.813993174061433,0.302816573285653
loc25259_pos28,FALSE,311,19,0.0610932475884244,0.946945337620579,0.0530546623794212,0.100479730358454
loc25275_pos22,FALSE,298,28,0.0939597315436242,0.0704697986577181,0.929530201342282,0.131007612269718
loc25290_pos10,FALSE,265,8,0.030188679245283,0.0679245283018868,0.932075471698113,0.126621573513706
loc25296_pos3,FALSE,270,71,0.262962962962963,0.772222222222222,0.227777777777778,0.35179012345679
loc25309_pos5,FALSE,294,71,0.241496598639456,0.828231292517007,0.171768707482993,0.28452843722523
loc25314_pos161,FALSE,301,114,0.378737541528239,0.508305647840532,0.491694352159468,0.499862032427898
loc25335_pos102,FALSE,283,58,0.204946996466431,0.848056537102474,0.151943462897526,0.257713293960469
loc25339_pos15,FALSE,272,26,0.0955882352941176,0.948529411764706,0.0514705882352942,0.0976427335640139
loc25346_pos14,FALSE,280,33,0.117857142857143,0.0839285714285714,0.916071428571429,0.153769132653061
loc25353_pos103,FALSE,281,74,0.263345195729537,0.288256227758007,0.711743772241993,0.410329149833462
loc25360_pos7,FALSE,303,102,0.336633663366337,0.752475247524752,0.247524752475248,0.37251249877463
loc25405_pos5,FALSE,272,26,0.0955882352941176,0.941176470588235,0.0588235294117647,0.110726643598616
loc25408_pos17,FALSE,261,49,0.187739463601533,0.802681992337165,0.197318007662835,0.316767223029609
loc25438_pos27,FALSE,263,83,0.315589353612167,0.503802281368821,0.496197718631179,0.499971085312785
loc25442_pos6,FALSE,300,37,0.123333333333333,0.0716666666666667,0.928333333333333,0.133061111111111
loc25444_pos5,FALSE,285,35,0.12280701754386,0.921052631578947,0.0789473684210527,0.145429362880886
loc25447_pos9,FALSE,281,74,0.263345195729537,0.811387900355872,0.188612099644128,0.306075151023923
loc25474_pos14,FALSE,280,111,0.396428571428571,0.494642857142857,0.505357142857143,0.499942602040816
loc25479_pos83,FALSE,273,95,0.347985347985348,0.195970695970696,0.804029304029304,0.315132364582914
loc25482_pos9,FALSE,286,41,0.143356643356643,0.117132867132867,0.882867132867133,0.206825517140202
loc25487_pos19,FALSE,293,33,0.112627986348123,0.916382252559727,0.0836177474402731,0.153251639506576
loc25524_pos7,FALSE,297,59,0.198653198653199,0.163299663299663,0.836700336700337,0.27326576653176
loc25553_pos113,FALSE,295,69,0.233898305084746,0.794915254237288,0.205084745762712,0.326049985636311
loc25588_pos24,FALSE,307,86,0.280130293159609,0.182410423452769,0.817589576547231,0.298273721737101
loc25590_pos116,FALSE,261,90,0.344827586206897,0.651340996168582,0.348659003831418,0.454191805757402
loc25599_pos47,FALSE,297,75,0.252525252525253,0.779461279461279,0.220538720538721,0.343802786563729
loc25602_pos33,FALSE,265,31,0.116981132075472,0.926415094339623,0.0735849056603773,0.136340334638661
loc25604_pos66,FALSE,284,56,0.197183098591549,0.859154929577465,0.140845070422535,0.242015473120413
loc25607_pos105,FALSE,294,79,0.268707482993197,0.25,0.75,0.375
loc25608_pos5,FALSE,288,36,0.125,0.0763888888888889,0.923611111111111,0.14110725308642
loc25623_pos23,FALSE,279,31,0.111111111111111,0.883512544802867,0.116487455197133,0.205836255957657
loc25634_pos127,FALSE,285,19,0.0666666666666667,0.9,0.1,0.18
loc25676_pos91,FALSE,267,77,0.288389513108614,0.780898876404494,0.219101123595506,0.342191642469385
loc25679_pos96,FALSE,266,54,0.203007518796992,0.808270676691729,0.191729323308271,0.309938379784047
loc25687_pos12,FALSE,283,44,0.15547703180212,0.855123674911661,0.144876325088339,0.247774351034474
loc25691_pos11,FALSE,280,32,0.114285714285714,0.910714285714286,0.0892857142857143,0.162627551020408
loc25709_pos145,FALSE,259,35,0.135135135135135,0.866795366795367,0.133204633204633,0.230922317794905
loc25712_pos27,FALSE,295,69,0.233898305084746,0.815254237288136,0.184745762711864,0.301229531743752
loc25728_pos4,FALSE,265,11,0.0415094339622641,0.949056603773585,0.0509433962264151,0.0966963332146671
loc25730_pos60,FALSE,269,41,0.152416356877323,0.21003717472119,0.78996282527881,0.33184311991266
loc25739_pos20,FALSE,291,106,0.36426116838488,0.302405498281787,0.697594501718213,0.421912825781462
loc25746_pos3,FALSE,276,81,0.293478260869565,0.76268115942029,0.23731884057971,0.361997216971225
loc25761_pos11,FALSE,278,49,0.176258992805755,0.861510791366906,0.138489208633094,0.238619895450546
loc25773_pos8,FALSE,295,23,0.0779661016949153,0.930508474576271,0.0694915254237288,0.129324906636024
loc25829_pos6,FALSE,262,44,0.16793893129771,0.893129770992366,0.106870229007634,0.190897966318979
loc25833_pos101,FALSE,280,33,0.117857142857143,0.901785714285714,0.0982142857142857,0.177136479591837
loc25861_pos83,FALSE,303,45,0.148514851485149,0.892739273927393,0.107260726072607,0.191511725429969
loc25887_pos54,FALSE,264,24,0.0909090909090909,0.924242424242424,0.0757575757575758,0.140036730945822
loc25898_pos4,FALSE,283,25,0.088339222614841,0.931095406360424,0.068904593639576,0.128313501229882
loc25924_pos73,FALSE,290,124,0.427586206896552,0.555172413793103,0.444827586206897,0.493912009512485
loc25931_pos5,FALSE,279,33,0.118279569892473,0.937275985663082,0.0627240143369175,0.117579424724759
loc25957_pos34,FALSE,276,24,0.0869565217391304,0.942028985507246,0.0579710144927537,0.109220751942869
loc25963_pos18,FALSE,282,87,0.308510638297872,0.271276595744681,0.728723404255319,0.395371208691716
loc25967_pos19,FALSE,263,21,0.0798479087452472,0.948669201520912,0.0513307984790875,0.0973918952131736
loc25969_pos18,FALSE,267,85,0.318352059925094,0.279026217228464,0.720973782771536,0.402341174655276
loc25976_pos12,FALSE,280,29,0.103571428571429,0.933928571428571,0.0660714285714286,0.123411989795918
loc25979_pos13,FALSE,269,101,0.37546468401487,0.306691449814126,0.693308550185874,0.425263608850071
loc25983_pos33,FALSE,274,34,0.124087591240876,0.916058394160584,0.083941605839416,0.153790825297032
loc25995_pos31,FALSE,281,28,0.099644128113879,0.928825622775801,0.0711743772241993,0.132217170501893
loc25998_pos2,FALSE,283,81,0.286219081272085,0.220848056537102,0.779151943462898,0.344148384921775
loc26008_pos101,FALSE,289,57,0.197231833910035,0.828719723183391,0.171280276816609,0.28388668718047
loc26044_pos63,FALSE,302,76,0.251655629139073,0.705298013245033,0.294701986754967,0.415705451515284
loc26049_pos16,FALSE,267,48,0.179775280898876,0.146067415730337,0.853932584269663,0.249463451584396
loc26054_pos12,FALSE,285,93,0.326315789473684,0.433333333333333,0.566666666666667,0.491111111111111
loc26066_pos111,FALSE,290,104,0.358620689655172,0.593103448275862,0.406896551724138,0.482663495838288
loc26118_pos50,FALSE,281,94,0.334519572953737,0.725978647686833,0.274021352313167,0.397867301579261
loc26130_pos11,FALSE,296,30,0.101351351351351,0.929054054054054,0.0709459459459459,0.131825237399562
loc26151_pos5,FALSE,297,56,0.188552188552189,0.131313131313131,0.868686868686869,0.228139985715743
loc26168_pos6,FALSE,282,43,0.152482269503546,0.136524822695035,0.863475177304964,0.235771590966249
loc26170_pos157,FALSE,274,27,0.0985401459854015,0.0930656934306569,0.906934306569343,0.168808940273856
loc26183_pos119,FALSE,262,15,0.0572519083969466,0.944656488549618,0.0553435114503816,0.104561214381446
loc26210_pos16,FALSE,277,42,0.151624548736462,0.891696750902527,0.108303249097473,0.193147310664807
loc26212_pos12,FALSE,272,100,0.367647058823529,0.356617647058824,0.643382352941176,0.458883001730104
loc26254_pos3,FALSE,277,73,0.263537906137184,0.22202166064982,0.77797833935018,0.345456085704232
loc26260_pos19,FALSE,274,23,0.083941605839416,0.0821167883211679,0.917883211678832,0.150747242793969
loc26274_pos96,FALSE,277,40,0.144404332129964,0.891696750902527,0.108303249097473,0.193147310664807
loc26282_pos109,FALSE,266,20,0.075187969924812,0.943609022556391,0.056390977443609,0.106422070213127
loc26292_pos98,FALSE,270,101,0.374074074074074,0.568518518518519,0.431481481481481,0.490610425240055
loc26310_pos47,FALSE,289,35,0.121107266435986,0.92560553633218,0.0743944636678201,0.137719854886795
loc26311_pos23,FALSE,279,100,0.3584229390681,0.458781362007168,0.541218637992832,0.496602047764032
loc26325_pos30,FALSE,292,20,0.0684931506849315,0.0719178082191781,0.928082191780822,0.133491274160255
loc26328_pos7,FALSE,272,75,0.275735294117647,0.71875,0.28125,0.404296875
loc26330_pos103,FALSE,277,19,0.0685920577617329,0.0631768953068592,0.936823104693141,0.118371150412491
loc26339_pos2,FALSE,286,79,0.276223776223776,0.722027972027972,0.277972027972028,0.401407159274292
loc26350_pos14,FALSE,273,50,0.183150183150183,0.67032967032967,0.32967032967033,0.441975606810772
loc26352_pos19,FALSE,291,73,0.25085910652921,0.689003436426117,0.310996563573883,0.428555402038238
loc26365_pos0,FALSE,283,128,0.452296819787986,0.554770318021201,0.445229681978799,0.494000424527713
loc26374_pos4,FALSE,291,28,0.0962199312714777,0.927835051546392,0.0721649484536082,0.133914337336593
loc26388_pos20,FALSE,283,48,0.169611307420495,0.869257950530035,0.130742049469965,0.227297131940716
loc26406_pos27,FALSE,265,28,0.105660377358491,0.924528301886792,0.0754716981132075,0.139551441794233
loc26431_pos3,FALSE,308,23,0.0746753246753247,0.946428571428571,0.0535714285714286,0.10140306122449
loc26433_pos8,FALSE,285,28,0.0982456140350877,0.929824561403509,0.0701754385964912,0.130501692828563
loc26464_pos15,FALSE,271,80,0.29520295202952,0.287822878228782,0.712177121771218,0.409961737993764
loc26472_pos13,FALSE,267,30,0.112359550561798,0.925093632958802,0.0749063670411985,0.138590806435775
loc26494_pos3,FALSE,281,41,0.145907473309609,0.119217081850534,0.880782918149466,0.210008738491154
loc26501_pos19,FALSE,280,61,0.217857142857143,0.183928571428571,0.816071428571429,0.300197704081633
loc26523_pos19,FALSE,298,76,0.25503355704698,0.842281879194631,0.157718120805369,0.265686230349984
loc26530_pos2,FALSE,292,44,0.150684931506849,0.866438356164384,0.133561643835616,0.231445862263089
loc26539_pos30,FALSE,281,116,0.412811387900356,0.459074733096085,0.540925266903915,0.496650245057687
loc26621_pos15,FALSE,260,52,0.2,0.688461538461538,0.311538461538462,0.42896449704142
loc26629_pos11,FALSE,270,38,0.140740740740741,0.892592592592593,0.107407407407407,0.191742112482853
loc26671_pos63,FALSE,297,91,0.306397306397306,0.304713804713805,0.695286195286195,0.423726603861284
loc26703_pos7,FALSE,261,41,0.157088122605364,0.909961685823755,0.0900383141762452,0.16386283231309
loc26715_pos10,FALSE,292,134,0.458904109589041,0.356164383561644,0.643835616438356,0.458622630887596
loc26727_pos3,FALSE,264,81,0.306818181818182,0.808712121212121,0.191287878787879,0.309393652433425
loc26762_pos2,FALSE,301,14,0.0465116279069767,0.943521594684385,0.0564784053156147,0.10657719009724
loc26764_pos0,FALSE,260,64,0.246153846153846,0.8,0.2,0.32
loc26808_pos82,FALSE,263,73,0.277566539923954,0.302281368821293,0.697718631178707,0.421814685769637
loc26813_pos13,FALSE,269,41,0.152416356877323,0.894052044609665,0.105947955390335,0.189445972277884
loc26873_pos49,FALSE,261,66,0.252873563218391,0.222222222222222,0.777777777777778,0.345679012345679
loc26884_pos2,FALSE,269,77,0.286245353159851,0.276951672862454,0.723048327137547,0.400498887522284
loc26887_pos96,FALSE,286,64,0.223776223776224,0.160839160839161,0.839160839160839,0.269939850359431
loc26893_pos10,FALSE,291,59,0.202749140893471,0.238831615120275,0.761168384879725,0.363582149478632
loc26902_pos3,FALSE,279,59,0.211469534050179,0.840501792114695,0.159498207885305,0.268117059133362
loc26909_pos37,FALSE,287,63,0.219512195121951,0.827526132404181,0.172473867595819,0.285453265184718
loc26921_pos16,FALSE,278,78,0.280575539568345,0.76978417266187,0.23021582733813,0.3544330003623
loc26954_pos4,FALSE,270,21,0.0777777777777778,0.857407407407407,0.142592592592593,0.244519890260631
loc26968_pos2,FALSE,276,28,0.101449275362319,0.115942028985507,0.884057971014493,0.204998949800462
loc26983_pos112,FALSE,288,38,0.131944444444444,0.916666666666667,0.0833333333333334,0.152777777777778
loc26993_pos95,FALSE,301,63,0.209302325581395,0.174418604651163,0.825581395348837,0.287993510005408
loc26997_pos34,FALSE,280,59,0.210714285714286,0.758928571428571,0.241071428571429,0.365911989795918
loc27014_pos5,FALSE,268,69,0.257462686567164,0.692164179104478,0.307835820895522,0.426145856538205
loc27020_pos133,FALSE,287,118,0.411149825783972,0.54006968641115,0.45993031358885,0.496788840461824
loc27035_pos123,FALSE,298,38,0.12751677852349,0.909395973154362,0.0906040268456376,0.164789874329985
loc27036_pos11,FALSE,276,34,0.123188405797101,0.884057971014493,0.115942028985507,0.204998949800462
loc27055_pos12,FALSE,285,47,0.164912280701754,0.885964912280702,0.114035087719298,0.2020621729763
loc27086_pos6,FALSE,288,18,0.0625,0.947916666666667,0.0520833333333334,0.0987413194444445
loc27091_pos23,FALSE,269,40,0.148698884758364,0.910780669144981,0.0892193308550185,0.162518483713603
loc27093_pos9,FALSE,279,53,0.189964157706093,0.829749103942652,0.170250896057348,0.282531056898036
loc27099_pos36,FALSE,280,106,0.378571428571429,0.407142857142857,0.592857142857143,0.482755102040816
loc27117_pos105,FALSE,259,22,0.0849420849420849,0.94980694980695,0.0501930501930502,0.0953474158107363
loc27125_pos4,FALSE,261,38,0.145593869731801,0.10727969348659,0.89272030651341,0.191541521704027
loc27134_pos2,FALSE,269,27,0.100371747211896,0.0687732342007435,0.931226765799257,0.128086952916626
loc27137_pos2,FALSE,275,13,0.0472727272727273,0.947272727272727,0.0527272727272727,0.0998942148760331
loc27170_pos75,FALSE,313,75,0.23961661341853,0.119808306709265,0.880191693290735,0.210908552705448
loc27185_pos22,FALSE,273,68,0.249084249084249,0.216117216117216,0.783882783882784,0.338821130029921
loc27206_pos16,FALSE,284,85,0.299295774647887,0.734154929577465,0.265845070422535,0.390342937909145
loc27209_pos4,FALSE,262,54,0.206106870229008,0.66412213740458,0.33587786259542,0.446127848027504
loc27233_pos14,FALSE,297,60,0.202020202020202,0.855218855218855,0.144781144781145,0.247639129794012
loc27281_pos28,FALSE,262,68,0.259541984732824,0.782442748091603,0.217557251908397,0.340452188100926
loc27300_pos9,FALSE,285,36,0.126315789473684,0.91578947368421,0.0842105263157895,0.154238227146814
loc27338_pos20,FALSE,297,92,0.30976430976431,0.34006734006734,0.65993265993266,0.448843088573728
loc27407_pos7,FALSE,299,34,0.11371237458194,0.939799331103679,0.060200668896321,0.113153096721513
loc27418_pos10,FALSE,289,77,0.26643598615917,0.181660899653979,0.818339100346021,0.297320434381772
loc27445_pos11,FALSE,291,76,0.261168384879725,0.762886597938144,0.237113402061856,0.361781273249017
loc27457_pos55,FALSE,274,106,0.386861313868613,0.361313868613139,0.638686131386861,0.461532313921892
loc27471_pos6,FALSE,264,23,0.0871212121212121,0.945075757575758,0.0549242424242424,0.103815140036731
loc27473_pos6,FALSE,290,151,0.520689655172414,0.491379310344828,0.508620689655172,0.499851367419738
loc27480_pos6,FALSE,303,45,0.148514851485149,0.886138613861386,0.113861386138614,0.201793941770415
loc27483_pos36,FALSE,298,107,0.359060402684564,0.414429530201342,0.585570469798658,0.485355389396874
loc27497_pos14,FALSE,285,64,0.224561403508772,0.817543859649123,0.182456140350877,0.298331794398276
loc27518_pos35,FALSE,269,104,0.386617100371747,0.579925650557621,0.420074349442379,0.487223780765882
loc27532_pos164,FALSE,279,126,0.451612903225806,0.559139784946237,0.440860215053763,0.493004971673026
loc27539_pos56,FALSE,303,81,0.267326732673267,0.16996699669967,0.83003300330033,0.282156433465129
loc27570_pos34,FALSE,292,108,0.36986301369863,0.308219178082192,0.691780821917808,0.42644023268906
loc27675_pos4,FALSE,269,33,0.122676579925651,0.901486988847584,0.0985130111524164,0.177616395572201
loc27679_pos11,FALSE,280,88,0.314285714285714,0.767857142857143,0.232142857142857,0.356505102040816
loc27685_pos17,FALSE,259,74,0.285714285714286,0.297297297297297,0.702702702702703,0.417823228634039
loc27712_pos9,FALSE,297,61,0.205387205387205,0.186868686868687,0.813131313131313,0.303897561473319
loc27757_pos126,FALSE,301,132,0.438538205980066,0.538205980066445,0.461794019933555,0.497080606174325
loc27759_pos3,FALSE,296,106,0.358108108108108,0.574324324324324,0.425675675675676,0.488951789627465
loc27767_pos9,FALSE,262,29,0.110687022900763,0.929389312977099,0.0706106870229007,0.131249635802109
loc27769_pos6,FALSE,279,86,0.308243727598566,0.777777777777778,0.222222222222222,0.345679012345679
loc27771_pos7,FALSE,288,33,0.114583333333333,0.911458333333333,0.0885416666666666,0.161404079861111
loc27777_pos13,FALSE,284,25,0.0880281690140845,0.938380281690141,0.0616197183098591,0.115645457250545
loc27782_pos17,FALSE,291,59,0.202749140893471,0.881443298969072,0.118556701030928,0.209002019343182
loc27790_pos12,FALSE,264,95,0.359848484848485,0.543560606060606,0.456439393939394,0.496204947199265
loc27791_pos10,FALSE,296,128,0.432432432432432,0.493243243243243,0.506756756756757,0.49990869247626
loc27806_pos15,FALSE,291,66,0.22680412371134,0.164948453608247,0.835051546391753,0.275480922520991
loc27813_pos132,FALSE,294,34,0.115646258503401,0.928571428571429,0.0714285714285714,0.13265306122449
loc27849_pos99,FALSE,291,52,0.178694158075601,0.865979381443299,0.134020618556701,0.23211818471676
loc27853_pos4,FALSE,267,78,0.292134831460674,0.677902621722846,0.322097378277154,0.436701314368276
loc27899_pos9,FALSE,276,53,0.192028985507246,0.795289855072464,0.204710144927536,0.325607802982567
loc27909_pos7,FALSE,264,39,0.147727272727273,0.145833333333333,0.854166666666667,0.249131944444444
loc27947_pos17,FALSE,279,38,0.136200716845878,0.813620071684588,0.186379928315412,0.303284901273108
loc27966_pos118,FALSE,280,43,0.153571428571429,0.866071428571429,0.133928571428571,0.231983418367347
loc27975_pos10,FALSE,260,40,0.153846153846154,0.861538461538462,0.138461538461538,0.238579881656805
loc27978_pos15,FALSE,288,46,0.159722222222222,0.902777777777778,0.0972222222222222,0.17554012345679
loc27979_pos5,FALSE,270,85,0.314814814814815,0.753703703703704,0.246296296296296,0.371268861454047
loc28010_pos34,FALSE,282,49,0.173758865248227,0.849290780141844,0.150709219858156,0.255991901815804
loc28035_pos64,FALSE,264,34,0.128787878787879,0.859848484848485,0.140151515151515,0.2410181359045
loc28048_pos103,FALSE,301,40,0.132890365448505,0.903654485049834,0.0963455149501661,0.174126113398307
loc28065_pos2,FALSE,273,55,0.201465201465201,0.826007326007326,0.173992673992674,0.287438446779106
loc28075_pos10,FALSE,295,43,0.145762711864407,0.0796610169491525,0.920338983050847,0.146630278655559
loc28082_pos18,FALSE,274,84,0.306569343065693,0.72992700729927,0.27007299270073,0.394267142628803
loc28107_pos7,FALSE,264,37,0.140151515151515,0.90719696969697,0.0928030303030303,0.16838125573921
loc28108_pos10,FALSE,299,141,0.471571906354515,0.489966555183946,0.510033444816054,0.499798659970246
loc28117_pos8,FALSE,298,48,0.161073825503356,0.852348993288591,0.147651006711409,0.251700373857033
loc28135_pos17,FALSE,264,43,0.162878787878788,0.884469696969697,0.115530303030303,0.204366104224059
loc28136_pos28,FALSE,263,21,0.0798479087452472,0.94106463878327,0.05893536121673,0.110923968829967
loc28137_pos131,FALSE,295,39,0.132203389830508,0.893220338983051,0.106779661016949,0.190755530020109
loc28139_pos24,FALSE,270,34,0.125925925925926,0.87037037037037,0.12962962962963,0.225651577503429
loc28146_pos16,FALSE,264,57,0.215909090909091,0.767045454545455,0.232954545454545,0.357373450413223
loc28180_pos6,FALSE,261,21,0.0804597701149425,0.932950191570881,0.0670498084291188,0.125108263237475
loc28197_pos11,FALSE,270,69,0.255555555555556,0.827777777777778,0.172222222222222,0.285123456790124
loc28198_pos2,FALSE,262,52,0.198473282442748,0.83969465648855,0.16030534351145,0.269215080706253
loc28204_pos5,FALSE,274,67,0.244525547445255,0.764598540145985,0.235401459854015,0.359975225105227
loc28211_pos127,FALSE,292,103,0.352739726027397,0.720890410958904,0.279109589041096,0.402414852692813
loc28215_pos13,FALSE,289,63,0.217993079584775,0.140138408304498,0.859861591695502,0.24099926964476
loc28220_pos5,FALSE,267,95,0.355805243445693,0.335205992509363,0.664794007490637,0.445685870190352
loc28250_pos4,FALSE,279,81,0.290322580645161,0.60752688172043,0.39247311827957,0.476875939414961
loc28258_pos9,FALSE,270,76,0.281481481481481,0.255555555555556,0.744444444444444,0.380493827160494
loc28272_pos58,FALSE,261,77,0.295019157088123,0.381226053639847,0.618773946360153,0.471785499332071
loc28286_pos13,FALSE,270,87,0.322222222222222,0.575925925925926,0.424074074074074,0.488470507544582
loc28297_pos8,FALSE,296,97,0.327702702702703,0.663851351351351,0.336148648648649,0.446305469320672
loc28303_pos15,FALSE,286,66,0.230769230769231,0.800699300699301,0.199300699300699,0.319159861117903
loc28327_pos25,FALSE,283,38,0.134275618374558,0.918727915194346,0.0812720848056537,0.149333866073993
loc28336_pos120,FALSE,279,72,0.258064516129032,0.781362007168459,0.218637992831541,0.341670841844272
loc28346_pos59,FALSE,275,45,0.163636363636364,0.9,0.1,0.18
loc28347_pos42,FALSE,264,79,0.299242424242424,0.62310606060606,0.376893939393939,0.469689795684114
loc28376_pos95,FALSE,282,28,0.099290780141844,0.929078014184397,0.0709219858156028,0.131784115487149
loc28399_pos2,FALSE,267,25,0.0936329588014981,0.919475655430712,0.0805243445692884,0.14808034900195
loc28411_pos17,FALSE,259,57,0.22007722007722,0.808880308880309,0.191119691119691,0.30918590957201
loc28415_pos17,FALSE,271,25,0.0922509225092251,0.939114391143911,0.0608856088560885,0.114357102980624
loc28450_pos2,FALSE,298,124,0.416107382550336,0.647651006711409,0.352348993288591,0.456398360434215
loc28469_pos5,FALSE,293,30,0.102389078498294,0.928327645051195,0.0716723549488054,0.133070856969796
loc28476_pos11,FALSE,269,124,0.460966542750929,0.360594795539033,0.639405204460967,0.461132377938392
loc28492_pos18,FALSE,272,108,0.397058823529412,0.474264705882353,0.525735294117647,0.498675389273356
loc28493_pos27,FALSE,282,62,0.219858156028369,0.156028368794326,0.843971631205674,0.263367033851416
loc28497_pos45,FALSE,289,34,0.117647058823529,0.100346020761246,0.899653979238754,0.180553393757259
loc28512_pos35,FALSE,287,26,0.0905923344947735,0.0871080139372822,0.912891986062718,0.159040415690369
loc28520_pos44,FALSE,297,27,0.0909090909090909,0.947811447811448,0.0521885521885522,0.09892981441803
loc28526_pos4,FALSE,285,134,0.470175438596491,0.515789473684211,0.484210526315789,0.499501385041551
loc28529_pos139,FALSE,267,36,0.134831460674157,0.913857677902622,0.0861423220973783,0.1574436448821
loc28533_pos37,FALSE,288,24,0.0833333333333333,0.0833333333333333,0.916666666666667,0.152777777777778
loc28558_pos6,FALSE,274,44,0.160583941605839,0.145985401459854,0.854014598540146,0.249347328040918
loc28563_pos211,FALSE,260,52,0.2,0.234615384615385,0.765384615384615,0.35914201183432
loc28592_pos4,FALSE,291,87,0.298969072164948,0.805841924398625,0.194158075601375,0.312921434560291
loc28594_pos11,FALSE,286,57,0.199300699300699,0.173076923076923,0.826923076923077,0.286242603550296
loc28623_pos105,FALSE,303,34,0.112211221122112,0.924092409240924,0.0759075907590759,0.140291256848457
loc28634_pos0,FALSE,289,48,0.166089965397924,0.114186851211073,0.885813148788927,0.202296428443146
loc28640_pos33,FALSE,299,39,0.130434782608696,0.0953177257525084,0.904682274247492,0.172464513819756
loc28646_pos7,FALSE,298,35,0.11744966442953,0.917785234899329,0.0822147651006712,0.150910995000225
loc28657_pos32,FALSE,266,36,0.135338345864662,0.0864661654135338,0.913533834586466,0.157979535304426
loc28665_pos0,FALSE,275,25,0.0909090909090909,0.936363636363636,0.0636363636363636,0.119173553719008
loc28678_pos16,FALSE,259,26,0.1003861003861,0.0965250965250965,0.903474903474903,0.174416004531835
loc28682_pos28,FALSE,293,37,0.126279863481229,0.0870307167235495,0.91296928327645,0.15891274214027
loc28692_pos14,FALSE,260,80,0.307692307692308,0.353846153846154,0.646153846153846,0.457278106508876
loc28693_pos12,FALSE,296,70,0.236486486486486,0.800675675675676,0.199324324324324,0.319188276113952
loc28704_pos15,FALSE,278,41,0.147482014388489,0.106115107913669,0.893884892086331,0.189709383572279
loc28706_pos7,FALSE,305,36,0.118032786885246,0.911475409836066,0.0885245901639344,0.161375974200484
loc28717_pos19,FALSE,274,25,0.0912408759124088,0.943430656934307,0.0565693430656934,0.106738504981619
loc28743_pos6,FALSE,274,44,0.160583941605839,0.138686131386861,0.861313868613139,0.238904576695615
loc28750_pos10,FALSE,289,27,0.0934256055363322,0.942906574394464,0.0570934256055363,0.107667532716323
loc28767_pos49,FALSE,298,23,0.0771812080536913,0.947986577181208,0.052013422818792,0.098616053330931
loc28773_pos78,FALSE,298,117,0.39261744966443,0.656040268456376,0.343959731543624,0.451302869240124
loc28791_pos83,FALSE,293,56,0.191126279863481,0.856655290102389,0.143344709897611,0.245594008083961
loc28800_pos98,FALSE,263,60,0.228136882129278,0.847908745247148,0.152091254752852,0.25791900996111
loc28815_pos57,FALSE,294,100,0.340136054421769,0.673469387755102,0.326530612244898,0.43981674302374
loc28837_pos3,FALSE,271,99,0.365313653136531,0.341328413284133,0.658671586715867,0.449646655138138
loc28838_pos30,FALSE,281,45,0.160142348754448,0.909252669039146,0.0907473309608541,0.165024505768671
loc28841_pos117,FALSE,290,91,0.313793103448276,0.756896551724138,0.243103448275862,0.368008323424495
loc28856_pos54,FALSE,305,37,0.121311475409836,0.929508196721311,0.0704918032786885,0.131045417898414
loc28877_pos79,FALSE,267,106,0.397003745318352,0.677902621722846,0.322097378277154,0.436701314368276
loc28878_pos1,FALSE,305,53,0.173770491803279,0.89672131147541,0.10327868852459,0.185224402042462
loc28882_pos12,FALSE,303,135,0.445544554455446,0.526402640264026,0.473597359735974,0.498605801174177
loc28885_pos40,FALSE,270,115,0.425925925925926,0.494444444444444,0.505555555555556,0.499938271604938
loc28890_pos15,FALSE,274,88,0.321167883211679,0.784671532846715,0.215328467153285,0.337924236773403
loc28913_pos18,FALSE,270,77,0.285185185185185,0.398148148148148,0.601851851851852,0.479252400548697
loc28922_pos21,FALSE,275,60,0.218181818181818,0.84,0.16,0.2688
loc28948_pos19,FALSE,298,40,0.134228187919463,0.0973154362416107,0.902684563758389,0.175690284221431
loc28961_pos93,FALSE,276,27,0.0978260869565217,0.0706521739130435,0.929347826086957,0.131320888468809
loc28964_pos18,FALSE,301,34,0.112956810631229,0.129568106312292,0.870431893687708,0.225560424277878
loc28970_pos118,FALSE,280,21,0.075,0.944642857142857,0.0553571428571429,0.104585459183674
loc28984_pos93,FALSE,281,87,0.309608540925267,0.713523131672598,0.286476868327402,0.408815744481453
loc28994_pos53,FALSE,288,51,0.177083333333333,0.866319444444444,0.133680555555556,0.231620129243827
loc29000_pos32,FALSE,289,101,0.349480968858132,0.714532871972318,0.285467128027682,0.407951293686618
loc29021_pos14,FALSE,272,70,0.257352941176471,0.216911764705882,0.783088235294118,0.339722102076125
loc29025_pos28,FALSE,292,104,0.356164383561644,0.428082191780822,0.571917808219178,0.489655657721899
loc29046_pos22,FALSE,259,63,0.243243243243243,0.777992277992278,0.222007722007722,0.345440586753328
loc29059_pos53,FALSE,295,131,0.44406779661017,0.479661016949153,0.520338983050847,0.499172651536915
loc29060_pos14,FALSE,285,49,0.171929824561404,0.854385964912281,0.145614035087719,0.248821175746384
loc29123_pos20,FALSE,294,75,0.255102040816327,0.790816326530612,0.209183673469388,0.330851728446481
loc29133_pos3,FALSE,284,93,0.327464788732394,0.265845070422535,0.734154929577465,0.390342937909145
loc29137_pos4,FALSE,301,42,0.13953488372093,0.930232558139535,0.0697674418604651,0.129799891833423
loc29142_pos151,FALSE,296,31,0.10472972972973,0.927364864864865,0.0726351351351351,0.134718544558072
loc29168_pos97,FALSE,301,59,0.196013289036545,0.832225913621262,0.167774086378738,0.279251884637035
loc29169_pos25,FALSE,292,61,0.208904109589041,0.193493150684932,0.806506849315068,0.3121071026459
loc29181_pos6,FALSE,296,126,0.425675675675676,0.668918918918919,0.331081081081081,0.442932797662527
loc29189_pos24,FALSE,265,61,0.230188679245283,0.858490566037736,0.141509433962264,0.242969028123887
loc29203_pos11,FALSE,293,36,0.122866894197952,0.0921501706484642,0.907849829351536,0.167317033395846
loc29213_pos125,FALSE,309,79,0.255663430420712,0.1957928802589,0.8042071197411,0.314916056597648
loc29217_pos27,FALSE,280,30,0.107142857142857,0.1,0.9,0.18
loc29234_pos55,FALSE,302,75,0.248344370860927,0.809602649006622,0.190397350993378,0.308292399456164
loc29246_pos19,FALSE,284,89,0.313380281690141,0.230633802816901,0.769366197183099,0.354883703630232
loc29295_pos6,FALSE,300,71,0.236666666666667,0.148333333333333,0.851666666666667,0.252661111111111
loc29305_pos32,FALSE,284,7,0.0246478873239437,0.0580985915492958,0.941901408450704,0.109446290418568
loc29319_pos20,FALSE,285,107,0.375438596491228,0.692982456140351,0.307017543859649,0.425515543244075
loc29351_pos11,FALSE,265,30,0.113207547169811,0.913207547169811,0.0867924528301887,0.158519045923816
loc29383_pos118,FALSE,277,31,0.111913357400722,0.889891696750903,0.110108303249097,0.195968929609405
loc29394_pos21,FALSE,283,61,0.215547703180212,0.839222614840989,0.160777385159011,0.269856035160884
loc29403_pos59,FALSE,284,27,0.0950704225352113,0.910211267605634,0.0897887323943662,0.163453431858758
loc29404_pos59,FALSE,273,34,0.124542124542125,0.879120879120879,0.120879120879121,0.212534718029224
loc29420_pos20,FALSE,299,25,0.0836120401337793,0.944816053511706,0.0551839464882943,0.104277357076543
loc29440_pos69,FALSE,297,45,0.151515151515152,0.0892255892255892,0.910774410774411,0.162528766905871
loc29459_pos72,FALSE,275,21,0.0763636363636364,0.932727272727273,0.0672727272727273,0.125494214876033
loc29470_pos107,FALSE,276,45,0.16304347826087,0.117753623188406,0.882246376811594,0.207775414828817
loc29479_pos35,FALSE,308,16,0.051948051948052,0.941558441558442,0.0584415584415584,0.110052285376961
loc29503_pos123,FALSE,309,97,0.313915857605178,0.768608414239482,0.231391585760518,0.355699039599501
loc29511_pos13,FALSE,269,28,0.104089219330855,0.903345724907063,0.0966542750929368,0.174624452398391
loc29530_pos20,FALSE,305,42,0.137704918032787,0.914754098360656,0.0852459016393443,0.155958075786079
loc29537_pos2,FALSE,268,69,0.257462686567164,0.763059701492537,0.236940298507463,0.361599186901314
loc29646_pos58,FALSE,292,109,0.373287671232877,0.309931506849315,0.690068493150685,0.427747935822856
loc29656_pos34,FALSE,292,111,0.38013698630137,0.573630136986301,0.426369863013699,0.489157205854757
loc29672_pos41,FALSE,298,28,0.0939597315436242,0.0805369127516778,0.919463087248322,0.148101436872213
loc29673_pos6,FALSE,287,23,0.0801393728222996,0.925087108013937,0.0749128919860628,0.138601901200695
loc29676_pos16,FALSE,283,48,0.169611307420495,0.886925795053004,0.113074204946996,0.200576858245202
loc29684_pos14,FALSE,297,61,0.205387205387205,0.81986531986532,0.18013468013468,0.295372354294913
loc29693_pos10,FALSE,263,40,0.152091254752852,0.182509505703422,0.817490494296578,0.298399572062629
loc29699_pos0,FALSE,282,33,0.117021276595745,0.906028368794326,0.0939716312056738,0.170281927468437
loc29703_pos2,FALSE,272,26,0.0955882352941176,0.941176470588235,0.0588235294117647,0.110726643598616
loc29711_pos18,FALSE,283,46,0.162544169611307,0.144876325088339,0.855123674911661,0.247774351034474
loc29720_pos27,FALSE,289,19,0.0657439446366782,0.0501730103806228,0.949826989619377,0.0953113588199375
loc29728_pos106,FALSE,291,44,0.151202749140893,0.883161512027491,0.116838487972509,0.206374511401613
loc29755_pos2,FALSE,284,41,0.144366197183099,0.89612676056338,0.10387323943662,0.186167179131125
loc29764_pos40,FALSE,296,75,0.253378378378378,0.184121621621622,0.815878378378378,0.300441700146092
loc29772_pos113,FALSE,296,57,0.192567567567568,0.859797297297297,0.140202702702703,0.241091809715121
loc29774_pos9,FALSE,271,30,0.11070110701107,0.900369003690037,0.0996309963099631,0.179409321768494
loc29789_pos8,FALSE,276,95,0.344202898550725,0.505434782608696,0.494565217391304,0.499940926275992
loc29794_pos15,FALSE,302,97,0.321192052980132,0.25,0.75,0.375
loc29795_pos111,FALSE,270,25,0.0925925925925926,0.946296296296296,0.0537037037037037,0.101639231824417
loc29799_pos12,FALSE,299,114,0.381270903010033,0.518394648829431,0.481605351170569,0.499323273788884
loc29824_pos102,FALSE,303,108,0.356435643564356,0.663366336633663,0.336633663366337,0.446622880109793
loc29827_pos57,FALSE,265,27,0.10188679245283,0.907547169811321,0.0924528301886792,0.167810608757565
loc29831_pos42,FALSE,302,69,0.228476821192053,0.170529801324503,0.829470198675497,0.282898776369457
loc29863_pos98,FALSE,289,70,0.242214532871972,0.740484429065744,0.259515570934256,0.384334478753846
loc29877_pos10,FALSE,269,50,0.185873605947955,0.862453531598513,0.137546468401487,0.237254874863531
loc29882_pos5,FALSE,288,71,0.246527777777778,0.237847222222222,0.762152777777778,0.36255184220679
loc29917_pos30,FALSE,289,72,0.249134948096886,0.214532871972318,0.785467128027682,0.337017037631254
loc29929_pos15,FALSE,263,33,0.125475285171103,0.891634980988593,0.108365019011407,0.193244083332129
loc29940_pos13,FALSE,273,47,0.172161172161172,0.855311355311355,0.144688644688645,0.247507681573616
loc29945_pos1,FALSE,276,27,0.0978260869565217,0.932971014492754,0.0670289855072463,0.125072201218231
loc29954_pos12,FALSE,274,49,0.178832116788321,0.881386861313869,0.118613138686131,0.209088124034312
loc29963_pos8,FALSE,279,53,0.189964157706093,0.851254480286738,0.148745519713262,0.253240580156987
loc29969_pos27,FALSE,270,69,0.255555555555556,0.25,0.75,0.375
loc29975_pos83,FALSE,270,23,0.0851851851851852,0.901851851851852,0.0981481481481481,0.177030178326475
loc29979_pos46,FALSE,299,67,0.224080267558528,0.162207357859532,0.837792642140468,0.271792261831523
loc29987_pos40,FALSE,296,57,0.192567567567568,0.853040540540541,0.146959459459459,0.250724753469686
loc29993_pos27,FALSE,284,44,0.154929577464789,0.154929577464789,0.845070422535211,0.261852806982741
loc30001_pos25,FALSE,288,95,0.329861111111111,0.321180555555556,0.678819444444444,0.43604721257716
loc30016_pos98,FALSE,295,51,0.172881355932203,0.14406779661017,0.85593220338983,0.246624533180121
loc30042_pos110,FALSE,260,102,0.392307692307692,0.465384615384615,0.534615384615385,0.497603550295858
loc30047_pos12,FALSE,299,27,0.0903010033444816,0.941471571906355,0.0585284280936454,0.110205702397065
loc30051_pos30,FALSE,289,29,0.100346020761246,0.0743944636678201,0.92560553633218,0.137719854886795
loc30072_pos33,FALSE,273,38,0.139194139194139,0.208791208791209,0.791208791208791,0.330394879845429
loc30073_pos5,FALSE,275,45,0.163636363636364,0.878181818181818,0.121818181818182,0.213957024793388
loc30076_pos4,FALSE,267,55,0.205992509363296,0.870786516853933,0.129213483146067,0.225034717838657
loc30078_pos132,FALSE,299,31,0.103678929765886,0.938127090301003,0.0618729096989966,0.116089305488753
loc30109_pos3,FALSE,295,81,0.274576271186441,0.205084745762712,0.794915254237288,0.326049985636311
loc30128_pos24,FALSE,284,50,0.176056338028169,0.151408450704225,0.848591549295775,0.256967863519143
loc30136_pos93,FALSE,271,90,0.33210332103321,0.387453874538745,0.612546125461255,0.474666739287319
loc30168_pos108,FALSE,292,44,0.150684931506849,0.904109589041096,0.0958904109589042,0.173390880090073
loc30169_pos6,FALSE,263,56,0.212927756653992,0.285171102661597,0.714828897338403,0.407697089736732
loc30176_pos4,FALSE,273,103,0.377289377289377,0.305860805860806,0.694139194139194,0.424619946597969
loc30194_pos11,FALSE,260,71,0.273076923076923,0.290384615384615,0.709615384615385,0.412122781065089
loc30208_pos33,FALSE,273,104,0.380952380952381,0.593406593406593,0.406593406593407,0.482550416616351
loc30221_pos22,FALSE,297,36,0.121212121212121,0.919191919191919,0.0808080808080808,0.148556269768391
loc30227_pos97,FALSE,287,33,0.114982578397213,0.928571428571429,0.0714285714285714,0.13265306122449
loc30231_pos21,FALSE,280,31,0.110714285714286,0.919642857142857,0.0803571428571429,0.147799744897959
loc30239_pos94,FALSE,305,105,0.344262295081967,0.431147540983607,0.568852459016393,0.490518677774792
loc30246_pos44,FALSE,272,66,0.242647058823529,0.180147058823529,0.81985294117647,0.295388192041523
loc30263_pos2,FALSE,269,41,0.152416356877323,0.113382899628253,0.886617100371747,0.201054435400285
loc30269_pos8,FALSE,272,36,0.132352941176471,0.915441176470588,0.0845588235294118,0.154817257785467
loc30278_pos95,FALSE,273,41,0.15018315018315,0.91025641025641,0.0897435897435898,0.163379355687048
loc30283_pos44,FALSE,279,45,0.161290322580645,0.123655913978495,0.876344086021505,0.216730257833276
loc30324_pos32,FALSE,276,78,0.282608695652174,0.481884057971014,0.518115942028986,0.499343625288805
loc30333_pos23,FALSE,261,22,0.0842911877394636,0.10727969348659,0.89272030651341,0.191541521704027
loc30338_pos132,FALSE,267,27,0.101123595505618,0.110486891385768,0.889513108614232,0.196559076435355
loc30345_pos115,FALSE,276,78,0.282608695652174,0.242753623188406,0.757246376811594,0.367648603234615
loc30350_pos94,FALSE,289,116,0.401384083044983,0.342560553633218,0.657439446366782,0.450425641455442
loc30356_pos11,FALSE,290,137,0.472413793103448,0.570689655172414,0.429310344827586,0.49000594530321
loc30364_pos4,FALSE,259,18,0.0694980694980695,0.0501930501930502,0.94980694980695,0.0953474158107363
loc30431_pos75,FALSE,295,82,0.277966101694915,0.789830508474576,0.210169491525424,0.331996552714737
loc30437_pos20,FALSE,265,75,0.283018867924528,0.60566037735849,0.394339622641509,0.477671769312923
loc30442_pos16,FALSE,290,86,0.296551724137931,0.410344827586207,0.589655172413793,0.483923900118906
loc30456_pos19,FALSE,265,60,0.226415094339623,0.218867924528302,0.781132075471698,0.341929512281951
loc30457_pos24,FALSE,276,19,0.0688405797101449,0.936594202898551,0.0634057971014492,0.118771003990758
loc30470_pos10,FALSE,278,102,0.366906474820144,0.406474820143885,0.593525179856115,0.482506081465763
loc30475_pos20,FALSE,290,83,0.286206896551724,0.760344827586207,0.239655172413793,0.364441141498216
loc30476_pos2,FALSE,261,93,0.35632183908046,0.611111111111111,0.388888888888889,0.475308641975309
loc30488_pos77,FALSE,286,111,0.388111888111888,0.379370629370629,0.620629370629371,0.470897109883124
loc30508_pos0,FALSE,262,66,0.251908396946565,0.232824427480916,0.767175572519084,0.357234426898199
loc30528_pos48,FALSE,288,14,0.0486111111111111,0.0555555555555556,0.944444444444444,0.104938271604938
loc30555_pos20,FALSE,263,112,0.425855513307985,0.619771863117871,0.380228136882129,0.471309401610548
loc30567_pos10,FALSE,269,24,0.0892193308550186,0.0855018587360595,0.914498141263941,0.156382581777477
loc30573_pos110,FALSE,265,112,0.422641509433962,0.441509433962264,0.558490566037736,0.49315770736917
loc30575_pos12,FALSE,271,24,0.0885608856088561,0.0811808118081181,0.918819188191882,0.149180975204586
loc30587_pos6,FALSE,276,131,0.47463768115942,0.541666666666667,0.458333333333333,0.496527777777778
loc30595_pos100,FALSE,290,126,0.43448275862069,0.524137931034483,0.475862068965517,0.498834720570749
loc30596_pos6,FALSE,281,123,0.437722419928826,0.52846975088968,0.47153024911032,0.498378946568559
loc30649_pos28,FALSE,295,67,0.227118644067797,0.835593220338983,0.164406779661017,0.274754380925021
loc30651_pos17,FALSE,273,66,0.241758241758242,0.831501831501832,0.168498168498168,0.280213071421863
loc30707_pos41,FALSE,275,116,0.421818181818182,0.407272727272727,0.592727272727273,0.482803305785124
loc30710_pos93,FALSE,285,35,0.12280701754386,0.931578947368421,0.0684210526315789,0.127479224376731
loc30720_pos59,FALSE,274,60,0.218978102189781,0.791970802919708,0.208029197080292,0.329506100484842
loc30724_pos16,FALSE,286,144,0.503496503496504,0.41958041958042,0.58041958041958,0.487065382170277
loc30727_pos156,FALSE,277,90,0.324909747292419,0.306859205776173,0.693140794223827,0.425393267213179
loc30732_pos36,FALSE,264,87,0.329545454545455,0.297348484848485,0.702651515151515,0.41786472681359
loc30743_pos2,FALSE,295,147,0.498305084745763,0.449152542372881,0.550847457627119,0.494829072105717
loc30775_pos26,FALSE,273,75,0.274725274725275,0.272893772893773,0.727106227106227,0.39684552321915
loc30796_pos5,FALSE,261,36,0.137931034482759,0.850574712643678,0.149425287356322,0.254194741709605
loc30827_pos8,FALSE,308,29,0.0941558441558442,0.0698051948051948,0.930194805194805,0.129864859166807
loc30844_pos131,FALSE,270,97,0.359259259259259,0.657407407407407,0.342592592592593,0.450445816186557
loc30845_pos105,FALSE,268,44,0.164179104477612,0.876865671641791,0.123134328358209,0.215944531075963
loc30858_pos10,FALSE,263,43,0.163498098859316,0.830798479087453,0.169201520912547,0.281144732466856
loc30881_pos0,FALSE,278,20,0.0719424460431655,0.0575539568345324,0.942446043165468,0.108482997774442
loc30883_pos3,FALSE,306,31,0.101307189542484,0.926470588235294,0.0735294117647058,0.136245674740484
loc30898_pos17,FALSE,265,17,0.0641509433962264,0.933962264150943,0.0660377358490566,0.123353506585974
loc30908_pos21,FALSE,289,63,0.217993079584775,0.794117647058823,0.205882352941177,0.326989619377163
loc30910_pos13,FALSE,270,70,0.259259259259259,0.392592592592593,0.607407407407407,0.476927297668038
loc30939_pos0,FALSE,279,13,0.046594982078853,0.948028673835125,0.0519713261648745,0.0985406148430775
loc30948_pos21,FALSE,307,23,0.0749185667752443,0.94299674267101,0.0570032573289903,0.10750777196575
loc30952_pos12,FALSE,278,45,0.161870503597122,0.865107913669065,0.134892086330935,0.233392422752446
loc30957_pos4,FALSE,280,26,0.0928571428571429,0.921428571428571,0.0785714285714286,0.144795918367347
loc30969_pos9,FALSE,269,80,0.297397769516729,0.45724907063197,0.54275092936803,0.496344716076339
loc30977_pos2,FALSE,278,55,0.197841726618705,0.717625899280576,0.282374100719424,0.405277935924642
loc30981_pos2,FALSE,280,33,0.117857142857143,0.916071428571429,0.0839285714285715,0.153769132653061
loc30996_pos102,FALSE,273,77,0.282051282051282,0.217948717948718,0.782051282051282,0.340894148586456
loc31017_pos65,FALSE,304,115,0.37828947368421,0.34703947368421,0.65296052631579,0.453206154778393
loc31048_pos33,FALSE,292,41,0.14041095890411,0.909246575342466,0.0907534246575342,0.165034481140927
loc31049_pos12,FALSE,287,22,0.0766550522648084,0.944250871080139,0.0557491289198606,0.105282327089075
loc31064_pos6,FALSE,286,103,0.36013986013986,0.582167832167832,0.417832167832168,0.486496894713678
loc31066_pos23,FALSE,268,76,0.283582089552239,0.805970149253731,0.194029850746269,0.312764535531299
loc31072_pos17,FALSE,282,21,0.074468085106383,0.945035460992908,0.0549645390070922,0.10388687691766
loc31125_pos116,FALSE,291,125,0.429553264604811,0.424398625429553,0.575601374570447,0.488568864326118
loc31127_pos17,FALSE,269,40,0.148698884758364,0.903345724907063,0.0966542750929368,0.174624452398391
loc31138_pos26,FALSE,267,25,0.0936329588014981,0.934456928838951,0.0655430711610487,0.122494353967653
loc31154_pos92,FALSE,266,70,0.263157894736842,0.300751879699248,0.699248120300752,0.420600373113234
loc31203_pos169,FALSE,261,37,0.14176245210728,0.890804597701149,0.109195402298851,0.194543532831286
loc31208_pos188,FALSE,276,36,0.130434782608696,0.869565217391304,0.130434782608696,0.226843100189036
loc31216_pos3,FALSE,262,89,0.33969465648855,0.57824427480916,0.42175572519084,0.487755666919177
loc31221_pos120,FALSE,264,103,0.390151515151515,0.615530303030303,0.384469696969697,0.473305498163453
loc31230_pos21,FALSE,290,104,0.358620689655172,0.582758620689655,0.417241379310345,0.486302021403092
loc31241_pos88,FALSE,272,36,0.132352941176471,0.0919117647058824,0.908088235294118,0.166927984429066
loc31273_pos23,FALSE,293,20,0.068259385665529,0.945392491467577,0.0546075085324232,0.103251057088609
loc31280_pos148,FALSE,300,108,0.36,0.286666666666667,0.713333333333333,0.408977777777778
loc31293_pos3,FALSE,298,50,0.167785234899329,0.885906040268456,0.114093959731544,0.202153056168641
loc31323_pos6,FALSE,271,32,0.118081180811808,0.0738007380073801,0.92619926199262,0.136708378153892
loc31352_pos4,FALSE,279,90,0.32258064516129,0.698924731182796,0.301075268817204,0.420857902647705
loc31365_pos71,FALSE,297,110,0.37037037037037,0.333333333333333,0.666666666666667,0.444444444444444
loc31384_pos93,FALSE,266,55,0.206766917293233,0.832706766917293,0.167293233082707,0.278612414494884
loc31396_pos10,FALSE,266,81,0.304511278195489,0.268796992481203,0.731203007518797,0.393090338628526
loc31469_pos17,FALSE,291,118,0.405498281786942,0.40893470790378,0.59106529209622,0.48341422515086
loc31503_pos11,FALSE,290,65,0.224137931034483,0.156896551724138,0.843103448275862,0.264560047562426
loc31526_pos35,FALSE,293,33,0.112627986348123,0.91296928327645,0.0870307167235495,0.15891274214027
loc31534_pos8,FALSE,291,45,0.154639175257732,0.121993127147766,0.878006872852234,0.21422160815295
loc31541_pos5,FALSE,289,17,0.0588235294117647,0.92560553633218,0.0743944636678201,0.137719854886795
loc31542_pos1,FALSE,275,25,0.0909090909090909,0.0672727272727273,0.932727272727273,0.125494214876033
loc31549_pos118,FALSE,276,76,0.27536231884058,0.242753623188406,0.757246376811594,0.367648603234615
loc31613_pos49,FALSE,274,31,0.113138686131387,0.921532846715328,0.0784671532846716,0.144620118280143
loc31626_pos44,FALSE,282,26,0.0921985815602837,0.936170212765957,0.0638297872340425,0.119511090991399
loc31630_pos2,FALSE,270,29,0.107407407407407,0.938888888888889,0.0611111111111111,0.114753086419753
loc31636_pos4,FALSE,291,48,0.164948453608247,0.876288659793814,0.123711340206186,0.21681368902115
loc31657_pos7,FALSE,282,44,0.156028368794326,0.865248226950355,0.134751773049645,0.233187465419244
loc31672_pos11,FALSE,274,95,0.346715328467153,0.563868613138686,0.436131386861314,0.491841600511482
loc31679_pos12,FALSE,265,32,0.120754716981132,0.132075471698113,0.867924528301887,0.229263082947668
loc31703_pos102,FALSE,294,55,0.187074829931973,0.869047619047619,0.130952380952381,0.227607709750567
loc31713_pos17,FALSE,264,77,0.291666666666667,0.778409090909091,0.221590909090909,0.344976756198347
loc31715_pos24,FALSE,259,57,0.22007722007722,0.137065637065637,0.862934362934363,0.236557296402856
loc31727_pos73,FALSE,274,80,0.291970802919708,0.799270072992701,0.200729927007299,0.320874846821887
loc31733_pos95,FALSE,267,97,0.363295880149813,0.537453183520599,0.462546816479401,0.497194518088345
loc31755_pos14,FALSE,297,98,0.32996632996633,0.252525252525253,0.747474747474747,0.37751249872462
loc31758_pos105,FALSE,264,26,0.0984848484848485,0.916666666666667,0.0833333333333334,0.152777777777778
loc31787_pos7,FALSE,284,85,0.299295774647887,0.237676056338028,0.762323943661972,0.362372297163261
loc31789_pos16,FALSE,299,31,0.103678929765886,0.914715719063545,0.0852842809364549,0.156021744723213
loc31800_pos117,FALSE,292,88,0.301369863013699,0.208904109589041,0.791095890410959,0.330526365171702
loc31839_pos4,FALSE,300,27,0.09,0.941666666666667,0.0583333333333333,0.109861111111111
loc31855_pos21,FALSE,288,82,0.284722222222222,0.305555555555556,0.694444444444444,0.424382716049383
loc31869_pos9,FALSE,281,44,0.156583629893238,0.879003558718861,0.120996441281139,0.212712604956878
loc31900_pos3,FALSE,282,48,0.170212765957447,0.893617021276596,0.106382978723404,0.19013128112268
loc31903_pos99,FALSE,283,115,0.406360424028269,0.489399293286219,0.510600706713781,0.499775250034337
loc31908_pos7,FALSE,262,104,0.396946564885496,0.49236641221374,0.50763358778626,0.499883456675019
loc31927_pos69,FALSE,259,78,0.301158301158301,0.285714285714286,0.714285714285714,0.408163265306122
loc31928_pos31,FALSE,277,100,0.36101083032491,0.732851985559567,0.267148014440433,0.391559905641935
loc31931_pos16,FALSE,284,34,0.119718309859155,0.929577464788732,0.0704225352112676,0.130926403491371
loc31934_pos115,FALSE,284,41,0.144366197183099,0.920774647887324,0.079225352112676,0.145897391390597
loc31942_pos18,FALSE,292,58,0.198630136986301,0.883561643835616,0.116438356164384,0.205760930756239
loc31958_pos95,FALSE,269,53,0.197026022304833,0.786245353159851,0.213754646840149,0.336127195588784
loc31959_pos107,FALSE,300,64,0.213333333333333,0.873333333333333,0.126666666666667,0.221244444444444
loc31963_pos20,FALSE,276,74,0.268115942028986,0.188405797101449,0.811594202898551,0.305818105440034
loc31988_pos20,FALSE,271,24,0.0885608856088561,0.874538745387454,0.125461254612546,0.219441456407184
loc32013_pos39,FALSE,267,42,0.157303370786517,0.183520599250936,0.816479400749064,0.299681577803027
loc32024_pos70,FALSE,298,55,0.184563758389262,0.145973154362416,0.854026845637584,0.249329985135805
loc32034_pos27,FALSE,295,40,0.135593220338983,0.88135593220339,0.11864406779661,0.209135305946567
loc32042_pos1,FALSE,266,81,0.304511278195489,0.362781954887218,0.637218045112782,0.462342416190853
loc32048_pos112,FALSE,281,79,0.281138790035587,0.314946619217082,0.685053380782918,0.431510492521625
loc32057_pos18,FALSE,270,47,0.174074074074074,0.883333333333333,0.116666666666667,0.206111111111111
loc32058_pos24,FALSE,308,122,0.396103896103896,0.454545454545455,0.545454545454545,0.495867768595041
loc32063_pos35,FALSE,285,29,0.101754385964912,0.93859649122807,0.0614035087719298,0.115266235764851
loc32070_pos107,FALSE,275,38,0.138181818181818,0.92,0.08,0.1472
loc32073_pos15,FALSE,282,62,0.219858156028369,0.329787234042553,0.670212765957447,0.442055228610231
loc32075_pos28,FALSE,285,56,0.196491228070175,0.870175438596491,0.129824561403509,0.225940289319791
loc32093_pos118,FALSE,290,79,0.272413793103448,0.294827586206897,0.705172413793103,0.415808561236623
loc32122_pos99,FALSE,284,42,0.147887323943662,0.915492957746479,0.0845070422535211,0.154731204126165
loc32128_pos74,FALSE,288,105,0.364583333333333,0.463541666666667,0.536458333333333,0.497341579861111
loc32129_pos9,FALSE,270,64,0.237037037037037,0.288888888888889,0.711111111111111,0.410864197530864
loc32138_pos95,FALSE,295,80,0.271186440677966,0.298305084745763,0.701694915254237,0.418638322321172
loc32139_pos80,FALSE,265,26,0.0981132075471698,0.935849056603774,0.0641509433962264,0.120071199715201
loc32141_pos111,FALSE,285,57,0.2,0.875438596491228,0.124561403508772,0.218091720529394
loc32165_pos3,FALSE,288,60,0.208333333333333,0.854166666666667,0.145833333333333,0.249131944444445
loc32168_pos13,FALSE,271,42,0.154981549815498,0.904059040590406,0.0959409594095941,0.173472583434321
loc32180_pos2,FALSE,301,54,0.179401993355482,0.880398671096346,0.119601328903654,0.210593702056269
loc32199_pos2,FALSE,277,65,0.234657039711191,0.763537906137184,0.236462093862816,0.361095544057657
loc32202_pos29,FALSE,305,110,0.360655737704918,0.462295081967213,0.537704918032787,0.497156678312282
loc32227_pos30,FALSE,272,56,0.205882352941176,0.81985294117647,0.180147058823529,0.295388192041523
loc32229_pos6,FALSE,274,79,0.288321167883212,0.687956204379562,0.312043795620438,0.429344930470457
loc32235_pos7,FALSE,267,25,0.0936329588014981,0.945692883895131,0.0543071161048689,0.102715706490482
loc32243_pos25,FALSE,284,49,0.172535211267606,0.910211267605634,0.0897887323943662,0.163453431858758
loc32258_pos37,FALSE,275,46,0.167272727272727,0.865454545454545,0.134545454545455,0.232885950413223
loc32266_pos23,FALSE,292,56,0.191780821917808,0.86986301369863,0.13013698630137,0.226402702195534
loc32282_pos8,FALSE,263,16,0.0608365019011407,0.931558935361217,0.0684410646387833,0.127513770619786
loc32291_pos1,FALSE,273,109,0.399267399267399,0.375457875457875,0.624542124542125,0.468978518429068
loc32306_pos13,FALSE,302,39,0.129139072847682,0.0943708609271523,0.905629139072848,0.170930003070041
loc32326_pos115,FALSE,280,38,0.135714285714286,0.882142857142857,0.117857142857143,0.207933673469388
loc32335_pos7,FALSE,309,51,0.16504854368932,0.90453074433657,0.0954692556634305,0.172709753773002
loc32355_pos99,FALSE,292,71,0.243150684931507,0.833904109589041,0.166095890410959,0.277016091199099
loc32356_pos1,FALSE,274,64,0.233576642335766,0.824817518248175,0.175182481751825,0.288987159678193
loc32365_pos10,FALSE,286,29,0.101398601398601,0.914335664335664,0.0856643356643356,0.156651914519047
loc32383_pos12,FALSE,289,34,0.117647058823529,0.934256055363322,0.0657439446366782,0.122843356760575
loc32400_pos89,FALSE,272,45,0.165441176470588,0.89889705882353,0.101102941176471,0.181762272923875
loc32410_pos25,FALSE,279,70,0.25089605734767,0.225806451612903,0.774193548387097,0.349635796045786
loc32436_pos59,FALSE,317,39,0.123028391167192,0.938485804416404,0.0615141955835962,0.115460398650598
loc32449_pos28,FALSE,267,95,0.355805243445693,0.346441947565543,0.653558052434457,0.452839849065073
loc32461_pos19,FALSE,271,79,0.291512915129151,0.666051660516605,0.333948339483395,0.444853692079356
loc32488_pos9,FALSE,294,77,0.261904761904762,0.732993197278912,0.267006802721088,0.3914283400435
loc32494_pos6,FALSE,278,72,0.258992805755396,0.802158273381295,0.197841726618705,0.317400755654469
loc32514_pos9,FALSE,284,47,0.165492957746479,0.889084507042254,0.110915492957746,0.197226492759373
loc32522_pos7,FALSE,293,40,0.136518771331058,0.129692832764505,0.870307167235495,0.225745203788046
loc32524_pos98,FALSE,278,32,0.115107913669065,0.0647482014388489,0.935251798561151,0.121111743698566
loc32539_pos18,FALSE,297,72,0.242424242424242,0.831649831649832,0.168350168350168,0.280016778333277
loc32543_pos7,FALSE,286,59,0.206293706293706,0.861888111888112,0.138111888111888,0.238073988948115
loc32590_pos29,FALSE,270,83,0.307407407407407,0.442592592592593,0.557407407407407,0.49340877914952
loc32612_pos139,FALSE,296,53,0.179054054054054,0.153716216216216,0.846283783783784,0.260175082176771
loc32614_pos55,FALSE,294,30,0.102040816326531,0.0612244897959184,0.938775510204082,0.114952103290296
loc32639_pos57,FALSE,289,124,0.429065743944637,0.411764705882353,0.588235294117647,0.484429065743945
loc32646_pos9,FALSE,303,98,0.323432343234323,0.419141914191419,0.580858085808581,0.486923939918744
loc32647_pos44,FALSE,266,94,0.353383458646617,0.364661654135338,0.635338345864662,0.463367064277234
loc32648_pos194,FALSE,282,104,0.368794326241135,0.340425531914894,0.659574468085106,0.449071978270711
loc32650_pos135,FALSE,288,87,0.302083333333333,0.814236111111111,0.185763888888889,0.302511332947531
loc32665_pos2,FALSE,285,30,0.105263157894737,0.0842105263157895,0.91578947368421,0.154238227146814
loc32671_pos22,FALSE,296,24,0.0810810810810811,0.925675675675676,0.0743243243243243,0.137600438276114
loc32673_pos19,FALSE,263,22,0.0836501901140684,0.0532319391634981,0.946768060836502,0.100796599632783
loc32677_pos4,FALSE,289,76,0.262975778546713,0.761245674740484,0.238754325259516,0.363501394858778
loc32695_pos102,FALSE,288,32,0.111111111111111,0.913194444444444,0.0868055555555556,0.158540702160494
loc32697_pos93,FALSE,277,38,0.137184115523466,0.906137184115523,0.0938628158844765,0.170105175357427
loc32716_pos2,FALSE,277,42,0.151624548736462,0.862815884476534,0.137184115523466,0.23672926794302
loc32717_pos122,FALSE,300,19,0.0633333333333333,0.935,0.065,0.12155
loc32733_pos7,FALSE,282,37,0.131205673758865,0.888297872340426,0.111702127659574,0.198449524671797
loc32736_pos14,FALSE,272,35,0.128676470588235,0.91360294117647,0.0863970588235294,0.157865214100346
loc32739_pos6,FALSE,283,79,0.279151943462898,0.69434628975265,0.30565371024735,0.424459039318758
loc32740_pos23,FALSE,275,86,0.312727272727273,0.490909090909091,0.509090909090909,0.499834710743802
loc32742_pos6,FALSE,262,35,0.133587786259542,0.0935114503816794,0.906488549618321,0.169534118058388
loc32773_pos101,FALSE,263,57,0.216730038022814,0.857414448669201,0.142585551330799,0.244509823764982
loc32795_pos96,FALSE,295,36,0.122033898305085,0.891525423728814,0.108474576271186,0.193415685147946
loc32801_pos34,FALSE,293,90,0.307167235494881,0.255972696245734,0.744027303754266,0.380901350044846
loc32811_pos15,FALSE,311,52,0.167202572347267,0.906752411575563,0.0932475884244373,0.169104951354928
loc32816_pos15,FALSE,287,38,0.132404181184669,0.885017421602787,0.114982578397213,0.203523170124683
loc32818_pos25,FALSE,285,14,0.0491228070175439,0.947368421052632,0.0526315789473685,0.0997229916897508
loc32827_pos38,FALSE,292,112,0.383561643835616,0.47945205479452,0.52054794520548,0.499155563895665
loc32828_pos33,FALSE,262,50,0.190839694656489,0.881679389312977,0.118320610687023,0.208641687547346
loc32829_pos98,FALSE,308,108,0.350649350649351,0.487012987012987,0.512987012987013,0.49966267498735
loc32849_pos10,FALSE,276,77,0.278985507246377,0.853260869565217,0.146739130434783,0.250413516068053
loc32865_pos54,FALSE,277,18,0.0649819494584837,0.938628158844765,0.0613718411552346,0.115210676536903
loc32872_pos2,FALSE,280,70,0.25,0.792857142857143,0.207142857142857,0.328469387755102
loc32876_pos106,FALSE,296,53,0.179054054054054,0.197635135135135,0.802364864864865,0.317150976990504
loc32907_pos65,FALSE,282,102,0.361702127659574,0.475177304964539,0.524822695035461,0.498767667622353
loc32917_pos72,FALSE,300,64,0.213333333333333,0.176666666666667,0.823333333333333,0.290911111111111
loc32933_pos31,FALSE,265,107,0.40377358490566,0.360377358490566,0.639622641509434,0.461011035955856
loc32938_pos43,FALSE,262,20,0.0763358778625954,0.946564885496183,0.0534351145038168,0.101159606083562
loc32965_pos7,FALSE,274,68,0.248175182481752,0.240875912408759,0.759124087591241,0.365709414460014
loc32968_pos113,FALSE,299,82,0.274247491638796,0.214046822742475,0.785953177257525,0.336461560832653
loc32971_pos55,FALSE,264,31,0.117424242424242,0.918560606060606,0.0814393939393939,0.149614038108356
loc32976_pos36,FALSE,290,114,0.393103448275862,0.651724137931034,0.348275862068966,0.453959571938169
loc32985_pos34,FALSE,268,42,0.156716417910448,0.850746268656716,0.149253731343284,0.253954110046781
loc32992_pos106,FALSE,271,52,0.191881918819188,0.870848708487085,0.129151291512915,0.224942470826922
loc33038_pos7,FALSE,289,44,0.152249134948097,0.906574394463668,0.0934256055363322,0.169394523533004
loc33056_pos15,FALSE,284,36,0.126760563380282,0.901408450704225,0.0985915492957746,0.177742511406467
loc33060_pos85,FALSE,307,32,0.104234527687296,0.0684039087947883,0.931596091205212,0.127449628112765
loc33069_pos23,FALSE,283,36,0.127208480565371,0.0812720848056537,0.918727915194346,0.149333866073993
loc33077_pos32,FALSE,285,109,0.382456140350877,0.380701754385965,0.619298245614035,0.471535857186827
loc33109_pos55,FALSE,287,56,0.195121951219512,0.898954703832753,0.101045296167247,0.181670288579441
loc33119_pos22,FALSE,274,81,0.295620437956204,0.202554744525547,0.797445255474453,0.323052639991475
loc33157_pos36,FALSE,278,47,0.169064748201439,0.818345323741007,0.181654676258993,0.297312509704467
loc33175_pos121,FALSE,270,71,0.262962962962963,0.198148148148148,0.801851851851852,0.317770919067215
loc33180_pos24,FALSE,282,78,0.276595744680851,0.74468085106383,0.25531914893617,0.38026256224536
loc33217_pos80,FALSE,278,97,0.348920863309353,0.732014388489209,0.267985611510791,0.392338647067957
loc33222_pos61,FALSE,277,25,0.0902527075812274,0.94043321299639,0.0595667870036101,0.112037169779353
loc33233_pos28,FALSE,287,100,0.348432055749129,0.707317073170732,0.292682926829268,0.414039262343843
loc33248_pos10,FALSE,295,143,0.484745762711864,0.449152542372881,0.550847457627119,0.494829072105717
loc33254_pos18,FALSE,297,118,0.397306397306397,0.491582491582492,0.508417508417508,0.499858291104082
loc33255_pos90,FALSE,293,72,0.245733788395904,0.856655290102389,0.143344709897611,0.245594008083961
loc33290_pos95,FALSE,266,19,0.0714285714285714,0.93421052631579,0.0657894736842105,0.12292243767313
loc33303_pos68,FALSE,301,36,0.119601328903654,0.900332225913621,0.0996677740863787,0.179468217790091
loc33313_pos29,FALSE,268,69,0.257462686567164,0.822761194029851,0.177238805970149,0.29165042325685
loc33321_pos4,FALSE,265,24,0.090566037735849,0.113207547169811,0.886792452830189,0.200783196867213
loc33344_pos25,FALSE,268,77,0.287313432835821,0.740671641791045,0.259328358208955,0.384154321675206
loc33358_pos59,FALSE,290,26,0.0896551724137931,0.944827586206897,0.0551724137931034,0.104256837098692
loc33359_pos104,FALSE,266,28,0.105263157894737,0.894736842105263,0.105263157894737,0.188365650969529
loc33391_pos39,FALSE,291,63,0.216494845360825,0.850515463917526,0.149484536082474,0.254277819109363
loc33406_pos24,FALSE,278,26,0.0935251798561151,0.935251798561151,0.064748201438849,0.121111743698566
loc33436_pos64,FALSE,303,117,0.386138613861386,0.516501650165016,0.483498349834984,0.499455391083663
loc33448_pos153,FALSE,296,43,0.14527027027027,0.880067567567568,0.119932432432432,0.211097288166545
loc33461_pos25,FALSE,266,62,0.233082706766917,0.838345864661654,0.161654135338346,0.271044151732715
loc33463_pos22,FALSE,264,65,0.246212121212121,0.755681818181818,0.244318181818182,0.369253615702479
loc33470_pos50,FALSE,297,27,0.0909090909090909,0.944444444444444,0.0555555555555556,0.104938271604938
loc33498_pos37,FALSE,300,87,0.29,0.275,0.725,0.39875
loc33544_pos111,FALSE,291,100,0.343642611683849,0.353951890034364,0.646048109965636,0.457339899150931
loc33557_pos105,FALSE,271,26,0.0959409594095941,0.900369003690037,0.0996309963099631,0.179409321768494
loc33560_pos5,FALSE,282,110,0.390070921985816,0.698581560283688,0.301418439716312,0.421130727830592
loc33608_pos5,FALSE,273,40,0.146520146520147,0.80952380952381,0.19047619047619,0.308390022675737
loc33613_pos13,FALSE,309,45,0.145631067961165,0.920711974110032,0.0792880258899676,0.146002869680879
loc33641_pos9,FALSE,266,111,0.417293233082707,0.370300751879699,0.629699248120301,0.466356210074057
loc33642_pos3,FALSE,268,54,0.201492537313433,0.201492537313433,0.798507462686567,0.321786589440855
loc33652_pos107,FALSE,267,55,0.205992509363296,0.833333333333333,0.166666666666667,0.277777777777778
loc33657_pos1,FALSE,265,110,0.415094339622642,0.520754716981132,0.479245283018868,0.499138483446066
loc33658_pos19,FALSE,279,25,0.0896057347670251,0.940860215053763,0.0591397849462365,0.111284541565499
loc33688_pos16,FALSE,308,67,0.217532467532468,0.787337662337662,0.212662337662338,0.334874135604655
loc33697_pos77,FALSE,273,23,0.0842490842490843,0.935897435897436,0.0641025641025641,0.119986850756082
loc33706_pos0,FALSE,281,91,0.323843416370107,0.45373665480427,0.54626334519573,0.495719405782601
loc33713_pos94,FALSE,288,49,0.170138888888889,0.157986111111111,0.842013888888889,0.266052999614197
loc33737_pos7,FALSE,287,31,0.10801393728223,0.921602787456446,0.078397212543554,0.14450217921791
loc33745_pos26,FALSE,261,22,0.0842911877394636,0.942528735632184,0.0574712643678161,0.108336636279561
loc33757_pos25,FALSE,284,109,0.383802816901408,0.544014084507042,0.455985915492958,0.496125520730014
loc33779_pos5,FALSE,286,65,0.227272727272727,0.805944055944056,0.194055944055944,0.312796469265001
loc33784_pos107,FALSE,276,58,0.210144927536232,0.177536231884058,0.822463768115942,0.292034236504936
loc33822_pos3,FALSE,279,61,0.218637992831541,0.241935483870968,0.758064516129032,0.366805411030177
loc33825_pos136,FALSE,299,20,0.0668896321070234,0.949832775919732,0.0501672240802675,0.0953009474166955
loc33833_pos93,FALSE,271,54,0.199261992619926,0.808118081180812,0.191881918819188,0.310126496098909
loc33836_pos121,FALSE,279,83,0.297491039426523,0.410394265232975,0.589605734767025,0.483941624593723
loc33842_pos38,FALSE,294,33,0.112244897959184,0.0663265306122449,0.933673469387755,0.123854643898376
loc33843_pos45,FALSE,284,85,0.299295774647887,0.329225352112676,0.670774647887324,0.441672039277921
loc33876_pos97,FALSE,302,108,0.357615894039735,0.665562913907285,0.334437086092715,0.445177843077058
loc33879_pos13,FALSE,294,116,0.394557823129252,0.554421768707483,0.445578231292517,0.494076542181498
loc33880_pos12,FALSE,279,100,0.3584229390681,0.584229390681004,0.415770609318996,0.485810819491014
loc33888_pos16,FALSE,269,42,0.156133828996283,0.130111524163569,0.869888475836431,0.226365030886804
loc33893_pos128,FALSE,274,62,0.226277372262774,0.156934306569343,0.843065693430657,0.264611859981885
loc33896_pos0,FALSE,292,64,0.219178082191781,0.178082191780822,0.821917808219178,0.292737849502721
loc33923_pos0,FALSE,288,29,0.100694444444444,0.0746527777777778,0.925347222222222,0.138159481095679
loc33951_pos14,FALSE,282,55,0.195035460992908,0.147163120567376,0.852836879432624,0.251012273024496
loc33960_pos12,FALSE,276,28,0.101449275362319,0.905797101449275,0.0942028985507246,0.170657424910733
loc33971_pos6,FALSE,271,106,0.391143911439114,0.44280442804428,0.55719557195572,0.493457333097316
loc33992_pos28,FALSE,261,104,0.398467432950192,0.586206896551724,0.413793103448276,0.485136741973841
loc33997_pos5,FALSE,278,27,0.0971223021582734,0.904676258992806,0.0953237410071942,0.172474250815175
loc34016_pos1,FALSE,279,40,0.14336917562724,0.888888888888889,0.111111111111111,0.197530864197531
loc34031_pos17,FALSE,288,111,0.385416666666667,0.449652777777778,0.550347222222222,0.494930314429012
loc34035_pos45,FALSE,272,35,0.128676470588235,0.91360294117647,0.0863970588235294,0.157865214100346
loc34038_pos11,FALSE,296,103,0.347972972972973,0.282094594594595,0.717905405405405,0.405034468590212
loc34039_pos25,FALSE,284,25,0.0880281690140845,0.948943661971831,0.051056338028169,0.0968991767506447
loc34060_pos93,FALSE,286,49,0.171328671328671,0.854895104895105,0.145104895104895,0.248098929042985
loc34071_pos6,FALSE,287,118,0.411149825783972,0.337979094076655,0.662020905923345,0.447498452087557
loc34104_pos9,FALSE,259,13,0.0501930501930502,0.0752895752895753,0.924710424710425,0.139242110284581
loc34113_pos110,FALSE,287,57,0.198606271777003,0.844947735191638,0.155052264808362,0.26202211997232
loc34114_pos104,FALSE,262,34,0.129770992366412,0.904580152671756,0.0954198473282443,0.172629800128198
loc34150_pos6,FALSE,266,94,0.353383458646617,0.484962406015038,0.515037593984962,0.499547741534287
loc34162_pos14,FALSE,306,24,0.0784313725490196,0.947712418300654,0.0522875816993464,0.0991071809987612
loc34176_pos19,FALSE,292,77,0.263698630136986,0.727739726027397,0.272260273972603,0.396269234377932
loc34187_pos15,FALSE,287,127,0.442508710801394,0.548780487804878,0.451219512195122,0.495240928019036
loc34189_pos2,FALSE,262,29,0.110687022900763,0.875954198473282,0.124045801526718,0.217316881300623
loc34195_pos112,FALSE,293,118,0.402730375426621,0.627986348122867,0.372013651877133,0.467238989388345
loc34207_pos42,FALSE,278,61,0.219424460431655,0.246402877697842,0.753597122302158,0.371376999120128
loc34212_pos8,FALSE,293,22,0.0750853242320819,0.935153583617747,0.0648464163822525,0.121282717329264
loc34225_pos104,FALSE,291,142,0.487972508591065,0.56701030927835,0.43298969072165,0.49101923690084
loc34246_pos44,FALSE,283,132,0.46643109540636,0.568904593639576,0.431095406360424,0.49050431395073
loc34285_pos12,FALSE,297,54,0.181818181818182,0.868686868686869,0.131313131313131,0.228139985715743
loc34297_pos2,FALSE,277,53,0.191335740072202,0.871841155234657,0.128158844765343,0.223468310547511
loc34301_pos73,FALSE,294,132,0.448979591836735,0.666666666666667,0.333333333333333,0.444444444444444
loc34309_pos2,FALSE,291,88,0.302405498281787,0.74914089347079,0.25085910652921,0.375857630401153
loc34318_pos19,FALSE,283,57,0.201413427561837,0.871024734982332,0.128975265017668,0.22468129206258
loc34326_pos8,FALSE,294,137,0.465986394557823,0.66156462585034,0.33843537414966,0.447793743347679
loc34335_pos3,FALSE,300,72,0.24,0.21,0.79,0.3318
loc34354_pos4,FALSE,268,38,0.141791044776119,0.917910447761194,0.082089552238806,0.150701715304077
loc34365_pos6,FALSE,265,24,0.090566037735849,0.920754716981132,0.0792452830188679,0.145930936276255
loc34388_pos94,FALSE,288,28,0.0972222222222222,0.934027777777778,0.0659722222222222,0.123239776234568
loc34394_pos5,FALSE,261,33,0.126436781609195,0.875478927203065,0.124521072796935,0.218031150452871
loc34400_pos5,FALSE,300,45,0.15,0.871666666666667,0.128333333333333,0.223727777777778
loc34412_pos10,FALSE,265,19,0.0716981132075472,0.949056603773585,0.0509433962264151,0.0966963332146671
loc34419_pos41,FALSE,290,20,0.0689655172413793,0.941379310344828,0.0586206896551724,0.110368608799049
loc34421_pos12,FALSE,259,64,0.247104247104247,0.181467181467181,0.818532818532819,0.297073687035077
loc34422_pos95,FALSE,267,19,0.0711610486891386,0.945692883895131,0.0543071161048689,0.102715706490482
loc34433_pos39,FALSE,287,33,0.114982578397213,0.918118466898955,0.0818815331010453,0.150353895276135
loc34464_pos19,FALSE,266,92,0.345864661654135,0.567669172932331,0.432330827067669,0.490841766069309
loc34538_pos61,FALSE,296,70,0.236486486486486,0.837837837837838,0.162162162162162,0.27173119065011
loc34545_pos24,FALSE,293,29,0.0989761092150171,0.933447098976109,0.0665529010238908,0.12424722477839
loc34612_pos17,FALSE,283,61,0.215547703180212,0.842756183745583,0.157243816254417,0.265036397008328
loc34629_pos4,FALSE,275,66,0.24,0.207272727272727,0.792727272727273,0.328621487603306
loc34631_pos129,FALSE,293,67,0.228668941979522,0.165529010238908,0.834470989761092,0.276258314016471
loc34669_pos118,FALSE,298,44,0.147651006711409,0.144295302013423,0.855704697986577,0.246948335660556
loc34680_pos6,FALSE,279,53,0.189964157706093,0.181003584229391,0.818996415770609,0.296482573451009
loc34696_pos15,FALSE,266,54,0.203007518796992,0.823308270676692,0.176691729323308,0.290943524224094
loc34698_pos1,FALSE,288,46,0.159722222222222,0.829861111111111,0.170138888888889,0.282383294753086
loc34711_pos54,FALSE,279,48,0.172043010752688,0.867383512544803,0.132616487455197,0.230058709420485
loc34713_pos0,FALSE,296,67,0.226351351351351,0.268581081081081,0.731418918918919,0.392890567932798
loc34727_pos6,FALSE,286,10,0.034965034965035,0.947552447552448,0.0524475524475524,0.0993936133796273
loc34729_pos19,FALSE,275,53,0.192727272727273,0.183636363636364,0.816363636363636,0.299828099173554
loc34761_pos4,FALSE,264,47,0.178030303030303,0.153409090909091,0.846590909090909,0.259749483471074
loc34766_pos18,FALSE,261,32,0.122605363984674,0.923371647509579,0.0766283524904214,0.14151289617005
loc34777_pos3,FALSE,291,71,0.243986254295533,0.805841924398625,0.194158075601375,0.312921434560291
loc34799_pos67,FALSE,290,41,0.141379310344828,0.912068965517241,0.0879310344827586,0.160398335315101
loc34806_pos2,FALSE,260,116,0.446153846153846,0.607692307692308,0.392307692307692,0.476804733727811
loc34808_pos18,FALSE,296,25,0.0844594594594595,0.9375,0.0625,0.1171875
loc34834_pos14,FALSE,306,70,0.22875816993464,0.836601307189543,0.163398692810457,0.273399119996582
loc34839_pos51,FALSE,268,14,0.0522388059701493,0.940298507462687,0.0597014925373134,0.112274448652261
loc34843_pos37,FALSE,291,62,0.213058419243986,0.185567010309278,0.814432989690722,0.302263789988309
loc34844_pos65,FALSE,279,60,0.21505376344086,0.232974910394265,0.767025089605735,0.357395203042099
loc34849_pos17,FALSE,283,32,0.113074204946996,0.915194346289753,0.0848056537102474,0.15522730961805
loc34850_pos117,FALSE,281,64,0.227758007117438,0.786476868327402,0.213523131672598,0.335862007826649
loc34879_pos5,FALSE,277,59,0.212996389891697,0.189530685920578,0.810469314079422,0.307217610030106
loc34880_pos15,FALSE,275,90,0.327272727272727,0.414545454545455,0.585454545454545,0.485395041322314
loc34913_pos8,FALSE,283,23,0.0812720848056537,0.916961130742049,0.0830388692579506,0.152286830900623
loc34922_pos24,FALSE,272,31,0.113970588235294,0.909926470588235,0.0900735294117647,0.163920577422145
loc34930_pos6,FALSE,262,22,0.083969465648855,0.942748091603053,0.0572519083969466,0.107948254763708
loc34933_pos58,FALSE,293,58,0.197952218430034,0.146757679180887,0.853242320819113,0.250439725564654
loc34939_pos41,FALSE,289,56,0.193771626297578,0.169550173010381,0.83044982698962,0.281605823685061
loc34965_pos31,FALSE,280,26,0.0928571428571429,0.928571428571429,0.0714285714285714,0.13265306122449
loc34972_pos3,FALSE,299,47,0.157190635451505,0.102006688963211,0.897993311036789,0.183202648739947
loc35003_pos51,FALSE,270,78,0.288888888888889,0.240740740740741,0.759259259259259,0.36556927297668
loc35005_pos137,FALSE,302,72,0.23841059602649,0.847682119205298,0.152317880794702,0.258234287969826
loc35007_pos21,FALSE,266,51,0.191729323308271,0.851503759398496,0.148496240601504,0.252890214257448
loc35038_pos136,FALSE,296,20,0.0675675675675676,0.0608108108108108,0.939189189189189,0.114225712198685
loc35042_pos102,FALSE,301,48,0.159468438538206,0.890365448504983,0.109634551495017,0.195229633227006
loc35045_pos28,FALSE,275,96,0.349090909090909,0.247272727272727,0.752727272727273,0.372257851239669
loc35066_pos16,FALSE,266,45,0.169172932330827,0.870300751879699,0.129699248120301,0.225754706314659
loc35090_pos12,FALSE,300,56,0.186666666666667,0.88,0.12,0.2112
loc35119_pos119,FALSE,298,98,0.328859060402685,0.828859060402685,0.171140939597315,0.283703436782127
loc35122_pos62,FALSE,296,34,0.114864864864865,0.881756756756757,0.118243243243243,0.208523557341125
loc35139_pos18,FALSE,298,104,0.348993288590604,0.416107382550336,0.583892617449664,0.485924057474888
loc35149_pos93,FALSE,295,109,0.369491525423729,0.61864406779661,0.38135593220339,0.471847170353347
loc35153_pos9,FALSE,285,34,0.119298245614035,0.0807017543859649,0.919298245614035,0.148377962449985
loc35181_pos93,FALSE,262,21,0.0801526717557252,0.933206106870229,0.066793893129771,0.12466493794068
loc35182_pos126,FALSE,297,129,0.434343434343434,0.412457912457912,0.587542087542088,0.484672765817547
loc35190_pos13,FALSE,259,33,0.127413127413127,0.924710424710425,0.0752895752895753,0.139242110284581
loc35215_pos99,FALSE,289,49,0.169550173010381,0.140138408304498,0.859861591695502,0.24099926964476
loc35237_pos29,FALSE,293,41,0.139931740614334,0.916382252559727,0.0836177474402731,0.153251639506576
loc35261_pos11,FALSE,275,63,0.229090909090909,0.772727272727273,0.227272727272727,0.351239669421488
loc35270_pos104,FALSE,281,91,0.323843416370107,0.386120996441281,0.613879003558719,0.474063145096947
loc35279_pos55,FALSE,287,67,0.233449477351916,0.775261324041812,0.224738675958188,0.348462406973497
loc35290_pos15,FALSE,285,42,0.147368421052632,0.870175438596491,0.129824561403509,0.225940289319791
loc35297_pos7,FALSE,286,43,0.15034965034965,0.0891608391608392,0.910839160839161,0.162422367841948
loc35335_pos7,FALSE,299,74,0.247491638795987,0.806020066889632,0.193979933110368,0.31270343732173
loc35352_pos17,FALSE,291,40,0.13745704467354,0.88659793814433,0.11340206185567,0.201084068445106
loc35354_pos11,FALSE,288,36,0.125,0.913194444444444,0.0868055555555556,0.158540702160494
loc35368_pos4,FALSE,274,45,0.164233576642336,0.855839416058394,0.144160583941606,0.246756619958442
loc35371_pos1,FALSE,268,51,0.190298507462687,0.162313432835821,0.837686567164179,0.271935564713745
loc35382_pos50,FALSE,306,142,0.464052287581699,0.61437908496732,0.38562091503268,0.473834849844077
loc35407_pos57,FALSE,278,52,0.18705035971223,0.190647482014388,0.809352517985611,0.308602039231924
loc35412_pos11,FALSE,297,120,0.404040404040404,0.494949494949495,0.505050505050505,0.49994898479747
loc35416_pos5,FALSE,275,63,0.229090909090909,0.849090909090909,0.150909090909091,0.256271074380165
loc35421_pos8,FALSE,262,32,0.122137404580153,0.912213740458015,0.0877862595419847,0.160159664355224
loc35425_pos92,FALSE,287,91,0.317073170731707,0.231707317073171,0.768292682926829,0.356038072575848
loc35438_pos7,FALSE,272,20,0.0735294117647059,0.948529411764706,0.0514705882352942,0.0976427335640139
loc35443_pos44,FALSE,282,117,0.414893617021277,0.416666666666667,0.583333333333333,0.486111111111111
loc35446_pos19,FALSE,259,108,0.416988416988417,0.602316602316602,0.397683397683398,0.479062625780772
loc35449_pos32,FALSE,292,67,0.229452054794521,0.803082191780822,0.196917808219178,0.316282370050666
loc35468_pos85,FALSE,287,92,0.320557491289199,0.303135888501742,0.696864111498258,0.422489043208003
loc35478_pos26,FALSE,285,130,0.456140350877193,0.578947368421053,0.421052631578947,0.487534626038781
loc35531_pos30,FALSE,274,84,0.306569343065693,0.273722627737226,0.726277372262774,0.397597101603708
loc35533_pos48,FALSE,288,51,0.177083333333333,0.137152777777778,0.862847222222222,0.236683786651235
loc35552_pos0,FALSE,282,80,0.283687943262411,0.794326241134752,0.205673758865248,0.326744127558976
loc35559_pos55,FALSE,311,33,0.106109324758842,0.934083601286174,0.0659163987138264,0.123142854188852
loc35583_pos27,FALSE,265,73,0.275471698113208,0.786792452830189,0.213207547169811,0.335500177999288
loc35591_pos8,FALSE,289,85,0.294117647058824,0.673010380622837,0.326989619377163,0.440134816393482
loc35596_pos127,FALSE,296,47,0.158783783783784,0.876689189189189,0.123310810810811,0.216210509495983
loc35609_pos13,FALSE,300,91,0.303333333333333,0.765,0.235,0.35955
loc35614_pos18,FALSE,291,64,0.219931271477663,0.824742268041237,0.175257731958763,0.289084918694867
loc35620_pos5,FALSE,293,97,0.331058020477816,0.271331058020478,0.728668941979522,0.395421029947932
loc35621_pos21,FALSE,303,35,0.115511551155116,0.915841584158416,0.0841584158415841,0.154151553769238
loc35631_pos19,FALSE,283,129,0.45583038869258,0.482332155477032,0.517667844522968,0.499375694539824
loc35634_pos8,FALSE,276,23,0.0833333333333333,0.947463768115942,0.052536231884058,0.099552352446965
loc35636_pos11,FALSE,281,23,0.0818505338078292,0.944839857651246,0.0551601423487544,0.104235002089639
loc35639_pos122,FALSE,310,135,0.435483870967742,0.698387096774194,0.301612903225806,0.421285119667014
loc35644_pos18,FALSE,289,76,0.262975778546713,0.799307958477509,0.200692041522491,0.320829491984052
loc35663_pos5,FALSE,264,37,0.140151515151515,0.100378787878788,0.899621212121212,0.180605773645546
loc35668_pos50,FALSE,288,106,0.368055555555556,0.3125,0.6875,0.4296875
loc35669_pos37,FALSE,288,60,0.208333333333333,0.152777777777778,0.847222222222222,0.258873456790123
loc35673_pos33,FALSE,289,22,0.0761245674740484,0.948096885813149,0.0519031141868512,0.0984183618491158
loc35684_pos0,FALSE,264,88,0.333333333333333,0.704545454545455,0.295454545454545,0.416322314049587
loc35702_pos5,FALSE,272,54,0.198529411764706,0.838235294117647,0.161764705882353,0.271193771626298
loc35730_pos47,FALSE,292,103,0.352739726027397,0.703767123287671,0.296232876712329,0.416957918934134
loc35731_pos24,FALSE,281,128,0.455516014234875,0.483985765124555,0.516014234875445,0.499487088562708
loc35739_pos23,FALSE,268,83,0.309701492537313,0.766791044776119,0.233208955223881,0.357645076854533
loc35762_pos105,FALSE,288,117,0.40625,0.331597222222222,0.668402777777778,0.443281008873457
loc35813_pos115,FALSE,273,79,0.289377289377289,0.807692307692308,0.192307692307692,0.310650887573964
loc35822_pos28,FALSE,289,41,0.141868512110727,0.929065743944637,0.0709342560553633,0.131805174746471
loc35834_pos8,FALSE,273,28,0.102564102564103,0.937728937728938,0.0622710622710623,0.116786754149392
loc35839_pos3,FALSE,260,99,0.380769230769231,0.301923076923077,0.698076923076923,0.421531065088757
loc35842_pos5,FALSE,289,115,0.397923875432526,0.403114186851211,0.596885813148789,0.481226278420996
loc35847_pos21,FALSE,290,30,0.103448275862069,0.0655172413793104,0.93448275862069,0.122449464922711
loc35866_pos57,FALSE,300,61,0.203333333333333,0.888333333333333,0.111666666666667,0.198394444444444
loc35891_pos9,FALSE,279,125,0.448028673835125,0.521505376344086,0.478494623655914,0.499075037576598
loc35936_pos13,FALSE,273,32,0.117216117216117,0.923076923076923,0.0769230769230769,0.142011834319527
loc35944_pos106,FALSE,271,102,0.376383763837638,0.675276752767528,0.324723247232472,0.438556119878542
loc36000_pos0,FALSE,268,108,0.402985074626866,0.477611940298507,0.522388059701492,0.498997549565605
loc36018_pos15,FALSE,271,82,0.302583025830258,0.745387453874539,0.254612546125461,0.379569994961942
loc36026_pos11,FALSE,279,36,0.129032258064516,0.874551971326165,0.125448028673835,0.219421641551367
loc36068_pos2,FALSE,295,76,0.257627118644068,0.850847457627119,0.149152542372881,0.253812122953174
loc36069_pos11,FALSE,283,28,0.0989399293286219,0.911660777385159,0.088339222614841,0.161070808725293
loc36073_pos8,FALSE,271,117,0.431734317343173,0.485239852398524,0.514760147601476,0.499564276085565
loc36094_pos99,FALSE,280,64,0.228571428571429,0.875,0.125,0.21875
loc36113_pos0,FALSE,269,68,0.252788104089219,0.728624535315985,0.271375464684015,0.3954616437031
loc36142_pos1,FALSE,289,70,0.242214532871972,0.152249134948097,0.847750865051903,0.258138671711306
loc36143_pos13,FALSE,283,40,0.141342756183746,0.890459363957597,0.109540636042403,0.195082970195657
loc36154_pos22,FALSE,260,38,0.146153846153846,0.873076923076923,0.126923076923077,0.221627218934911
loc36162_pos0,FALSE,260,86,0.330769230769231,0.726923076923077,0.273076923076923,0.397011834319527
loc36178_pos12,FALSE,292,121,0.414383561643836,0.289383561643836,0.710616438356164,0.411281431788328
loc36183_pos10,FALSE,261,89,0.340996168582375,0.231800766283525,0.768199233716475,0.356138342067791
loc36187_pos128,FALSE,269,128,0.475836431226766,0.490706319702602,0.509293680297398,0.49982725501306
loc36201_pos6,FALSE,277,79,0.285198555956679,0.767148014440433,0.232851985559567,0.357263876761068
loc36202_pos4,FALSE,267,80,0.299625468164794,0.764044943820225,0.235955056179775,0.360560535285949
loc36206_pos160,FALSE,262,57,0.217557251908397,0.826335877862595,0.173664122137405,0.287009789639298
loc36211_pos72,FALSE,271,64,0.236162361623616,0.793357933579336,0.206642066420664,0.327882245612124
loc36220_pos5,FALSE,295,24,0.0813559322033898,0.935593220338983,0.0644067796610169,0.120517092789428
loc36230_pos22,FALSE,261,19,0.0727969348659004,0.940613026819923,0.0593869731800766,0.111720321193171
loc36252_pos80,FALSE,266,81,0.304511278195489,0.765037593984962,0.234962406015038,0.359510147549324
loc36279_pos92,FALSE,276,27,0.0978260869565217,0.0597826086956522,0.940217391304348,0.112417296786389
loc36291_pos13,FALSE,274,87,0.317518248175182,0.764598540145985,0.235401459854015,0.359975225105227
loc36303_pos16,FALSE,276,108,0.391304347826087,0.58695652173913,0.41304347826087,0.484877126654064
loc36319_pos30,FALSE,294,130,0.442176870748299,0.54421768707483,0.45578231292517,0.496089592299505
loc36344_pos3,FALSE,271,105,0.387453874538745,0.297047970479705,0.702952029520295,0.417620947427186
loc36365_pos100,FALSE,280,118,0.421428571428571,0.596428571428571,0.403571428571429,0.48140306122449
loc36372_pos46,FALSE,285,122,0.428070175438596,0.585964912280702,0.414035087719298,0.485220067713142
loc36391_pos6,FALSE,296,61,0.206081081081081,0.866554054054054,0.133445945945946,0.231276250913075
loc36401_pos5,FALSE,288,88,0.305555555555556,0.802083333333333,0.197916666666667,0.317491319444444
loc36412_pos75,FALSE,272,105,0.386029411764706,0.803308823529412,0.196691176470588,0.316007515138408
loc36428_pos25,FALSE,282,84,0.297872340425532,0.780141843971631,0.219858156028369,0.343041094512348
loc36435_pos3,FALSE,290,72,0.248275862068966,0.782758620689655,0.217241379310345,0.340095124851367
loc36436_pos7,FALSE,263,95,0.361216730038023,0.731939163498099,0.268060836501901,0.392408448871604
loc36441_pos3,FALSE,272,67,0.246323529411765,0.795955882352941,0.204044117647059,0.324820231401384
loc36446_pos64,FALSE,281,34,0.120996441281139,0.0818505338078292,0.918149466192171,0.150302047846405
loc36498_pos8,FALSE,264,31,0.117424242424242,0.918560606060606,0.0814393939393939,0.149614038108356
loc36518_pos5,FALSE,288,105,0.364583333333333,0.376736111111111,0.623263888888889,0.469612027391975
loc36545_pos10,FALSE,297,95,0.31986531986532,0.772727272727273,0.227272727272727,0.351239669421488
loc36575_pos5,FALSE,267,47,0.176029962546816,0.140449438202247,0.859550561797753,0.241446787021841
loc36640_pos21,FALSE,279,49,0.175627240143369,0.883512544802867,0.116487455197133,0.205836255957657
loc36653_pos8,FALSE,293,50,0.170648464163823,0.150170648464164,0.849829351535836,0.255238849608033
loc36659_pos9,FALSE,290,46,0.158620689655172,0.151724137931034,0.848275862068966,0.257407847800238
loc36708_pos2,FALSE,265,37,0.139622641509434,0.888679245283019,0.111320754716981,0.197856888572446
loc36711_pos7,FALSE,259,60,0.231660231660232,0.223938223938224,0.776061776061776,0.347579791595236
loc36723_pos30,FALSE,288,84,0.291666666666667,0.225694444444444,0.774305555555556,0.349512924382716
loc36734_pos20,FALSE,293,38,0.129692832764505,0.0955631399317406,0.904436860068259,0.172861652436254
loc36739_pos42,FALSE,296,44,0.148648648648649,0.905405405405405,0.0945945945945946,0.171292914536158
loc36753_pos25,FALSE,304,75,0.246710526315789,0.231907894736842,0.768092105263158,0.356253246191136
loc36758_pos18,FALSE,290,12,0.0413793103448276,0.941379310344828,0.0586206896551724,0.110368608799049
loc36765_pos37,FALSE,268,29,0.108208955223881,0.904850746268657,0.0951492537313433,0.172191746491424
loc36789_pos104,FALSE,264,43,0.162878787878788,0.857954545454545,0.142045454545455,0.24373708677686
loc36791_pos36,FALSE,270,25,0.0925925925925926,0.912962962962963,0.087037037037037,0.158923182441701
loc36812_pos95,FALSE,274,136,0.496350364963504,0.262773722627737,0.737226277372263,0.387447386648197
loc36816_pos106,FALSE,262,77,0.293893129770992,0.58969465648855,0.41030534351145,0.483909737194802
loc36819_pos1,FALSE,289,40,0.13840830449827,0.899653979238754,0.100346020761246,0.180553393757259
loc36824_pos41,FALSE,279,97,0.347670250896057,0.396057347670251,0.603942652329749,0.478391850053314
loc36839_pos12,FALSE,305,32,0.104918032786885,0.940983606557377,0.059016393442623,0.111066917495297
loc36847_pos17,FALSE,293,41,0.139931740614334,0.91296928327645,0.0870307167235495,0.15891274214027
loc36848_pos10,FALSE,288,101,0.350694444444444,0.602430555555556,0.397569444444444,0.47901596257716
loc36919_pos10,FALSE,273,81,0.296703296703297,0.379120879120879,0.620879120879121,0.470776476270982
loc36922_pos161,FALSE,284,116,0.408450704225352,0.528169014084507,0.471830985915493,0.498413013291014
loc36931_pos13,FALSE,262,39,0.148854961832061,0.104961832061069,0.895038167938931,0.187889691742905
loc36944_pos23,FALSE,286,72,0.251748251748252,0.856643356643357,0.143356643356643,0.245611032324319
loc36970_pos14,FALSE,293,44,0.150170648464164,0.870307167235495,0.129692832764505,0.225745203788047
loc36971_pos103,FALSE,282,62,0.219858156028369,0.173758865248227,0.826241134751773,0.287133443991751
loc36972_pos0,FALSE,264,74,0.28030303030303,0.609848484848485,0.390151515151515,0.475866620752984
loc36975_pos56,FALSE,260,85,0.326923076923077,0.321153846153846,0.678846153846154,0.436028106508876
loc36988_pos25,FALSE,293,26,0.0887372013651877,0.914675767918089,0.0853242320819113,0.156088015003087
loc37015_pos15,FALSE,294,120,0.408163265306122,0.41156462585034,0.58843537414966,0.484358369198019
loc37022_pos2,FALSE,291,129,0.443298969072165,0.352233676975945,0.647766323024055,0.456330227559901
loc37042_pos5,FALSE,259,101,0.38996138996139,0.206563706563707,0.793436293436293,0.327790283388739
loc37048_pos5,FALSE,279,100,0.3584229390681,0.684587813620072,0.315412186379928,0.431854678125923
loc37049_pos6,FALSE,268,44,0.164179104477612,0.902985074626866,0.0970149253731343,0.175206059255959
loc37081_pos1,FALSE,274,22,0.0802919708029197,0.0547445255474453,0.945255474452555,0.103495124940061
loc37095_pos13,FALSE,299,93,0.311036789297659,0.322742474916388,0.677257525083612,0.437159539602465
loc37104_pos31,FALSE,292,99,0.339041095890411,0.340753424657534,0.659246575342466,0.449281056483393
loc37118_pos40,FALSE,295,54,0.183050847457627,0.884745762711864,0.115254237288136,0.203941396150531
loc37121_pos9,FALSE,264,42,0.159090909090909,0.863636363636364,0.136363636363636,0.235537190082645
loc37124_pos17,FALSE,291,38,0.130584192439863,0.903780068728522,0.0962199312714777,0.17392331219518
loc37128_pos4,FALSE,283,72,0.254416961130742,0.798586572438163,0.201413427561837,0.32169211751926
loc37161_pos65,FALSE,277,33,0.11913357400722,0.925992779783393,0.0740072202166066,0.137060303144834
loc37163_pos156,FALSE,298,13,0.0436241610738255,0.944630872483222,0.0553691275167785,0.104606774469618
loc37186_pos9,FALSE,275,94,0.341818181818182,0.392727272727273,0.607272727272727,0.476985123966942
loc37194_pos74,FALSE,294,52,0.17687074829932,0.129251700680272,0.870748299319728,0.225091397103059
loc37284_pos20,FALSE,281,38,0.135231316725979,0.0854092526690391,0.914590747330961,0.156229024455111
loc37336_pos107,FALSE,267,48,0.179775280898876,0.861423220973783,0.138576779026217,0.238746510681872
loc37337_pos29,FALSE,278,110,0.39568345323741,0.611510791366906,0.388489208633094,0.475130686817453
loc37357_pos60,FALSE,259,87,0.335907335907336,0.677606177606178,0.322393822393822,0.436912091352246
loc37365_pos23,FALSE,291,115,0.395189003436426,0.396907216494845,0.603092783505155,0.478743755978319
loc37379_pos55,FALSE,262,18,0.0687022900763359,0.0610687022900763,0.938931297709924,0.114678631781365
loc37403_pos132,FALSE,296,36,0.121621621621622,0.932432432432432,0.0675675675675675,0.126004382761139
loc37404_pos26,FALSE,283,77,0.27208480565371,0.249116607773852,0.750883392226148,0.374115047010201
loc37408_pos36,FALSE,298,121,0.406040268456376,0.525167785234899,0.474832214765101,0.49873316517274
loc37415_pos25,FALSE,290,61,0.210344827586207,0.791379310344828,0.208620689655172,0.330196195005945
loc37422_pos104,FALSE,292,16,0.0547945205479452,0.938356164383562,0.0616438356164384,0.115687746293864
loc37430_pos2,FALSE,288,36,0.125,0.0833333333333333,0.916666666666667,0.152777777777778
loc37436_pos2,FALSE,263,25,0.0950570342205323,0.112167300380228,0.887832699619772,0.19917159421128
loc37451_pos30,FALSE,298,45,0.151006711409396,0.88758389261745,0.11241610738255,0.199557452367011
loc37477_pos0,FALSE,259,33,0.127413127413127,0.0907335907335907,0.909266409266409,0.16500201249236
loc37499_pos33,FALSE,296,79,0.266891891891892,0.255067567567568,0.744932432432432,0.380016207085464
loc37534_pos103,FALSE,269,23,0.0855018587360595,0.0910780669144981,0.908921933085502,0.165565705283233
loc37536_pos23,FALSE,264,39,0.147727272727273,0.164772727272727,0.835227272727273,0.275245351239669
loc37540_pos78,FALSE,272,37,0.136029411764706,0.152573529411765,0.847426470588235,0.258589695069204
loc37543_pos15,FALSE,282,43,0.152482269503546,0.164893617021277,0.835106382978723,0.275407424173834
loc37545_pos34,FALSE,285,32,0.112280701754386,0.936842105263158,0.0631578947368421,0.118337950138504
loc37553_pos50,FALSE,302,101,0.334437086092715,0.700331125827815,0.299668874172185,0.419734880049121
loc37572_pos28,FALSE,290,63,0.217241379310345,0.174137931034483,0.825862068965517,0.287627824019025
loc37599_pos12,FALSE,285,140,0.491228070175439,0.582456140350877,0.417543859649123,0.486401969836873
loc37605_pos47,FALSE,293,108,0.368600682593857,0.47098976109215,0.52901023890785,0.498316812077019
loc37608_pos45,FALSE,289,71,0.245674740484429,0.759515570934256,0.240484429065744,0.365303336885334
loc37614_pos14,FALSE,293,99,0.337883959044369,0.264505119453925,0.735494880546075,0.38908432247318
loc37617_pos5,FALSE,306,44,0.143790849673203,0.88562091503268,0.11437908496732,0.202593019778718
loc37620_pos17,FALSE,285,42,0.147368421052632,0.88421052631579,0.115789473684211,0.204764542936288
loc37638_pos99,FALSE,264,20,0.0757575757575758,0.931818181818182,0.0681818181818182,0.127066115702479
loc37655_pos165,FALSE,290,58,0.2,0.131034482758621,0.868965517241379,0.227728894173603
loc37662_pos31,FALSE,265,56,0.211320754716981,0.237735849056604,0.762264150943396,0.362435030259879
loc37663_pos27,FALSE,303,74,0.244224422442244,0.821782178217822,0.178217821782178,0.292912459562788
loc37696_pos38,FALSE,285,75,0.263157894736842,0.812280701754386,0.187719298245614,0.304961526623577
loc37703_pos61,FALSE,289,25,0.0865051903114187,0.0640138408304498,0.93598615916955,0.119832138025167
loc37726_pos95,FALSE,275,54,0.196363636363636,0.145454545454545,0.854545454545454,0.248595041322314
loc37731_pos109,FALSE,264,58,0.21969696969697,0.795454545454545,0.204545454545455,0.325413223140496
loc37736_pos4,FALSE,304,33,0.108552631578947,0.896381578947368,0.103618421052632,0.185763287742382
loc37773_pos29,FALSE,297,52,0.175084175084175,0.171717171717172,0.828282828282828,0.284460769309254
loc37783_pos2,FALSE,302,69,0.228476821192053,0.243377483443709,0.756622516556291,0.368289767992632
loc37788_pos45,FALSE,274,23,0.083941605839416,0.932481751824818,0.0675182481751825,0.125919068677074
loc37817_pos6,FALSE,271,97,0.357933579335793,0.592250922509225,0.407749077490775,0.482979534592394
loc37821_pos98,FALSE,274,22,0.0802919708029197,0.930656934306569,0.0693430656934306,0.129069209867334
loc37854_pos2,FALSE,286,30,0.104895104895105,0.94055944055944,0.0594405594405595,0.111814758667906
loc37858_pos7,FALSE,298,129,0.432885906040268,0.478187919463087,0.521812080536913,0.499048466285302
loc37866_pos81,FALSE,288,71,0.246527777777778,0.210069444444444,0.789930555555556,0.331880545910494
loc37869_pos4,FALSE,284,43,0.151408450704225,0.878521126760563,0.121478873239437,0.213443513191827
loc37890_pos14,FALSE,299,33,0.110367892976589,0.0986622073578595,0.90133779264214,0.177855952394269
loc37903_pos105,FALSE,300,127,0.423333333333333,0.755,0.245,0.36995
loc37937_pos24,FALSE,260,58,0.223076923076923,0.761538461538461,0.238461538461539,0.363195266272189
loc37941_pos93,FALSE,288,91,0.315972222222222,0.710069444444444,0.289930555555556,0.411741657021605
loc37968_pos16,FALSE,298,22,0.0738255033557047,0.949664429530201,0.0503355704697986,0.0956038016305572
loc37972_pos27,FALSE,277,18,0.0649819494584837,0.942238267148014,0.0577617328519856,0.108850630139843
loc37977_pos13,FALSE,292,48,0.164383561643836,0.85958904109589,0.14041095890411,0.241391443047476
loc37997_pos165,FALSE,301,29,0.0963455149501661,0.0714285714285714,0.928571428571429,0.13265306122449
loc38003_pos16,FALSE,267,53,0.198501872659176,0.177902621722846,0.822097378277154,0.292506557813969
loc38044_pos101,FALSE,274,41,0.14963503649635,0.877737226277372,0.122262773722628,0.214629175768555
loc38088_pos9,FALSE,289,33,0.114186851211073,0.911764705882353,0.0882352941176471,0.160899653979239
loc38105_pos130,FALSE,311,41,0.131832797427653,0.905144694533762,0.094855305466238,0.171715552982289
loc38112_pos6,FALSE,271,26,0.0959409594095941,0.904059040590406,0.0959409594095941,0.173472583434321
loc38125_pos89,FALSE,294,32,0.108843537414966,0.914965986394558,0.0850340136054422,0.155606460271183
loc38127_pos10,FALSE,261,89,0.340996168582375,0.415708812260536,0.584291187739464,0.485789991338941
loc38134_pos43,FALSE,259,16,0.0617760617760618,0.945945945945946,0.0540540540540541,0.102264426588751
loc38174_pos134,FALSE,263,101,0.384030418250951,0.625475285171103,0.374524714828897,0.468511905622461
loc38191_pos5,FALSE,267,46,0.172284644194757,0.895131086142322,0.104868913857678,0.187742849527978
loc38214_pos11,FALSE,302,38,0.125827814569536,0.923841059602649,0.0761589403973509,0.140717512389807
loc38218_pos93,FALSE,279,30,0.10752688172043,0.92831541218638,0.0716845878136201,0.133091815367223
loc38224_pos37,FALSE,259,32,0.123552123552124,0.926640926640927,0.0733590733590733,0.135955039429943
loc38227_pos4,FALSE,266,41,0.154135338345865,0.896616541353383,0.103383458646617,0.18539063824976
loc38238_pos4,FALSE,270,64,0.237037037037037,0.248148148148148,0.751851851851852,0.373141289437586
loc38254_pos47,FALSE,299,87,0.290969899665552,0.737458193979933,0.262541806020067,0.387227212223577
loc38288_pos3,FALSE,310,32,0.103225806451613,0.945161290322581,0.0548387096774193,0.10366285119667
loc38331_pos24,FALSE,259,21,0.0810810810810811,0.932432432432432,0.0675675675675675,0.126004382761139
loc38351_pos1,FALSE,271,69,0.254612546125461,0.223247232472325,0.776752767527675,0.346815811331545
loc38375_pos96,FALSE,280,10,0.0357142857142857,0.95,0.05,0.0950000000000001
loc38413_pos132,FALSE,271,65,0.239852398523985,0.79520295202952,0.20479704797048,0.325710434226113
loc38433_pos178,FALSE,276,27,0.0978260869565217,0.929347826086957,0.0706521739130435,0.131320888468809
loc38449_pos37,FALSE,274,116,0.423357664233577,0.562043795620438,0.437956204379562,0.492301134850019
loc38454_pos5,FALSE,285,107,0.375438596491228,0.587719298245614,0.412280701754386,0.484610649430594
loc38465_pos7,FALSE,292,78,0.267123287671233,0.784246575342466,0.215753424657534,0.33840776881216
loc38505_pos2,FALSE,290,70,0.241379310344828,0.844827586206897,0.155172413793103,0.262187871581451
loc38516_pos19,FALSE,298,84,0.281879194630872,0.208053691275168,0.791946308724832,0.32953470564389
loc38525_pos133,FALSE,270,101,0.374074074074074,0.690740740740741,0.309259259259259,0.427235939643347
loc38548_pos18,FALSE,267,70,0.262172284644195,0.224719101123595,0.775280898876405,0.348440853427598
loc38550_pos29,FALSE,269,117,0.434944237918216,0.477695167286245,0.522304832713755,0.499004988875223
loc38554_pos11,FALSE,295,33,0.111864406779661,0.076271186440678,0.923728813559322,0.140907785119219
loc38556_pos5,FALSE,276,123,0.445652173913043,0.556159420289855,0.443840579710145,0.493692239025415
loc38582_pos19,FALSE,273,125,0.457875457875458,0.452380952380952,0.547619047619048,0.49546485260771
loc38593_pos121,FALSE,288,34,0.118055555555556,0.135416666666667,0.864583333333333,0.234157986111111
loc38600_pos101,FALSE,291,41,0.140893470790378,0.108247422680412,0.891752577319588,0.193059836326921
loc38608_pos14,FALSE,281,97,0.345195729537367,0.763345195729537,0.236654804270463,0.361298615772343
loc38612_pos7,FALSE,294,112,0.380952380952381,0.36734693877551,0.63265306122449,0.464806330695544
loc38633_pos106,FALSE,260,18,0.0692307692307692,0.95,0.05,0.0950000000000001
loc38649_pos20,FALSE,283,20,0.0706713780918728,0.0530035335689046,0.946996466431095,0.100388317996229
loc38668_pos9,FALSE,280,58,0.207142857142857,0.871428571428571,0.128571428571429,0.224081632653061
loc38678_pos14,FALSE,300,54,0.18,0.153333333333333,0.846666666666667,0.259644444444444
loc38682_pos52,FALSE,287,83,0.289198606271777,0.294425087108014,0.705574912891986,0.415477910378905
loc38690_pos4,FALSE,286,35,0.122377622377622,0.917832167832168,0.0821678321678322,0.150832559049342
loc38704_pos11,FALSE,295,110,0.372881355932203,0.572881355932203,0.427118644067797,0.489376615914967
loc38707_pos23,FALSE,279,22,0.0788530465949821,0.0931899641577061,0.906810035842294,0.169011189475983
loc38708_pos28,FALSE,297,92,0.30976430976431,0.720538720538721,0.279461279461279,0.402725345486288
loc38715_pos56,FALSE,281,95,0.338078291814947,0.268683274021352,0.731316725978648,0.392985144565038
loc38745_pos13,FALSE,296,114,0.385135135135135,0.368243243243243,0.631756756756757,0.465280314097882
loc38749_pos134,FALSE,293,44,0.150170648464164,0.897610921501707,0.102389078498293,0.183811110205128
loc38754_pos168,FALSE,288,44,0.152777777777778,0.899305555555556,0.100694444444444,0.181110146604938
loc38769_pos108,FALSE,275,78,0.283636363636364,0.258181818181818,0.741818181818182,0.383047933884298
loc38771_pos84,FALSE,295,101,0.342372881355932,0.252542372881356,0.747457627118644,0.37752944556162
loc38782_pos5,FALSE,279,119,0.426523297491039,0.288530465949821,0.711469534050179,0.4105612723372
loc38786_pos51,FALSE,294,84,0.285714285714286,0.731292517006803,0.268707482993197,0.393007543153316
loc38824_pos9,FALSE,290,112,0.386206896551724,0.5,0.5,0.5
loc38836_pos3,FALSE,295,64,0.216949152542373,0.854237288135593,0.145762711864407,0.249031887388681
loc38837_pos14,FALSE,305,67,0.219672131147541,0.840983606557377,0.159016393442623,0.267460360118248
loc38862_pos25,FALSE,293,25,0.0853242320819113,0.0597269624573379,0.940273037542662,0.112319304825915
loc38869_pos5,FALSE,300,75,0.25,0.821666666666667,0.178333333333333,0.293061111111111
loc38875_pos22,FALSE,259,81,0.312741312741313,0.55019305019305,0.44980694980695,0.494961315424636
loc38886_pos21,FALSE,285,21,0.0736842105263158,0.949122807017544,0.0508771929824562,0.0965774084333642
loc38902_pos121,FALSE,261,106,0.406130268199234,0.781609195402299,0.218390804597701,0.34139252212974
loc38938_pos17,FALSE,287,85,0.29616724738676,0.709059233449477,0.290940766550523,0.412588473819034
loc38945_pos73,FALSE,286,91,0.318181818181818,0.25,0.75,0.375
loc38952_pos26,FALSE,272,124,0.455882352941176,0.573529411764706,0.426470588235294,0.489186851211073
loc38991_pos64,FALSE,269,34,0.12639405204461,0.9182156133829,0.0817843866171004,0.15019140144553
loc39003_pos14,FALSE,294,32,0.108843537414966,0.91156462585034,0.0884353741496599,0.161229117497339
loc39042_pos3,FALSE,287,42,0.146341463414634,0.156794425087108,0.843205574912892,0.264419866697423
loc39043_pos5,FALSE,295,42,0.142372881355932,0.142372881355932,0.857627118644068,0.244205688020684
loc39047_pos94,FALSE,292,30,0.102739726027397,0.948630136986301,0.0513698630136986,0.0974620003753049
loc39054_pos18,FALSE,295,29,0.0983050847457627,0.923728813559322,0.076271186440678,0.140907785119219
loc39060_pos96,FALSE,266,39,0.146616541353383,0.12218045112782,0.87781954887218,0.214504776980044
loc39067_pos31,FALSE,260,62,0.238461538461538,0.176923076923077,0.823076923076923,0.291242603550296
loc39071_pos31,FALSE,294,84,0.285714285714286,0.244897959183673,0.755102040816326,0.369845897542691
loc39095_pos66,FALSE,306,124,0.405228758169935,0.42156862745098,0.57843137254902,0.487697039600154
loc39099_pos49,FALSE,281,34,0.120996441281139,0.925266903914591,0.0747330960854092,0.138296120869796
loc39121_pos100,FALSE,259,23,0.0888030888030888,0.886100386100386,0.113899613899614,0.201852983706266
loc39124_pos62,FALSE,274,80,0.291970802919708,0.197080291970803,0.802919708029197,0.316479300975012
loc39135_pos13,FALSE,286,24,0.0839160839160839,0.0769230769230769,0.923076923076923,0.142011834319527
loc39137_pos8,FALSE,285,122,0.428070175438596,0.596491228070175,0.403508771929825,0.481378885811019
loc39138_pos24,FALSE,287,32,0.111498257839721,0.923344947735192,0.0766550522648084,0.141558110454176
loc39145_pos1,FALSE,292,49,0.167808219178082,0.895547945205479,0.104452054794521,0.187083646087446
loc39147_pos35,FALSE,265,73,0.275471698113208,0.311320754716981,0.688679245283019,0.428800284798861
loc39157_pos11,FALSE,278,51,0.183453237410072,0.843525179856115,0.156474820143885,0.263980901609648
loc39159_pos11,FALSE,270,71,0.262962962962963,0.624074074074074,0.375925925925926,0.469211248285322
loc39172_pos3,FALSE,297,95,0.31986531986532,0.681818181818182,0.318181818181818,0.433884297520661
loc39205_pos99,FALSE,274,20,0.072992700729927,0.930656934306569,0.0693430656934306,0.129069209867334
loc39241_pos6,FALSE,266,35,0.131578947368421,0.889097744360902,0.110902255639098,0.197205890666516
loc39261_pos40,FALSE,266,89,0.334586466165414,0.505639097744361,0.494360902255639,0.499936401153259
loc39271_pos69,FALSE,291,76,0.261168384879725,0.797250859106529,0.202749140893471,0.323283853520861
loc39292_pos17,FALSE,287,66,0.229965156794425,0.198606271777003,0.801393728222996,0.318323641175685
loc39303_pos8,FALSE,278,19,0.0683453237410072,0.929856115107914,0.0701438848920863,0.130447440608664
loc39315_pos8,FALSE,261,49,0.187739463601533,0.162835249042146,0.837164750957854,0.272639861423056
loc39334_pos7,FALSE,284,47,0.165492957746479,0.892605633802817,0.107394366197183,0.191721632612577
loc39340_pos94,FALSE,270,66,0.244444444444444,0.207407407407407,0.792592592592593,0.32877914951989
loc39361_pos24,FALSE,274,119,0.434306569343066,0.432481751824818,0.567518248175182,0.490882572326709
loc39362_pos35,FALSE,274,57,0.208029197080292,0.155109489051095,0.844890510948905,0.262101070914806
loc39393_pos12,FALSE,278,66,0.237410071942446,0.784172661870504,0.215827338129496,0.338491796490865
loc39424_pos96,FALSE,277,34,0.122743682310469,0.148014440433213,0.851985559566787,0.252212331712912
loc39436_pos19,FALSE,260,13,0.05,0.936538461538462,0.0634615384615385,0.118868343195266
loc39472_pos60,FALSE,290,64,0.220689655172414,0.868965517241379,0.131034482758621,0.227728894173603
loc39482_pos26,FALSE,294,82,0.27891156462585,0.255102040816327,0.744897959183674,0.380049979175344
loc39509_pos113,FALSE,282,66,0.234042553191489,0.202127659574468,0.797872340425532,0.322544137618832
loc39519_pos4,FALSE,271,71,0.261992619926199,0.186346863468635,0.813653136531365,0.303243419888073
loc39522_pos15,FALSE,285,20,0.0701754385964912,0.940350877192982,0.0596491228070175,0.112182209910742
loc39551_pos11,FALSE,299,37,0.123745819397993,0.92809364548495,0.0719063545150501,0.133471661390812
loc39566_pos105,FALSE,275,43,0.156363636363636,0.103636363636364,0.896363636363636,0.18579173553719
loc39603_pos6,FALSE,281,85,0.302491103202847,0.218861209964413,0.781138790035587,0.341921961474652
loc39636_pos0,FALSE,291,53,0.18213058419244,0.891752577319588,0.108247422680412,0.193059836326921
loc39645_pos113,FALSE,279,21,0.0752688172043011,0.0734767025089606,0.92652329749104,0.136155753394741
loc39776_pos94,FALSE,292,57,0.195205479452055,0.871575342465753,0.128424657534247,0.223863529742916
loc39804_pos16,FALSE,264,32,0.121212121212121,0.912878787878788,0.0871212121212122,0.159062213039486
loc39809_pos14,FALSE,298,61,0.204697986577181,0.86744966442953,0.13255033557047,0.229961488221251
loc39812_pos10,FALSE,294,64,0.217687074829932,0.853741496598639,0.146258503401361,0.24973390716831
loc39825_pos170,FALSE,269,50,0.185873605947955,0.137546468401487,0.862453531598513,0.237254874863531
loc39848_pos128,FALSE,269,104,0.386617100371747,0.613382899628253,0.386617100371747,0.474288636143779
loc39854_pos3,FALSE,260,94,0.361538461538462,0.726923076923077,0.273076923076923,0.397011834319527
loc39875_pos12,FALSE,287,19,0.0662020905923345,0.949477351916376,0.0505226480836237,0.0959402202284841
loc39877_pos37,FALSE,266,91,0.342105263157895,0.607142857142857,0.392857142857143,0.477040816326531
loc39886_pos167,FALSE,278,40,0.143884892086331,0.920863309352518,0.079136690647482,0.145748149681693
loc39896_pos49,FALSE,284,75,0.264084507042254,0.808098591549296,0.191901408450704,0.31015051577068
loc39923_pos9,FALSE,274,24,0.0875912408759124,0.923357664233577,0.0766423357664233,0.14153657626938
loc39926_pos122,FALSE,304,80,0.263157894736842,0.190789473684211,0.80921052631579,0.308777700831025
loc39941_pos7,FALSE,274,96,0.35036496350365,0.401459854014599,0.598540145985401,0.480579679258351
loc40007_pos108,FALSE,281,89,0.316725978647687,0.603202846975089,0.396797153024911,0.478698344752473
loc40020_pos105,FALSE,286,73,0.255244755244755,0.767482517482518,0.232517482517482,0.356906205682429
loc40055_pos29,FALSE,289,109,0.377162629757785,0.458477508650519,0.541522491349481,0.496551765424264
loc40092_pos14,FALSE,266,17,0.0639097744360902,0.922932330827068,0.0770676691729323,0.142256487082367
loc40101_pos24,FALSE,273,93,0.340659340659341,0.360805860805861,0.639194139194139,0.461249983228005
loc40103_pos15,FALSE,305,113,0.370491803278689,0.352459016393443,0.647540983606557,0.456463316312819
loc40105_pos18,FALSE,279,28,0.100358422939068,0.92831541218638,0.0716845878136201,0.133091815367223
loc40119_pos16,FALSE,301,67,0.222591362126246,0.177740863787375,0.822259136212625,0.292298098254986
loc40140_pos10,FALSE,289,20,0.069204152249135,0.944636678200692,0.0553633217993079,0.104596448797308
loc40145_pos1,FALSE,273,21,0.0769230769230769,0.899267399267399,0.100732600732601,0.181171087764494
loc40146_pos62,FALSE,301,32,0.106312292358804,0.112956810631229,0.887043189368771,0.2003951391265
loc40152_pos48,FALSE,264,38,0.143939393939394,0.859848484848485,0.140151515151515,0.2410181359045
loc40164_pos74,FALSE,282,109,0.386524822695035,0.356382978723404,0.643617021276596,0.458748302399276
loc40180_pos0,FALSE,292,27,0.0924657534246575,0.946917808219178,0.053082191780822,0.100528945393132
loc40190_pos96,FALSE,303,129,0.425742574257426,0.298679867986799,0.701320132013201,0.418940408892374
loc40191_pos15,FALSE,278,54,0.194244604316547,0.892086330935252,0.107913669064748,0.192536618187464
loc40214_pos95,FALSE,293,32,0.109215017064846,0.945392491467577,0.0546075085324232,0.103251057088609
loc40217_pos15,FALSE,282,120,0.425531914893617,0.539007092198582,0.460992907801418,0.496956893516423
loc40226_pos18,FALSE,272,65,0.238970588235294,0.803308823529412,0.196691176470588,0.316007515138408
loc40235_pos102,FALSE,278,46,0.165467625899281,0.870503597122302,0.129496402877698,0.22545416903887
loc40236_pos3,FALSE,275,48,0.174545454545455,0.130909090909091,0.869090909090909,0.227543801652893
loc40241_pos28,FALSE,282,38,0.134751773049645,0.847517730496454,0.152482269503546,0.258462853981188
loc40266_pos55,FALSE,300,54,0.18,0.143333333333333,0.856666666666667,0.245577777777778
loc40278_pos0,FALSE,274,68,0.248175182481752,0.266423357664234,0.733576642335766,0.390883904310299
loc40279_pos15,FALSE,265,80,0.30188679245283,0.215094339622642,0.784905660377359,0.337657529369883
loc40281_pos11,FALSE,281,100,0.355871886120996,0.355871886120996,0.644128113879004,0.458454173579362
loc40300_pos37,FALSE,304,118,0.388157894736842,0.37828947368421,0.62171052631579,0.470373095567867
loc40308_pos28,FALSE,270,73,0.27037037037037,0.209259259259259,0.790740740740741,0.330939643347051
loc40310_pos29,FALSE,269,90,0.33457249070632,0.684014869888476,0.315985130111524,0.432277055319855
loc40328_pos93,FALSE,287,34,0.118466898954704,0.923344947735192,0.0766550522648084,0.141558110454176
loc40336_pos104,FALSE,289,48,0.166089965397924,0.899653979238754,0.100346020761246,0.180553393757259
loc40339_pos109,FALSE,284,44,0.154929577464789,0.911971830985915,0.0880281690140845,0.160558420948225
loc40350_pos15,FALSE,265,89,0.335849056603774,0.349056603773585,0.650943396226415,0.454432182271271
loc40366_pos36,FALSE,280,45,0.160714285714286,0.1125,0.8875,0.1996875
loc40370_pos14,FALSE,279,56,0.200716845878136,0.867383512544803,0.132616487455197,0.230058709420485
loc40393_pos0,FALSE,269,55,0.204460966542751,0.827137546468402,0.172862453531598,0.285962051381269
loc40400_pos7,FALSE,288,96,0.333333333333333,0.729166666666667,0.270833333333333,0.394965277777778
loc40409_pos102,FALSE,307,49,0.159609120521173,0.848534201954397,0.151465798045603,0.257047820136023
loc40411_pos92,FALSE,287,105,0.365853658536585,0.444250871080139,0.555749128919861,0.493784069249354
loc40428_pos37,FALSE,293,110,0.37542662116041,0.372013651877133,0.627986348122867,0.467238989388345
loc40429_pos3,FALSE,279,55,0.197132616487455,0.202508960573477,0.797491039426523,0.322998162921854
loc40433_pos32,FALSE,302,33,0.109271523178808,0.0678807947019868,0.932119205298013,0.126545984825227
loc40438_pos129,FALSE,289,98,0.339100346020761,0.688581314878893,0.311418685121107,0.428874175357096
loc40456_pos82,FALSE,294,61,0.207482993197279,0.178571428571429,0.821428571428571,0.293367346938776
loc40458_pos8,FALSE,265,18,0.0679245283018868,0.909433962264151,0.090566037735849,0.164727661089356
loc40459_pos26,FALSE,278,94,0.338129496402878,0.661870503597122,0.338129496402878,0.447595880130428
loc40464_pos6,FALSE,289,80,0.27681660899654,0.273356401384083,0.726643598615917,0.397265358412854
loc40467_pos7,FALSE,280,100,0.357142857142857,0.425,0.575,0.48875
loc40478_pos18,FALSE,280,77,0.275,0.273214285714286,0.726785714285714,0.397136479591837
loc40479_pos44,FALSE,302,63,0.208609271523179,0.153973509933775,0.846026490066225,0.260531336344897
loc40483_pos110,FALSE,294,26,0.0884353741496599,0.945578231292517,0.0544217687074829,0.102920079596464
loc40528_pos55,FALSE,269,56,0.20817843866171,0.83271375464684,0.16728624535316,0.278603114937604
loc40530_pos0,FALSE,274,90,0.328467153284672,0.525547445255474,0.474452554744526,0.498694656081837
loc40543_pos2,FALSE,264,95,0.359848484848485,0.710227272727273,0.289772727272727,0.411608987603306
loc40553_pos49,FALSE,295,26,0.088135593220339,0.935593220338983,0.0644067796610169,0.120517092789428
loc40561_pos27,FALSE,307,50,0.162866449511401,0.117263843648208,0.882736156351791,0.207026069242114
loc40577_pos105,FALSE,291,34,0.116838487972509,0.865979381443299,0.134020618556701,0.23211818471676
loc40590_pos71,FALSE,263,18,0.0684410646387833,0.904942965779468,0.0950570342205324,0.172042388931458
loc40627_pos33,FALSE,293,76,0.25938566552901,0.208191126279863,0.791808873720137,0.329695162436371
loc40650_pos22,FALSE,288,48,0.166666666666667,0.111111111111111,0.888888888888889,0.197530864197531
loc40665_pos99,FALSE,284,27,0.0950704225352113,0.938380281690141,0.0616197183098591,0.115645457250545
loc40686_pos110,FALSE,288,28,0.0972222222222222,0.920138888888889,0.0798611111111112,0.14696662808642
loc40699_pos49,FALSE,297,37,0.124579124579125,0.0824915824915825,0.917508417508417,0.151373442619234
loc40719_pos14,FALSE,305,44,0.144262295081967,0.891803278688525,0.108196721311475,0.192980381617845
loc40746_pos42,FALSE,297,43,0.144781144781145,0.887205387205387,0.112794612794613,0.200143976238252
loc40747_pos19,FALSE,295,100,0.338983050847458,0.36271186440678,0.63728813559322,0.462303935650675
loc40801_pos94,FALSE,270,18,0.0666666666666667,0.933333333333333,0.0666666666666667,0.124444444444444
loc40810_pos14,FALSE,281,91,0.323843416370107,0.599644128113879,0.400355871886121,0.48014209546485
loc40819_pos97,FALSE,285,113,0.396491228070175,0.317543859649123,0.682456140350877,0.433419513696522
loc40834_pos93,FALSE,272,24,0.0882352941176471,0.933823529411765,0.0661764705882353,0.123594290657439
loc40849_pos37,FALSE,264,89,0.337121212121212,0.5625,0.4375,0.4921875
loc40880_pos36,FALSE,301,21,0.0697674418604651,0.941860465116279,0.0581395348837209,0.109518658734451
loc40893_pos54,FALSE,307,36,0.117263843648208,0.912052117263844,0.0879478827361564,0.160426105316767
loc40917_pos27,FALSE,259,22,0.0849420849420849,0.93050193050193,0.0694980694980695,0.129336175668222
loc40919_pos21,FALSE,293,85,0.290102389078498,0.766211604095563,0.233788395904437,0.358262763689734
loc40929_pos14,FALSE,272,81,0.297794117647059,0.229779411764706,0.770220588235294,0.353961667387543
loc40969_pos7,FALSE,277,53,0.191335740072202,0.864620938628159,0.135379061371841,0.234103142227841
loc40984_pos6,FALSE,262,35,0.133587786259542,0.108778625954198,0.891221374045801,0.19389167297943
loc40986_pos122,FALSE,270,66,0.244444444444444,0.796296296296296,0.203703703703704,0.324417009602195
loc40989_pos36,FALSE,292,33,0.113013698630137,0.902397260273973,0.0976027397260274,0.176152889848002
loc40993_pos8,FALSE,294,126,0.428571428571429,0.520408163265306,0.479591836734694,0.499167013744273
loc41012_pos7,FALSE,293,58,0.197952218430034,0.84641638225256,0.15358361774744,0.259991380214097
loc41019_pos29,FALSE,264,17,0.0643939393939394,0.948863636363636,0.0511363636363636,0.0970428719008265
loc41053_pos102,FALSE,299,38,0.127090301003344,0.903010033444816,0.096989966555184,0.175165825885617
loc41061_pos11,FALSE,272,32,0.117647058823529,0.919117647058823,0.0808823529411765,0.148680795847751
loc41110_pos51,FALSE,290,108,0.372413793103448,0.431034482758621,0.568965517241379,0.490487514863258
loc41119_pos3,FALSE,259,41,0.158301158301158,0.167953667953668,0.832046332046332,0.279490466749154
loc41125_pos6,FALSE,306,57,0.186274509803922,0.834967320261438,0.165032679738562,0.275593788713743
loc41131_pos3,FALSE,288,81,0.28125,0.758680555555556,0.241319444444444,0.366168740354938
loc41138_pos10,FALSE,279,51,0.182795698924731,0.887096774193548,0.112903225806452,0.200312174817898
loc41140_pos16,FALSE,288,41,0.142361111111111,0.890625,0.109375,0.19482421875
loc41143_pos95,FALSE,287,58,0.202090592334495,0.132404181184669,0.867595818815331,0.229746627978973
loc41147_pos31,FALSE,295,28,0.0949152542372881,0.922033898305085,0.0779661016949152,0.143774777362827
loc41151_pos0,FALSE,285,30,0.105263157894737,0.0736842105263158,0.926315789473684,0.136509695290859
loc41155_pos9,FALSE,271,70,0.25830258302583,0.225092250922509,0.774907749077491,0.348851458994295
loc41159_pos42,FALSE,270,51,0.188888888888889,0.17962962962963,0.82037037037037,0.294725651577503
loc41162_pos11,FALSE,274,81,0.295620437956204,0.454379562043796,0.545620437956204,0.495837551281368
loc41163_pos18,FALSE,294,94,0.319727891156463,0.231292517006803,0.768707482993197,0.355592577166921
loc41164_pos4,FALSE,277,40,0.144404332129964,0.898916967509025,0.101083032490975,0.181730506066807
loc41171_pos95,FALSE,282,73,0.25886524822695,0.75354609929078,0.24645390070922,0.37142875106886
loc41189_pos38,FALSE,299,126,0.421404682274247,0.605351170568562,0.394648829431438,0.477802261719668
loc41200_pos5,FALSE,297,28,0.0942760942760943,0.909090909090909,0.0909090909090909,0.165289256198347
loc41207_pos168,FALSE,274,100,0.364963503649635,0.474452554744526,0.525547445255474,0.498694656081837
loc41227_pos2,FALSE,261,19,0.0727969348659004,0.921455938697318,0.078544061302682,0.144749783473525
loc41250_pos11,FALSE,274,55,0.200729927007299,0.144160583941606,0.855839416058394,0.246756619958442
loc41279_pos28,FALSE,290,17,0.0586206896551724,0.943103448275862,0.0568965517241379,0.107318668252081
loc41286_pos2,FALSE,263,87,0.330798479087452,0.328897338403042,0.671102661596958,0.441447758388874
loc41334_pos5,FALSE,277,20,0.072202166064982,0.0541516245487365,0.945848375451264,0.102438452214938
loc41357_pos7,FALSE,293,74,0.252559726962457,0.215017064846416,0.784982935153584,0.337569453342497
loc41366_pos44,FALSE,263,45,0.171102661596958,0.834600760456274,0.165399239543726,0.276084662204167
loc41372_pos9,FALSE,303,94,0.31023102310231,0.267326732673267,0.732673267326733,0.391726301343006
loc41382_pos82,FALSE,270,27,0.1,0.0944444444444444,0.905555555555556,0.171049382716049
loc41420_pos38,FALSE,303,111,0.366336633663366,0.325082508250825,0.674917491749175,0.438807742160355
loc41439_pos12,FALSE,275,48,0.174545454545455,0.898181818181818,0.101818181818182,0.182902479338843
loc41458_pos46,FALSE,291,57,0.195876288659794,0.183848797250859,0.816151202749141,0.300096834000543
loc41515_pos7,FALSE,289,41,0.141868512110727,0.904844290657439,0.0951557093425606,0.172202200644149
loc41521_pos5,FALSE,297,44,0.148148148148148,0.101010101010101,0.898989898989899,0.18161412100806
loc41534_pos53,FALSE,263,81,0.307984790874525,0.287072243346008,0.712927756653992,0.409323540892596
loc41557_pos76,FALSE,281,23,0.0818505338078292,0.0800711743772242,0.919928825622776,0.147319562822153
loc41571_pos9,FALSE,293,41,0.139931740614334,0.131399317406143,0.868600682593857,0.228267073582686
loc41601_pos9,FALSE,282,84,0.297872340425532,0.776595744680851,0.223404255319149,0.346989588048891
loc41621_pos16,FALSE,294,25,0.0850340136054422,0.879251700680272,0.120748299319728,0.212336295062243
loc41629_pos2,FALSE,263,26,0.0988593155893536,0.88212927756654,0.11787072243346,0.207954430452949
loc41645_pos26,FALSE,298,20,0.0671140939597315,0.922818791946309,0.0771812080536913,0.142448538354128
loc41646_pos14,FALSE,274,20,0.072992700729927,0.0510948905109489,0.948905109489051,0.0969684053492461
loc41654_pos3,FALSE,259,16,0.0617760617760618,0.0501930501930502,0.94980694980695,0.0953474158107363
loc41669_pos12,FALSE,288,67,0.232638888888889,0.276041666666667,0.723958333333333,0.399685329861111
loc41719_pos13,FALSE,280,13,0.0464285714285714,0.948214285714286,0.0517857142857143,0.0982079081632654
loc41722_pos9,FALSE,281,46,0.163701067615658,0.882562277580071,0.117437722419929,0.207292207545497
loc41731_pos3,FALSE,261,85,0.325670498084291,0.60727969348659,0.39272030651341,0.476982134730847
loc41751_pos10,FALSE,275,96,0.349090909090909,0.345454545454545,0.654545454545455,0.452231404958678
loc41754_pos8,FALSE,262,38,0.145038167938931,0.854961832061069,0.145038167938931,0.248004195559699
loc41776_pos58,FALSE,297,55,0.185185185185185,0.853535353535353,0.146464646464647,0.250025507601265
loc41789_pos8,FALSE,275,24,0.0872727272727273,0.0981818181818182,0.901818181818182,0.177084297520661
loc41796_pos11,FALSE,272,62,0.227941176470588,0.191176470588235,0.808823529411765,0.309256055363322
loc41809_pos3,FALSE,261,47,0.18007662835249,0.867816091954023,0.132183908045977,0.229422644999339
loc41824_pos6,FALSE,302,41,0.135761589403974,0.836092715231788,0.163907284768212,0.274083373536248
loc41851_pos2,FALSE,289,56,0.193771626297578,0.833910034602076,0.166089965397924,0.277008177584081
loc41852_pos1,FALSE,268,21,0.0783582089552239,0.94589552238806,0.0541044776119403,0.102354366228559
loc41854_pos8,FALSE,282,81,0.287234042553192,0.23936170212766,0.76063829787234,0.364135355364418
loc41862_pos106,FALSE,282,74,0.26241134751773,0.23758865248227,0.76241134751773,0.362280569387858
loc41869_pos136,FALSE,291,33,0.11340206185567,0.929553264604811,0.070446735395189,0.130967985734698
loc41880_pos10,FALSE,293,32,0.109215017064846,0.921501706484642,0.0784982935153583,0.14467262286107
loc41887_pos28,FALSE,293,53,0.180887372013652,0.851535836177474,0.148464163822526,0.252845111766008
loc41889_pos16,FALSE,271,41,0.151291512915129,0.894833948339483,0.105166051660517,0.188212306477308
loc41936_pos3,FALSE,300,56,0.186666666666667,0.873333333333333,0.126666666666667,0.221244444444444
loc41946_pos16,FALSE,296,93,0.314189189189189,0.319256756756757,0.680743243243243,0.434663760043828
loc41976_pos47,FALSE,274,87,0.317518248175182,0.381386861313869,0.618613138686131,0.471861846662049
loc41987_pos5,FALSE,283,77,0.27208480565371,0.860424028268551,0.139575971731449,0.240189039693341
loc42018_pos69,FALSE,289,54,0.186851211072664,0.847750865051903,0.152249134948097,0.258138671711306
loc42029_pos44,FALSE,277,39,0.140794223826715,0.850180505415162,0.149819494584838,0.254747227254363
loc42033_pos136,FALSE,292,114,0.39041095890411,0.280821917808219,0.719178082191781,0.403921936573466
loc42041_pos3,FALSE,263,60,0.228136882129278,0.288973384030418,0.711026615969582,0.410935534704853
loc42044_pos43,FALSE,293,28,0.0955631399317406,0.856655290102389,0.143344709897611,0.245594008083961
loc42053_pos4,FALSE,285,110,0.385964912280702,0.4,0.6,0.48
loc42092_pos18,FALSE,285,76,0.266666666666667,0.842105263157895,0.157894736842105,0.265927977839335
loc42098_pos108,FALSE,287,92,0.320557491289199,0.275261324041812,0.724738675958188,0.398985055057121
loc42099_pos4,FALSE,293,38,0.129692832764505,0.897610921501707,0.102389078498293,0.183811110205128
loc42109_pos17,FALSE,279,15,0.0537634408602151,0.912186379928315,0.0878136200716846,0.160204776403181
loc42117_pos27,FALSE,269,30,0.111524163568773,0.936802973977695,0.0631970260223048,0.118406323848482
loc42124_pos54,FALSE,280,19,0.0678571428571429,0.0589285714285714,0.941071428571429,0.110911989795918
loc42128_pos38,FALSE,275,34,0.123636363636364,0.912727272727273,0.0872727272727273,0.159312396694215
loc42143_pos107,FALSE,296,36,0.121621621621622,0.0641891891891892,0.935810810810811,0.120137874360847
loc42158_pos44,FALSE,304,27,0.0888157894736842,0.949013157894737,0.0509868421052632,0.0967743680747923
loc42165_pos14,FALSE,308,36,0.116883116883117,0.0616883116883117,0.938311688311688,0.115765727778715
loc42185_pos87,FALSE,269,102,0.379182156133829,0.802973977695167,0.197026022304833,0.316413537679136
loc42268_pos13,FALSE,300,77,0.256666666666667,0.818333333333333,0.181666666666667,0.297327777777778
loc42273_pos17,FALSE,302,95,0.314569536423841,0.670529801324503,0.329470198675497,0.441839173720451
loc42275_pos28,FALSE,297,69,0.232323232323232,0.163299663299663,0.836700336700337,0.27326576653176
loc42276_pos102,FALSE,303,38,0.125412541254125,0.937293729372937,0.0627062706270627,0.117548388502217
loc42280_pos5,FALSE,266,31,0.116541353383459,0.93796992481203,0.0620300751879699,0.116364689920289
loc42290_pos14,FALSE,297,85,0.286195286195286,0.765993265993266,0.234006734006734,0.358495164892471
loc42341_pos39,FALSE,291,23,0.0790378006872852,0.939862542955326,0.0601374570446735,0.113041886609747
loc42354_pos3,FALSE,303,96,0.316831683168317,0.234323432343234,0.765676567656766,0.35883192279624
loc42410_pos2,FALSE,268,101,0.376865671641791,0.292910447761194,0.707089552238806,0.414227834707062
loc42417_pos35,FALSE,262,74,0.282442748091603,0.438931297709924,0.561068702290076,0.492541227201212
loc42460_pos13,FALSE,282,20,0.0709219858156028,0.939716312056738,0.0602836879432624,0.113299129822444
loc42468_pos30,FALSE,265,74,0.279245283018868,0.313207547169811,0.686792452830189,0.430217159131363
loc42477_pos4,FALSE,301,21,0.0697674418604651,0.941860465116279,0.0581395348837209,0.109518658734451
loc42485_pos10,FALSE,265,34,0.128301886792453,0.883018867924528,0.116981132075472,0.206593093627625
loc42502_pos15,FALSE,287,90,0.313588850174216,0.236933797909408,0.763066202090592,0.361592346635263
loc42514_pos8,FALSE,272,34,0.125,0.919117647058823,0.0808823529411765,0.148680795847751
loc42540_pos104,FALSE,260,59,0.226923076923077,0.221153846153846,0.778846153846154,0.344489644970414
loc42548_pos23,FALSE,272,73,0.268382352941176,0.226102941176471,0.77389705882353,0.34996080233564
loc42572_pos6,FALSE,299,118,0.394648829431438,0.652173913043478,0.347826086956522,0.453686200378072
loc42578_pos6,FALSE,278,25,0.0899280575539568,0.901079136690647,0.0989208633093526,0.17827105222297
loc42607_pos6,FALSE,282,56,0.198581560283688,0.851063829787234,0.148936170212766,0.25350837483024
loc42627_pos104,FALSE,291,65,0.223367697594502,0.190721649484536,0.809278350515464,0.308693803804868
loc42639_pos19,FALSE,303,30,0.099009900990099,0.0759075907590759,0.924092409240924,0.140291256848457
loc42643_pos41,FALSE,274,26,0.0948905109489051,0.945255474452555,0.0547445255474452,0.103495124940061
loc42649_pos62,FALSE,283,77,0.27208480565371,0.818021201413428,0.181978798586572,0.29772503090312
loc42654_pos30,FALSE,296,85,0.287162162162162,0.795608108108108,0.204391891891892,0.32523169284149
loc42655_pos82,FALSE,270,112,0.414814814814815,0.451851851851852,0.548148148148148,0.495363511659808
loc42681_pos9,FALSE,270,83,0.307407407407407,0.77962962962963,0.22037037037037,0.343614540466392
loc42689_pos18,FALSE,297,128,0.430976430976431,0.30976430976431,0.69023569023569,0.427620764321101
loc42695_pos10,FALSE,287,82,0.285714285714286,0.205574912891986,0.794425087108014,0.326627736162877
loc42726_pos21,FALSE,300,51,0.17,0.875,0.125,0.21875
loc42738_pos41,FALSE,286,116,0.405594405594406,0.604895104895105,0.395104895104895,0.47799403393809
loc42755_pos2,FALSE,294,88,0.299319727891156,0.282312925170068,0.717687074829932,0.405224674903975
loc42766_pos46,FALSE,259,63,0.243243243243243,0.191119691119691,0.808880308880309,0.30918590957201
loc42768_pos19,FALSE,271,81,0.298892988929889,0.293357933579336,0.706642066420664,0.414598112770796
loc42780_pos4,FALSE,270,86,0.318518518518519,0.274074074074074,0.725925925925926,0.397914951989026
loc42792_pos42,FALSE,265,41,0.154716981132075,0.190566037735849,0.809433962264151,0.308501245995016
loc42809_pos3,FALSE,299,50,0.167224080267559,0.879598662207358,0.120401337792642,0.211809711300769
loc42832_pos67,FALSE,280,52,0.185714285714286,0.803571428571429,0.196428571428571,0.315688775510204
loc42845_pos10,FALSE,275,46,0.167272727272727,0.2,0.8,0.32
loc42871_pos26,FALSE,262,24,0.0916030534351145,0.927480916030534,0.0725190839694656,0.13452013285939
loc42872_pos14,FALSE,305,53,0.173770491803279,0.886885245901639,0.113114754098361,0.200639613007256
loc42885_pos16,FALSE,290,129,0.444827586206897,0.567241379310345,0.432758620689655,0.490957193816885
loc42897_pos30,FALSE,283,89,0.314487632508834,0.719081272084806,0.280918727915194,0.404006792443407
loc42906_pos50,FALSE,277,72,0.259927797833935,0.184115523465704,0.815884476534296,0.300433994969308
loc42915_pos39,FALSE,292,80,0.273972602739726,0.732876712328767,0.267123287671233,0.391536873709889
loc42935_pos8,FALSE,299,26,0.0869565217391304,0.949832775919732,0.0501672240802675,0.0953009474166955
loc42937_pos10,FALSE,278,108,0.388489208633094,0.532374100719424,0.467625899280576,0.497903835205217
loc42957_pos9,FALSE,278,54,0.194244604316547,0.863309352517986,0.136690647482014,0.236012628745924
loc42972_pos6,FALSE,300,113,0.376666666666667,0.505,0.495,0.49995
loc42975_pos107,FALSE,287,44,0.153310104529617,0.114982578397213,0.885017421602788,0.203523170124683
loc42978_pos13,FALSE,263,49,0.186311787072243,0.868821292775665,0.131178707224335,0.227941707990574
loc42984_pos13,FALSE,282,81,0.287234042553192,0.686170212765957,0.313829787234043,0.430681303757356
loc42987_pos8,FALSE,288,53,0.184027777777778,0.126736111111111,0.873263888888889,0.221348138503086
loc42990_pos26,FALSE,261,58,0.222222222222222,0.195402298850575,0.804597701149425,0.314440480908971
loc42997_pos8,FALSE,300,26,0.0866666666666667,0.933333333333333,0.0666666666666667,0.124444444444444
loc43015_pos97,FALSE,305,25,0.0819672131147541,0.929508196721311,0.0704918032786885,0.131045417898414
loc43018_pos111,FALSE,277,71,0.256317689530686,0.78158844765343,0.21841155234657,0.341415892296263
loc43028_pos2,FALSE,292,54,0.184931506849315,0.126712328767123,0.873287671232877,0.221312629011072
loc43044_pos26,FALSE,286,33,0.115384615384615,0.914335664335664,0.0856643356643356,0.156651914519047
loc43056_pos19,FALSE,275,87,0.316363636363636,0.281818181818182,0.718181818181818,0.404793388429752
loc43060_pos7,FALSE,259,19,0.0733590733590734,0.94015444015444,0.0598455598455598,0.112528137624663
loc43072_pos27,FALSE,267,84,0.314606741573034,0.292134831460674,0.707865168539326,0.413584143416235
loc43080_pos18,FALSE,288,24,0.0833333333333333,0.0798611111111111,0.920138888888889,0.14696662808642
loc43102_pos132,FALSE,292,66,0.226027397260274,0.160958904109589,0.839041095890411,0.270102270594858
loc43104_pos12,FALSE,260,61,0.234615384615385,0.175,0.825,0.28875
loc43147_pos14,FALSE,275,33,0.12,0.910909090909091,0.0890909090909091,0.162307438016529
loc43153_pos90,FALSE,271,26,0.0959409594095941,0.918819188191882,0.0811808118081181,0.149180975204586
loc43178_pos1,FALSE,262,79,0.301526717557252,0.475190839694656,0.524809160305344,0.498769011129888
loc43181_pos4,FALSE,263,84,0.319391634980989,0.532319391634981,0.467680608365019,0.497910913848689
loc43192_pos33,FALSE,298,61,0.204697986577181,0.169463087248322,0.830536912751678,0.281490698617179
loc43224_pos3,FALSE,262,75,0.286259541984733,0.444656488549618,0.555343511450382,0.493874191480683
loc43234_pos15,FALSE,266,74,0.278195488721804,0.770676691729323,0.229323308270677,0.353468257108938
loc43237_pos0,FALSE,287,78,0.271777003484321,0.745644599303136,0.254355400696864,0.379317461666404
loc43264_pos109,FALSE,283,92,0.325088339222615,0.742049469964664,0.257950530035336,0.38282410817965
loc43265_pos1,FALSE,265,80,0.30188679245283,0.709433962264151,0.290566037735849,0.412274830900676
loc43331_pos10,FALSE,259,119,0.45945945945946,0.546332046332046,0.453667953667954,0.49570668296537
loc43374_pos11,FALSE,281,94,0.334519572953737,0.686832740213523,0.313167259786477,0.430187054368612
loc43384_pos0,FALSE,267,84,0.314606741573034,0.629213483146067,0.370786516853933,0.466607751546522
loc43406_pos4,FALSE,262,52,0.198473282442748,0.843511450381679,0.156488549618321,0.26399976691335
loc43436_pos14,FALSE,309,35,0.113268608414239,0.0954692556634304,0.90453074433657,0.172709753773002
loc43481_pos5,FALSE,262,94,0.358778625954198,0.488549618320611,0.511450381679389,0.499737777518793
loc43498_pos16,FALSE,285,86,0.301754385964912,0.680701754385965,0.319298245614035,0.434693751923669
loc43513_pos98,FALSE,285,29,0.101754385964912,0.135087719298246,0.864912280701754,0.233678054786088
loc43516_pos16,FALSE,278,92,0.330935251798561,0.424460431654676,0.575539568345324,0.488587547228404
loc43520_pos11,FALSE,267,89,0.333333333333333,0.361423220973783,0.638576779026217,0.461592952629438
loc43527_pos95,FALSE,271,77,0.284132841328413,0.739852398523985,0.260147601476015,0.384941653844583
loc43528_pos13,FALSE,294,85,0.289115646258503,0.324829931972789,0.675170068027211,0.438630894534685
loc43541_pos2,FALSE,263,21,0.0798479087452472,0.937262357414449,0.0627376425855514,0.117603261576718
loc43548_pos105,FALSE,284,26,0.0915492957746479,0.0704225352112676,0.929577464788732,0.130926403491371
loc43565_pos5,FALSE,268,19,0.0708955223880597,0.0503731343283582,0.949626865671642,0.0956713633325908
loc43583_pos99,FALSE,285,66,0.231578947368421,0.831578947368421,0.168421052631579,0.2801108033241
loc43585_pos45,FALSE,270,25,0.0925925925925926,0.924074074074074,0.075925925925926,0.140322359396434
loc43590_pos8,FALSE,295,108,0.366101694915254,0.6,0.4,0.48
loc43600_pos8,FALSE,272,25,0.0919117647058824,0.0900735294117647,0.909926470588235,0.163920577422145
loc43615_pos93,FALSE,277,39,0.140794223826715,0.157039711191336,0.842960288808664,0.264756480600555
loc43623_pos34,FALSE,295,22,0.0745762711864407,0.0508474576271186,0.949152542372881,0.096523987359954
loc43629_pos40,FALSE,293,39,0.133105802047782,0.121160409556314,0.878839590443686,0.21296112942492
loc43637_pos4,FALSE,262,27,0.103053435114504,0.0782442748091603,0.92175572519084,0.144244216537498
loc43645_pos46,FALSE,270,16,0.0592592592592593,0.948148148148148,0.0518518518518518,0.0983264746227709
loc43652_pos128,FALSE,295,129,0.43728813559322,0.354237288135593,0.645762711864407,0.457506463659868
loc43661_pos91,FALSE,283,60,0.212014134275618,0.187279151943463,0.812720848056537,0.3044113423816
loc43674_pos10,FALSE,279,13,0.046594982078853,0.944444444444444,0.0555555555555556,0.104938271604938
loc43677_pos3,FALSE,280,25,0.0892857142857143,0.0517857142857143,0.948214285714286,0.0982079081632653
loc43690_pos2,FALSE,291,31,0.106529209621993,0.0910652920962199,0.90893470790378,0.1655448093433
loc43695_pos2,FALSE,285,32,0.112280701754386,0.087719298245614,0.912280701754386,0.160049245921822
loc43700_pos98,FALSE,273,47,0.172161172161172,0.122710622710623,0.877289377289377,0.215305451569188
loc43713_pos97,FALSE,259,33,0.127413127413127,0.924710424710425,0.0752895752895753,0.139242110284581
loc43715_pos15,FALSE,301,74,0.245847176079734,0.212624584717608,0.787375415282392,0.334830741382545
loc43727_pos15,FALSE,296,47,0.158783783783784,0.896959459459459,0.103040540540541,0.184846375091308
loc43728_pos21,FALSE,282,33,0.117021276595745,0.916666666666667,0.0833333333333334,0.152777777777778
loc43738_pos13,FALSE,277,94,0.339350180505415,0.48014440433213,0.51985559566787,0.499211510641348
loc43739_pos40,FALSE,278,100,0.359712230215827,0.661870503597122,0.338129496402878,0.447595880130428
loc43747_pos2,FALSE,296,91,0.307432432432432,0.785472972972973,0.214527027027027,0.337010363403944
loc43767_pos5,FALSE,294,58,0.197278911564626,0.146258503401361,0.853741496598639,0.249733907168309
loc43769_pos6,FALSE,264,77,0.291666666666667,0.221590909090909,0.778409090909091,0.344976756198347
loc43775_pos106,FALSE,268,119,0.444029850746269,0.520522388059702,0.479477611940298,0.499157663176654
loc43807_pos7,FALSE,301,33,0.109634551495017,0.921926910299003,0.0780730897009967,0.143955364731074
loc43811_pos4,FALSE,289,62,0.214532871972318,0.166089965397924,0.833910034602076,0.277008177584081
loc43812_pos60,FALSE,301,92,0.305647840531561,0.239202657807309,0.760797342192691,0.363969492610457
loc43828_pos14,FALSE,293,60,0.204778156996587,0.89419795221843,0.10580204778157,0.189215948933593
loc43852_pos11,FALSE,282,39,0.138297872340426,0.852836879432624,0.147163120567376,0.251012273024496
loc43922_pos26,FALSE,264,116,0.439393939393939,0.253787878787879,0.746212121212121,0.378759182736455
loc43925_pos41,FALSE,271,64,0.236162361623616,0.177121771217712,0.822878228782288,0.291499298756825
loc43926_pos15,FALSE,289,54,0.186851211072664,0.86159169550173,0.13840830449827,0.238502891488368
loc43929_pos11,FALSE,305,27,0.0885245901639344,0.939344262295082,0.060655737704918,0.11395323837678
loc43934_pos9,FALSE,297,49,0.164983164983165,0.136363636363636,0.863636363636364,0.235537190082645
loc43942_pos94,FALSE,296,34,0.114864864864865,0.912162162162162,0.0878378378378378,0.160244704163623
loc43964_pos3,FALSE,273,75,0.274725274725275,0.28021978021978,0.71978021978022,0.403393309986717
loc43978_pos24,FALSE,287,49,0.170731707317073,0.897212543554007,0.102787456445993,0.184444390486712
loc44000_pos93,FALSE,291,101,0.347079037800687,0.410652920962199,0.589347079037801,0.484034198934826
loc44008_pos38,FALSE,281,84,0.298932384341637,0.348754448398576,0.651245551601424,0.454249566241562
loc44021_pos138,FALSE,295,106,0.359322033898305,0.31864406779661,0.68135593220339,0.434220051709279
loc44024_pos7,FALSE,289,105,0.363321799307958,0.309688581314879,0.690311418685121,0.427563127836113
loc44028_pos4,FALSE,272,35,0.128676470588235,0.869485294117647,0.130514705882353,0.226961234861592
loc44040_pos14,FALSE,297,28,0.0942760942760943,0.915824915824916,0.0841750841750841,0.154179278758403
loc44042_pos6,FALSE,289,24,0.0830449826989619,0.948096885813149,0.0519031141868512,0.0984183618491158
loc44050_pos2,FALSE,280,91,0.325,0.248214285714286,0.751785714285714,0.373207908163265
loc44072_pos28,FALSE,290,65,0.224137931034483,0.229310344827586,0.770689655172414,0.353454221165279
loc44076_pos0,FALSE,262,59,0.225190839694656,0.192748091603053,0.807251908396947,0.311192529572869
loc44085_pos30,FALSE,288,43,0.149305555555556,0.894097222222222,0.105902777777778,0.189374758873457
loc44155_pos51,FALSE,285,51,0.178947368421053,0.135087719298246,0.864912280701754,0.233678054786088
loc44193_pos9,FALSE,277,20,0.072202166064982,0.101083032490975,0.898916967509025,0.181730506066807
loc44228_pos10,FALSE,268,31,0.115671641791045,0.10634328358209,0.89365671641791,0.190068779238138
loc44233_pos126,FALSE,284,57,0.200704225352113,0.875,0.125,0.21875
loc44252_pos0,FALSE,274,20,0.072992700729927,0.941605839416058,0.0583941605839416,0.109968565187277
loc44262_pos93,FALSE,278,28,0.100719424460432,0.935251798561151,0.064748201438849,0.121111743698566
loc44272_pos17,FALSE,290,26,0.0896551724137931,0.0758620689655172,0.924137931034483,0.140214030915577
loc44290_pos95,FALSE,269,20,0.0743494423791822,0.910780669144981,0.0892193308550185,0.162518483713603
loc44328_pos5,FALSE,270,86,0.318518518518519,0.307407407407407,0.692592592592593,0.425816186556927
loc44346_pos43,FALSE,299,26,0.0869565217391304,0.0568561872909699,0.94314381270903,0.107247122515408
loc44357_pos5,FALSE,291,63,0.216494845360825,0.280068728522337,0.719931271477663,0.403260471652437
loc44367_pos35,FALSE,264,84,0.318181818181818,0.261363636363636,0.738636363636364,0.386105371900826
loc44417_pos5,FALSE,261,48,0.183908045977011,0.846743295019157,0.153256704980843,0.259538174718516
loc44426_pos28,FALSE,309,35,0.113268608414239,0.936893203883495,0.0631067961165048,0.118248656800829
loc44435_pos17,FALSE,275,103,0.374545454545455,0.405454545454545,0.594545454545454,0.482122314049587
loc44454_pos21,FALSE,288,110,0.381944444444444,0.392361111111111,0.607638888888889,0.476827739197531
loc44458_pos108,FALSE,278,53,0.190647482014388,0.872302158273381,0.127697841726619,0.222782205889964
loc44459_pos116,FALSE,292,115,0.393835616438356,0.38527397260274,0.61472602739726,0.473675877275286
loc44460_pos11,FALSE,300,71,0.236666666666667,0.168333333333333,0.831666666666667,0.279994444444444
loc44468_pos101,FALSE,266,45,0.169172932330827,0.197368421052632,0.802631578947368,0.316828254847645
loc44470_pos27,FALSE,298,122,0.409395973154362,0.385906040268456,0.614093959731544,0.473965136705554
loc44481_pos34,FALSE,281,97,0.345195729537367,0.364768683274021,0.635231316725979,0.463424981953116
loc44485_pos130,FALSE,265,68,0.256603773584906,0.69811320754717,0.30188679245283,0.421502313990744
loc44497_pos0,FALSE,259,60,0.231660231660232,0.67953667953668,0.32046332046332,0.435533161401887
loc44504_pos6,FALSE,298,111,0.37248322147651,0.350671140939597,0.649328859060403,0.455401783703437
loc44512_pos111,FALSE,282,60,0.212765957446809,0.861702127659574,0.138297872340426,0.238343141693074
loc44514_pos95,FALSE,262,42,0.16030534351145,0.774809160305344,0.225190839694656,0.348959850824544
loc44531_pos5,FALSE,260,39,0.15,0.832692307692308,0.167307692307692,0.278631656804734
loc44534_pos8,FALSE,300,102,0.34,0.69,0.31,0.4278
loc44539_pos10,FALSE,292,23,0.0787671232876712,0.0530821917808219,0.946917808219178,0.100528945393132
loc44547_pos140,FALSE,273,64,0.234432234432234,0.838827838827839,0.161172161172161,0.270391391270512
loc44551_pos9,FALSE,284,143,0.503521126760563,0.459507042253521,0.540492957746479,0.496720640745884
loc44558_pos102,FALSE,270,31,0.114814814814815,0.916666666666667,0.0833333333333334,0.152777777777778
loc44567_pos117,FALSE,280,133,0.475,0.419642857142857,0.580357142857143,0.487085459183673
loc44572_pos41,FALSE,273,62,0.227106227106227,0.183150183150183,0.816849816849817,0.299212387124475
loc44652_pos56,FALSE,306,33,0.107843137254902,0.929738562091503,0.0702614379084967,0.130649536503054
loc44656_pos99,FALSE,291,66,0.22680412371134,0.855670103092783,0.144329896907217,0.246997555531938
loc44662_pos20,FALSE,308,43,0.13961038961039,0.923701298701299,0.0762987012987013,0.140954418957666
loc44686_pos94,FALSE,287,42,0.146341463414634,0.912891986062718,0.0871080139372822,0.159040415690369
loc44703_pos0,FALSE,274,50,0.182481751824818,0.883211678832117,0.116788321167883,0.206297618413341
loc44704_pos112,FALSE,294,94,0.319727891156463,0.295918367346939,0.704081632653061,0.416701374427322
loc44706_pos0,FALSE,284,93,0.327464788732394,0.308098591549296,0.691901408450704,0.426347698869272
loc44744_pos107,FALSE,277,101,0.364620938628159,0.42057761732852,0.57942238267148,0.48738417026157
loc44746_pos20,FALSE,292,62,0.212328767123288,0.863013698630137,0.136986301369863,0.236442109213736
loc44758_pos95,FALSE,277,21,0.075812274368231,0.944043321299639,0.055956678700361,0.105651057618371
loc44823_pos26,FALSE,266,31,0.116541353383459,0.0845864661654135,0.915413533834586,0.154863191814122
loc44825_pos26,FALSE,259,34,0.131274131274131,0.915057915057915,0.084942084942085,0.155453854295553
loc44832_pos6,FALSE,299,55,0.183946488294314,0.831103678929766,0.168896321070234,0.280740707598349
loc44858_pos23,FALSE,310,33,0.106451612903226,0.908064516129032,0.0919354838709677,0.166966701352758
loc44864_pos94,FALSE,288,69,0.239583333333333,0.192708333333333,0.807291666666667,0.311143663194444
loc44865_pos33,FALSE,263,65,0.247148288973384,0.211026615969582,0.788973384030418,0.332988766644017
loc44869_pos105,FALSE,284,50,0.176056338028169,0.883802816901408,0.116197183098592,0.205390795477088
loc44876_pos86,FALSE,261,71,0.272030651340996,0.231800766283525,0.768199233716475,0.356138342067791
loc44887_pos19,FALSE,280,99,0.353571428571429,0.723214285714286,0.276785714285714,0.400350765306122
loc44923_pos6,FALSE,284,90,0.316901408450704,0.264084507042254,0.735915492957746,0.388687760365007
loc44973_pos9,FALSE,291,94,0.323024054982818,0.36426116838488,0.63573883161512,0.463149939183524
loc44996_pos9,FALSE,270,58,0.214814814814815,0.177777777777778,0.822222222222222,0.292345679012346
loc45018_pos10,FALSE,293,126,0.430034129692833,0.430034129692833,0.569965870307167,0.490209553984321
loc45027_pos4,FALSE,270,44,0.162962962962963,0.144444444444444,0.855555555555556,0.24716049382716
loc45038_pos18,FALSE,269,34,0.12639405204461,0.899628252788104,0.100371747211896,0.180594519147054
loc45068_pos15,FALSE,294,54,0.183673469387755,0.860544217687075,0.139455782312925,0.24001573418483
loc45081_pos130,FALSE,283,91,0.321554770318021,0.446996466431095,0.553003533568905,0.49438125085842
loc45087_pos38,FALSE,293,116,0.395904436860068,0.52901023890785,0.47098976109215,0.498316812077019
loc45091_pos41,FALSE,296,108,0.364864864864865,0.435810810810811,0.564189189189189,0.491759495982469
loc45093_pos25,FALSE,263,64,0.243346007604563,0.368821292775665,0.631178707224335,0.465584293541905
loc45112_pos54,FALSE,283,34,0.120141342756184,0.92226148409894,0.0777385159010601,0.143390478093121
loc45136_pos16,FALSE,259,51,0.196911196911197,0.194980694980695,0.805019305019305,0.31392644713108
loc45140_pos189,FALSE,290,113,0.389655172413793,0.698275862068966,0.301724137931034,0.421373365041617
loc45149_pos67,FALSE,280,59,0.210714285714286,0.855357142857143,0.144642857142857,0.247442602040816
loc45156_pos104,FALSE,300,84,0.28,0.226666666666667,0.773333333333333,0.350577777777778
loc45170_pos23,FALSE,281,97,0.345195729537367,0.297153024911032,0.702846975088968,0.417706209394511
loc45197_pos8,FALSE,296,39,0.131756756756757,0.886824324324324,0.113175675675676,0.20073388422206
loc45200_pos165,FALSE,300,120,0.4,0.366666666666667,0.633333333333333,0.464444444444444
loc45206_pos27,FALSE,299,84,0.280936454849498,0.785953177257525,0.214046822742475,0.336461560832653
loc45239_pos17,FALSE,289,43,0.14878892733564,0.901384083044983,0.0986159169550173,0.177781635756277
loc45259_pos16,FALSE,277,81,0.292418772563177,0.749097472924188,0.250902527075812,0.375900897965567
loc45267_pos102,FALSE,303,105,0.346534653465347,0.658415841584158,0.341584158415842,0.449808842270366
loc45276_pos9,FALSE,282,64,0.226950354609929,0.822695035460993,0.177304964539007,0.291735828177657
loc45287_pos25,FALSE,271,73,0.269372693726937,0.798892988929889,0.201107011070111,0.321325962337114
loc45295_pos8,FALSE,283,31,0.109540636042403,0.945229681978799,0.0547703180212014,0.103541060570116
loc45298_pos4,FALSE,275,92,0.334545454545455,0.414545454545455,0.585454545454545,0.485395041322314
loc45319_pos158,FALSE,295,80,0.271186440677966,0.230508474576271,0.769491525423729,0.354748635449583
loc45333_pos64,FALSE,306,108,0.352941176470588,0.375816993464052,0.624183006535948,0.469157161775386
loc45367_pos4,FALSE,287,68,0.236933797909408,0.871080139372822,0.128919860627178,0.224599060326094
loc45384_pos29,FALSE,297,40,0.134680134680135,0.912457912457912,0.0875420875420876,0.159756940901722
loc45388_pos23,FALSE,280,88,0.314285714285714,0.235714285714286,0.764285714285714,0.36030612244898
loc45389_pos2,FALSE,271,27,0.0996309963099631,0.913284132841328,0.0867158671586716,0.158392451083183
loc45431_pos30,FALSE,295,30,0.101694915254237,0.901694915254237,0.0983050847457627,0.177282390117782
loc45450_pos7,FALSE,285,40,0.140350877192982,0.901754385964912,0.0982456140350877,0.177186826715913
loc45463_pos1,FALSE,276,96,0.347826086956522,0.431159420289855,0.568840579710145,0.490521949170342
loc45473_pos38,FALSE,269,18,0.0669144981412639,0.0743494423791822,0.925650557620818,0.137643205594174
loc45487_pos6,FALSE,267,37,0.138576779026217,0.897003745318352,0.102996254681648,0.184776052406402
loc45496_pos11,FALSE,261,60,0.229885057471264,0.245210727969349,0.754789272030651,0.370164853716182
loc45506_pos124,FALSE,285,28,0.0982456140350877,0.905263157894737,0.0947368421052631,0.171523545706371
loc45520_pos16,FALSE,285,94,0.329824561403509,0.259649122807018,0.740350877192983,0.384462911665128
loc45522_pos3,FALSE,295,26,0.088135593220339,0.932203389830508,0.0677966101694916,0.126400459638035
loc45549_pos35,FALSE,283,111,0.392226148409894,0.704946996466431,0.295053003533569,0.415993457278777
loc45579_pos45,FALSE,298,74,0.248322147651007,0.852348993288591,0.147651006711409,0.251700373857033
loc45586_pos2,FALSE,286,54,0.188811188811189,0.132867132867133,0.867132867132867,0.230426915741601
loc45597_pos40,FALSE,298,21,0.0704697986577181,0.947986577181208,0.052013422818792,0.098616053330931
loc45602_pos42,FALSE,279,59,0.211469534050179,0.277777777777778,0.722222222222222,0.401234567901235
loc45643_pos4,FALSE,304,123,0.404605263157895,0.616776315789474,0.383223684210526,0.472726584141274
loc45655_pos41,FALSE,274,56,0.204379562043796,0.605839416058394,0.394160583941606,0.477596036016836
loc45681_pos18,FALSE,298,90,0.302013422818792,0.298657718120805,0.701342281879195,0.418922571055358
loc45733_pos128,FALSE,276,27,0.0978260869565217,0.088768115942029,0.911231884057971,0.161776675068263
loc45761_pos13,FALSE,283,63,0.222614840989399,0.203180212014134,0.796819787985866,0.323796026920051
loc45831_pos6,FALSE,279,54,0.193548387096774,0.139784946236559,0.860215053763441,0.240490230084403
loc45832_pos0,FALSE,282,58,0.205673758865248,0.138297872340426,0.861702127659574,0.238343141693074
loc45846_pos10,FALSE,281,64,0.227758007117438,0.188612099644128,0.811387900355872,0.306075151023923
loc45854_pos9,FALSE,299,32,0.107023411371237,0.939799331103679,0.060200668896321,0.113153096721513
loc45859_pos1,FALSE,297,70,0.235690235690236,0.797979797979798,0.202020202020202,0.322416079991838
loc45865_pos117,FALSE,271,84,0.309963099630996,0.752767527675277,0.247232472324723,0.372217153905856
loc45867_pos11,FALSE,277,56,0.202166064981949,0.209386281588448,0.790613718411552,0.331087333342022
loc45891_pos9,FALSE,288,95,0.329861111111111,0.272569444444444,0.727430555555556,0.396550684799383
loc45897_pos156,FALSE,288,38,0.131944444444444,0.909722222222222,0.0902777777777778,0.164255401234568
loc45915_pos42,FALSE,287,132,0.45993031358885,0.40418118466899,0.59581881533101,0.481637509257123
loc45917_pos11,FALSE,287,42,0.146341463414634,0.111498257839721,0.888501742160279,0.198132792676857
loc45922_pos73,FALSE,291,81,0.278350515463918,0.201030927835052,0.798969072164949,0.32123498777766
loc45926_pos8,FALSE,274,54,0.197080291970803,0.872262773722628,0.127737226277372,0.222840854600671
loc45930_pos14,FALSE,295,54,0.183050847457627,0.871186440677966,0.128813559322034,0.224441252513645
loc45976_pos4,FALSE,300,33,0.11,0.915,0.085,0.15555
loc45977_pos74,FALSE,261,19,0.0727969348659004,0.948275862068966,0.0517241379310345,0.0980975029726516
loc45987_pos3,FALSE,270,86,0.318518518518519,0.333333333333333,0.666666666666667,0.444444444444444
loc45990_pos36,FALSE,266,48,0.180451127819549,0.259398496240602,0.740601503759398,0.384221832777432
loc46011_pos12,FALSE,270,48,0.177777777777778,0.888888888888889,0.111111111111111,0.197530864197531
loc46032_pos17,FALSE,293,38,0.129692832764505,0.918088737201365,0.0819112627986348,0.150403615650736
loc46050_pos4,FALSE,271,89,0.328413284132841,0.533210332103321,0.466789667896679,0.497794147683174
loc46054_pos15,FALSE,290,89,0.306896551724138,0.298275862068966,0.701724137931034,0.418614744351962
loc46068_pos11,FALSE,292,86,0.294520547945205,0.246575342465753,0.753424657534247,0.3715518859073
loc46074_pos14,FALSE,275,58,0.210909090909091,0.847272727272727,0.152727272727273,0.258803305785124
loc46082_pos19,FALSE,296,104,0.351351351351351,0.253378378378378,0.746621621621622,0.378355551497443
loc46084_pos33,FALSE,282,84,0.297872340425532,0.76241134751773,0.237588652482269,0.362280569387858
loc46085_pos10,FALSE,291,108,0.371134020618557,0.333333333333333,0.666666666666667,0.444444444444444
loc46102_pos30,FALSE,282,46,0.163120567375887,0.890070921985816,0.109929078014184,0.195689351642271
loc46104_pos4,FALSE,260,108,0.415384615384615,0.573076923076923,0.426923076923077,0.489319526627219
loc46119_pos16,FALSE,278,111,0.399280575539568,0.588129496402878,0.411870503597122,0.48446638372755
loc46120_pos5,FALSE,291,34,0.116838487972509,0.848797250859107,0.151202749140893,0.256680955586259
loc46137_pos15,FALSE,282,75,0.265957446808511,0.289007092198582,0.710992907801418,0.410963985715004
loc46162_pos133,FALSE,269,89,0.330855018587361,0.317843866171004,0.682156133828996,0.433638285816946
loc46170_pos15,FALSE,261,56,0.21455938697318,0.839080459770115,0.160919540229885,0.270048883604175
loc46180_pos10,FALSE,273,79,0.289377289377289,0.745421245421245,0.254578754578755,0.37953682459177
loc46209_pos12,FALSE,293,42,0.143344709897611,0.126279863481229,0.873720136518771,0.220666519120782
loc46215_pos119,FALSE,291,42,0.144329896907216,0.917525773195876,0.0824742268041238,0.151344457434371
loc46223_pos6,FALSE,279,56,0.200716845878136,0.870967741935484,0.129032258064516,0.224765868886576
loc46245_pos102,FALSE,267,114,0.426966292134831,0.528089887640449,0.471910112359551,0.498421916424694
loc46266_pos16,FALSE,287,36,0.125435540069686,0.905923344947735,0.0940766550522648,0.170452476052884
loc46276_pos4,FALSE,275,50,0.181818181818182,0.836363636363636,0.163636363636364,0.273719008264463
loc46285_pos111,FALSE,272,20,0.0735294117647059,0.0698529411764706,0.93014705882353,0.129947015570934
loc46305_pos16,FALSE,291,53,0.18213058419244,0.891752577319588,0.108247422680412,0.193059836326921
loc46306_pos8,FALSE,280,90,0.321428571428571,0.332142857142857,0.667857142857143,0.443647959183674
loc46323_pos41,FALSE,279,107,0.383512544802867,0.442652329749104,0.557347670250896,0.493422489433589
loc46327_pos100,FALSE,281,122,0.434163701067616,0.498220640569395,0.501779359430605,0.499993667760034
loc46331_pos22,FALSE,291,98,0.336769759450172,0.323024054982818,0.676975945017182,0.437359029770551
loc46349_pos7,FALSE,289,109,0.377162629757785,0.624567474048443,0.375432525951557,0.468965888818381
loc46362_pos25,FALSE,292,136,0.465753424657534,0.578767123287671,0.421232876712329,0.48759148057797
loc46386_pos131,FALSE,298,24,0.0805369127516778,0.909395973154362,0.0906040268456376,0.164789874329985
loc46409_pos47,FALSE,290,60,0.206896551724138,0.241379310344828,0.758620689655172,0.366230677764566
loc46416_pos2,FALSE,292,21,0.0719178082191781,0.926369863013699,0.0736301369863014,0.13641747982736
loc46468_pos12,FALSE,279,62,0.222222222222222,0.236559139784946,0.763440860215054,0.361197826338305
loc46479_pos41,FALSE,274,25,0.0912408759124088,0.925182481751825,0.0748175182481752,0.138439714422718
loc46483_pos6,FALSE,277,42,0.151624548736462,0.895306859205776,0.104693140794224,0.187464974129729
loc46484_pos121,FALSE,259,17,0.0656370656370656,0.932432432432432,0.0675675675675675,0.126004382761139
loc46488_pos11,FALSE,287,48,0.167247386759582,0.874564459930314,0.125435540069686,0.219402930714225
loc46510_pos10,FALSE,286,24,0.0839160839160839,0.916083916083916,0.083916083916084,0.153748349552545
loc46512_pos6,FALSE,278,20,0.0719424460431655,0.913669064748201,0.0863309352517986,0.157755809740697
loc46527_pos5,FALSE,267,18,0.0674157303370786,0.921348314606742,0.0786516853932584,0.144931195556117
loc46537_pos24,FALSE,284,41,0.144366197183099,0.89612676056338,0.10387323943662,0.186167179131125
loc46560_pos3,FALSE,261,39,0.149425287356322,0.883141762452107,0.116858237547893,0.206404779730186
loc46561_pos23,FALSE,269,72,0.267657992565056,0.360594795539033,0.639405204460967,0.461132377938392
loc46562_pos12,FALSE,265,31,0.116981132075472,0.90377358490566,0.0962264150943396,0.173933784264863
loc46574_pos28,FALSE,281,48,0.170818505338078,0.875444839857651,0.124555160142349,0.218082344448525
loc46589_pos6,FALSE,268,63,0.235074626865672,0.822761194029851,0.177238805970149,0.29165042325685
loc46613_pos101,FALSE,274,32,0.116788321167883,0.930656934306569,0.0693430656934306,0.129069209867334
loc46625_pos41,FALSE,277,93,0.335740072202166,0.680505415162455,0.319494584837545,0.43483559019406
loc46636_pos1,FALSE,268,96,0.358208955223881,0.432835820895522,0.567164179104478,0.490977946090443
loc46637_pos167,FALSE,280,44,0.157142857142857,0.125,0.875,0.21875
loc46653_pos9,FALSE,272,24,0.0882352941176471,0.933823529411765,0.0661764705882353,0.123594290657439
loc46661_pos3,FALSE,290,24,0.0827586206896552,0.924137931034483,0.0758620689655173,0.140214030915577
loc46666_pos6,FALSE,289,21,0.0726643598615917,0.94636678200692,0.0536332179930796,0.101513391841573
loc46753_pos5,FALSE,287,54,0.18815331010453,0.836236933797909,0.163763066202091,0.273889448700361
loc46773_pos5,FALSE,264,25,0.0946969696969697,0.123106060606061,0.87689393939394,0.215901916896235
loc46794_pos5,FALSE,265,33,0.124528301886792,0.0622641509433962,0.937735849056604,0.116774652901388
loc46800_pos38,FALSE,286,100,0.34965034965035,0.405594405594406,0.594405594405594,0.482175167489853
loc46801_pos60,FALSE,302,103,0.341059602649007,0.399006622516556,0.600993377483444,0.479600675408973
loc46849_pos8,FALSE,302,19,0.0629139072847682,0.945364238410596,0.054635761589404,0.1033013902899
loc46850_pos21,FALSE,265,68,0.256603773584906,0.713207547169811,0.286792452830189,0.409085083659665
loc46852_pos24,FALSE,299,53,0.177257525083612,0.87123745819398,0.12876254180602,0.224365499267346
loc46862_pos83,FALSE,304,44,0.144736842105263,0.125,0.875,0.21875
loc46870_pos126,FALSE,281,64,0.227758007117438,0.846975088967972,0.153024911032028,0.259216575271336
loc46882_pos19,FALSE,305,21,0.0688524590163934,0.949180327868852,0.0508196721311476,0.0964740661112605
loc46888_pos2,FALSE,286,55,0.192307692307692,0.134615384615385,0.865384615384615,0.232988165680473
loc46897_pos26,FALSE,265,52,0.19622641509434,0.188679245283019,0.811320754716981,0.306158775364899
loc46906_pos14,FALSE,280,65,0.232142857142857,0.180357142857143,0.819642857142857,0.295656887755102
loc46920_pos45,FALSE,292,63,0.215753424657534,0.827054794520548,0.172945205479452,0.286070322762244
loc46927_pos33,FALSE,282,19,0.0673758865248227,0.0620567375886525,0.937943262411348,0.116411397817011
loc46940_pos97,FALSE,273,38,0.139194139194139,0.901098901098901,0.0989010989010989,0.178239343074508
loc46985_pos76,FALSE,288,55,0.190972222222222,0.852430555555556,0.147569444444444,0.251585407021605
loc46989_pos87,FALSE,280,125,0.446428571428571,0.576785714285714,0.423214285714286,0.488207908163265
loc46993_pos6,FALSE,291,104,0.357388316151203,0.312714776632302,0.687285223367698,0.429848490216223
loc47000_pos44,FALSE,303,40,0.132013201320132,0.0759075907590759,0.924092409240924,0.140291256848457
loc47013_pos39,FALSE,271,56,0.206642066420664,0.878228782287823,0.121771217712177,0.213885976498141
loc47015_pos35,FALSE,268,15,0.0559701492537313,0.949626865671642,0.0503731343283582,0.0956713633325908
loc47019_pos30,FALSE,267,22,0.0823970037453183,0.0861423220973783,0.913857677902622,0.1574436448821
loc47024_pos36,FALSE,296,40,0.135135135135135,0.108108108108108,0.891891891891892,0.192841490138787
loc47032_pos94,FALSE,288,62,0.215277777777778,0.173611111111111,0.826388888888889,0.286940586419753
loc47038_pos116,FALSE,286,51,0.178321678321678,0.882867132867133,0.117132867132867,0.206825517140202
loc47048_pos20,FALSE,274,26,0.0948905109489051,0.91970802919708,0.0802919708029197,0.147690340455006
loc47058_pos0,FALSE,266,102,0.383458646616541,0.703007518796993,0.296992481203007,0.417575894623777
loc47067_pos4,FALSE,277,54,0.194945848375451,0.227436823104693,0.772563176895307,0.351418629201475
loc47091_pos23,FALSE,298,120,0.402684563758389,0.449664429530201,0.550335570469799,0.49493266069096
loc47103_pos39,FALSE,284,110,0.387323943661972,0.320422535211268,0.679577464788732,0.435503868280103
loc47108_pos36,FALSE,288,46,0.159722222222222,0.871527777777778,0.128472222222222,0.223934220679012
loc47112_pos157,FALSE,306,70,0.22875816993464,0.843137254901961,0.156862745098039,0.264513648596694
loc47113_pos9,FALSE,288,53,0.184027777777778,0.116319444444444,0.883680555555556,0.20557846257716
loc47127_pos8,FALSE,281,58,0.206405693950178,0.772241992882562,0.227758007117438,0.351768594622662
loc47138_pos114,FALSE,270,77,0.285185185185185,0.775925925925926,0.224074074074074,0.347729766803841
loc47148_pos106,FALSE,268,75,0.279850746268657,0.289179104477612,0.710820895522388,0.411109100022277
loc47174_pos11,FALSE,275,59,0.214545454545455,0.769090909090909,0.230909090909091,0.355180165289256
loc47214_pos3,FALSE,278,98,0.352517985611511,0.643884892086331,0.356115107913669,0.45859427565861
loc47224_pos121,FALSE,300,17,0.0566666666666667,0.0816666666666667,0.918333333333333,0.149994444444444
loc47257_pos105,FALSE,268,58,0.216417910447761,0.33955223880597,0.66044776119403,0.448513031855647
loc47264_pos4,FALSE,261,36,0.137931034482759,0.869731800766284,0.130268199233716,0.226596791004242
loc47287_pos1,FALSE,302,101,0.334437086092715,0.700331125827815,0.299668874172185,0.419734880049121
loc47291_pos19,FALSE,285,12,0.0421052631578947,0.929824561403509,0.0701754385964912,0.130501692828563
loc47295_pos128,FALSE,287,137,0.477351916376307,0.451219512195122,0.548780487804878,0.495240928019036
loc47298_pos173,FALSE,264,108,0.409090909090909,0.435606060606061,0.56439393939394,0.491706841138659
loc47306_pos56,FALSE,278,40,0.143884892086331,0.892086330935252,0.107913669064748,0.192536618187464
loc47314_pos45,FALSE,291,53,0.18213058419244,0.152920962199313,0.847079037800687,0.259072283038698
loc47336_pos139,FALSE,308,85,0.275974025974026,0.862012987012987,0.137987012987013,0.23789319446787
loc47339_pos5,FALSE,302,60,0.198675496688742,0.834437086092715,0.165562913907285,0.276303670891627
loc47359_pos3,FALSE,259,90,0.347490347490348,0.648648648648649,0.351351351351351,0.455807158509861
loc47366_pos6,FALSE,299,39,0.130434782608696,0.911371237458194,0.0886287625418061,0.161547409984228
loc47408_pos15,FALSE,294,111,0.377551020408163,0.624149659863946,0.375850340136054,0.469173723911333
loc47411_pos123,FALSE,301,26,0.0863787375415282,0.0664451827242525,0.933554817275748,0.124060440833986
loc47422_pos109,FALSE,281,48,0.170818505338078,0.213523131672598,0.786476868327402,0.335862007826649
loc47433_pos119,FALSE,272,98,0.360294117647059,0.235294117647059,0.764705882352941,0.359861591695502
loc47440_pos8,FALSE,288,110,0.381944444444444,0.388888888888889,0.611111111111111,0.475308641975309
loc47441_pos73,FALSE,286,121,0.423076923076923,0.571678321678322,0.428321678321678,0.489724436402758
loc47480_pos94,FALSE,290,70,0.241379310344828,0.693103448275862,0.306896551724138,0.425422116527943
loc47495_pos97,FALSE,284,95,0.334507042253521,0.684859154929577,0.315140845070423,0.431654185677445
loc47545_pos3,FALSE,296,38,0.128378378378378,0.888513513513513,0.111486486486487,0.19811449963477
loc47551_pos6,FALSE,278,80,0.287769784172662,0.81294964028777,0.18705035971223,0.304125045287511
loc47557_pos15,FALSE,269,37,0.137546468401487,0.894052044609665,0.105947955390335,0.189445972277884
loc47560_pos126,FALSE,279,23,0.0824372759856631,0.944444444444444,0.0555555555555556,0.104938271604938
loc47573_pos49,FALSE,273,40,0.146520146520147,0.194139194139194,0.805860805860806,0.312898334876357
loc47584_pos13,FALSE,299,65,0.217391304347826,0.834448160535117,0.165551839464883,0.276288855829353
loc47591_pos102,FALSE,290,69,0.237931034482759,0.818965517241379,0.181034482758621,0.296521997621879
loc47622_pos2,FALSE,259,94,0.362934362934363,0.482625482625483,0.517374517374517,0.499396252292005
loc47650_pos25,FALSE,263,77,0.29277566539924,0.328897338403042,0.671102661596958,0.441447758388874
loc47683_pos27,FALSE,267,62,0.232209737827715,0.823970037453184,0.176029962546816,0.290086829665166
loc47695_pos98,FALSE,294,46,0.156462585034014,0.91156462585034,0.0884353741496599,0.161229117497339
loc47699_pos15,FALSE,270,21,0.0777777777777778,0.942592592592593,0.0574074074074075,0.108223593964335
loc47715_pos0,FALSE,277,45,0.162454873646209,0.806859205776173,0.193140794223827,0.311674855660832
loc47728_pos35,FALSE,309,24,0.0776699029126214,0.941747572815534,0.058252427184466,0.109718163823169
loc47730_pos25,FALSE,278,70,0.251798561151079,0.205035971223022,0.794964028776978,0.325992443455308
loc47733_pos8,FALSE,270,68,0.251851851851852,0.255555555555556,0.744444444444444,0.380493827160494
loc47799_pos99,FALSE,301,119,0.395348837209302,0.612956810631229,0.387043189368771,0.474481517864041
loc47870_pos64,FALSE,285,36,0.126315789473684,0.92280701754386,0.0771929824561404,0.142468451831333
loc47884_pos24,FALSE,274,99,0.361313868613139,0.432481751824818,0.567518248175182,0.490882572326709
loc47901_pos65,FALSE,278,101,0.363309352517986,0.602517985611511,0.397482014388489,0.478980125252316
loc47904_pos14,FALSE,290,116,0.4,0.56551724137931,0.43448275862069,0.49141498216409
loc47905_pos94,FALSE,294,134,0.45578231292517,0.5,0.5,0.5
loc47911_pos94,FALSE,285,71,0.249122807017544,0.219298245614035,0.780701754385965,0.342413050169283
loc47922_pos3,FALSE,275,33,0.12,0.907272727272727,0.0927272727272728,0.16825785123967
loc47936_pos2,FALSE,286,62,0.216783216783217,0.818181818181818,0.181818181818182,0.297520661157025
loc47947_pos136,FALSE,299,89,0.297658862876254,0.259197324414716,0.740802675585284,0.384028142861937
loc47957_pos4,FALSE,282,113,0.400709219858156,0.437943262411348,0.562056737588652,0.492297922639706
loc47974_pos2,FALSE,278,47,0.169064748201439,0.109712230215827,0.890287769784173,0.195350913513793
loc47979_pos99,FALSE,280,115,0.410714285714286,0.601785714285714,0.398214285714286,0.479279336734694
loc47999_pos4,FALSE,263,35,0.133079847908745,0.0931558935361217,0.906844106463878,0.168955746071217
loc48007_pos1,FALSE,276,103,0.373188405797101,0.393115942028986,0.606884057971014,0.477151596303298
loc48009_pos14,FALSE,282,109,0.386524822695035,0.689716312056738,0.310283687943262,0.428015441879181
loc48021_pos14,FALSE,290,51,0.175862068965517,0.11551724137931,0.88448275862069,0.204346016646849
loc48064_pos9,FALSE,304,44,0.144736842105263,0.914473684210526,0.0855263157894737,0.156423130193906
loc48081_pos12,FALSE,285,76,0.266666666666667,0.228070175438596,0.771929824561403,0.352108341028009
loc48096_pos34,FALSE,260,75,0.288461538461538,0.771153846153846,0.228846153846154,0.352951183431953
loc48108_pos198,FALSE,295,103,0.349152542372881,0.7,0.3,0.42
loc48113_pos11,FALSE,266,89,0.334586466165414,0.422932330827068,0.577067669172932,0.488121148736503
loc48123_pos34,FALSE,296,31,0.10472972972973,0.944256756756757,0.0557432432432432,0.105271868151936
loc48138_pos0,FALSE,262,28,0.106870229007634,0.923664122137405,0.0763358778625954,0.141017423227085
loc48143_pos124,FALSE,279,35,0.125448028673835,0.92652329749104,0.0734767025089605,0.136155753394741
loc48175_pos63,FALSE,275,11,0.04,0.94,0.06,0.1128
loc48181_pos0,FALSE,263,75,0.285171102661597,0.401140684410646,0.598859315589354,0.480453671442409
loc48198_pos104,FALSE,268,0,0,0.925373134328358,0.0746268656716418,0.138115393183337
loc48209_pos6,FALSE,288,15,0.0520833333333333,0.935763888888889,0.0642361111111112,0.120219666280864
loc48220_pos23,FALSE,277,16,0.0577617328519856,0.949458483754513,0.0505415162454874,0.0959741427621891
loc48236_pos31,FALSE,284,104,0.366197183098592,0.436619718309859,0.563380281690141,0.491965879785757
loc48258_pos94,FALSE,298,22,0.0738255033557047,0.949664429530201,0.0503355704697986,0.0956038016305572
loc48297_pos82,FALSE,298,144,0.483221476510067,0.587248322147651,0.412751677852349,0.484775460564839
loc48303_pos49,FALSE,265,18,0.0679245283018868,0.920754716981132,0.0792452830188679,0.145930936276255
loc48317_pos93,FALSE,280,34,0.121428571428571,0.0785714285714286,0.921428571428571,0.144795918367347
loc48325_pos19,FALSE,280,29,0.103571428571429,0.944642857142857,0.0553571428571429,0.104585459183674
loc48386_pos108,FALSE,283,93,0.328621908127208,0.609540636042403,0.390459363957597,0.476001698110852
loc48387_pos103,FALSE,275,29,0.105454545454545,0.921818181818182,0.0781818181818181,0.144138842975207
loc48395_pos42,FALSE,286,85,0.297202797202797,0.746503496503496,0.253496503496504,0.378472052423101
loc48398_pos30,FALSE,284,71,0.25,0.191901408450704,0.808098591549296,0.31015051577068
loc48412_pos49,FALSE,308,35,0.113636363636364,0.0827922077922078,0.917207792207792,0.151875316242199
loc48417_pos3,FALSE,280,46,0.164285714285714,0.896428571428571,0.103571428571429,0.185688775510204
loc48423_pos1,FALSE,300,22,0.0733333333333333,0.95,0.05,0.0950000000000001
loc48428_pos40,FALSE,288,24,0.0833333333333333,0.0590277777777778,0.940972222222222,0.11108699845679
loc48431_pos30,FALSE,281,46,0.163701067615658,0.231316725978648,0.768683274021352,0.355618596522334
loc48449_pos60,FALSE,303,30,0.099009900990099,0.947194719471947,0.0528052805280528,0.100033765752813
loc48473_pos61,FALSE,299,84,0.280936454849498,0.745819397993311,0.254180602006689,0.379145647140412
loc48531_pos153,FALSE,292,134,0.458904109589041,0.599315068493151,0.400684931506849,0.480273034340402
loc48564_pos31,FALSE,299,43,0.1438127090301,0.884615384615385,0.115384615384615,0.20414201183432
loc48615_pos11,FALSE,291,51,0.175257731958763,0.146048109965636,0.853951890034364,0.249436119082203
loc48638_pos6,FALSE,272,39,0.143382352941176,0.119485294117647,0.880514705882353,0.210417117214533
loc48642_pos65,FALSE,274,32,0.116788321167883,0.0766423357664234,0.923357664233577,0.14153657626938
loc48691_pos7,FALSE,296,35,0.118243243243243,0.896959459459459,0.103040540540541,0.184846375091308
loc48693_pos65,FALSE,296,85,0.287162162162162,0.184121621621622,0.815878378378378,0.300441700146092
loc48709_pos10,FALSE,276,26,0.0942028985507246,0.0652173913043478,0.934782608695652,0.121928166351607
loc48711_pos3,FALSE,264,19,0.071969696969697,0.910984848484849,0.0890151515151515,0.162182908631772
loc48725_pos9,FALSE,265,28,0.105660377358491,0.939622641509434,0.060377358490566,0.113463866144535
loc48731_pos15,FALSE,278,74,0.266187050359712,0.83453237410072,0.165467625899281,0.276176181357073
loc48734_pos1,FALSE,299,25,0.0836120401337793,0.941471571906355,0.0585284280936454,0.110205702397065
loc48755_pos14,FALSE,264,29,0.109848484848485,0.929924242424242,0.0700757575757576,0.130330291551882
loc48757_pos20,FALSE,288,125,0.434027777777778,0.442708333333333,0.557291666666667,0.493435329861111
loc48769_pos29,FALSE,301,58,0.192691029900332,0.867109634551495,0.132890365448505,0.230461032438936
loc48783_pos96,FALSE,277,99,0.357400722021661,0.666064981949459,0.333935018050541,0.444844843540252
loc48787_pos17,FALSE,299,118,0.394648829431438,0.444816053511706,0.555183946488294,0.493909464099954
loc48792_pos8,FALSE,267,57,0.213483146067416,0.144194756554307,0.855805243445693,0.246805257473102
loc48838_pos6,FALSE,289,106,0.366782006920415,0.339100346020761,0.660899653979239,0.448222602698722
loc48844_pos20,FALSE,276,27,0.0978260869565217,0.947463768115942,0.052536231884058,0.099552352446965
loc48849_pos31,FALSE,304,90,0.296052631578947,0.74671052631579,0.25328947368421,0.378267832409972
loc48853_pos10,FALSE,296,41,0.138513513513514,0.123310810810811,0.876689189189189,0.216210509495982
loc48855_pos22,FALSE,296,99,0.33445945945946,0.282094594594595,0.717905405405405,0.405034468590212
loc48868_pos7,FALSE,283,28,0.0989399293286219,0.939929328621908,0.0600706713780919,0.112924371636554
loc48930_pos94,FALSE,308,70,0.227272727272727,0.798701298701299,0.201298701298701,0.321555068308315
loc48942_pos19,FALSE,305,22,0.0721311475409836,0.947540983606557,0.0524590163934426,0.0994141359849503
loc48953_pos21,FALSE,286,94,0.328671328671329,0.737762237762238,0.262237762237762,0.386938236588586
loc48965_pos10,FALSE,260,29,0.111538461538462,0.944230769230769,0.0557692307692308,0.105318047337278
loc48970_pos3,FALSE,282,23,0.0815602836879433,0.945035460992908,0.0549645390070922,0.10388687691766
loc48978_pos11,FALSE,263,63,0.239543726235741,0.846007604562738,0.153992395437262,0.260557475169512
loc48991_pos2,FALSE,268,28,0.104477611940299,0.0634328358208955,0.936567164179104,0.11881822232123
loc49022_pos13,FALSE,303,75,0.247524752475248,0.843234323432343,0.156765676567657,0.264380398435883
loc49025_pos29,FALSE,262,88,0.33587786259542,0.225190839694656,0.774809160305344,0.348959850824544
loc49026_pos20,FALSE,293,42,0.143344709897611,0.914675767918089,0.0853242320819113,0.156088015003087
loc49051_pos3,FALSE,302,36,0.119205298013245,0.933774834437086,0.0662251655629139,0.123678786018157
loc49079_pos109,FALSE,283,90,0.318021201413428,0.731448763250883,0.268551236749117,0.392862939979273
loc49090_pos4,FALSE,278,27,0.0971223021582734,0.0953237410071942,0.904676258992806,0.172474250815175
loc49119_pos41,FALSE,290,134,0.462068965517241,0.403448275862069,0.596551724137931,0.481355529131986
loc49159_pos0,FALSE,262,22,0.083969465648855,0.0687022900763359,0.931297709923664,0.127964570829206
loc49168_pos108,FALSE,297,42,0.141414141414141,0.902356902356902,0.0976430976430976,0.176217846251516
loc49192_pos10,FALSE,278,94,0.338129496402878,0.658273381294964,0.341726618705036,0.449899073546918
loc49204_pos19,FALSE,262,72,0.274809160305344,0.32442748091603,0.675572519083969,0.438348581085018
loc49214_pos4,FALSE,274,53,0.193430656934307,0.895985401459854,0.104014598540146,0.186391123661356
loc49216_pos5,FALSE,298,31,0.104026845637584,0.914429530201342,0.0855704697986577,0.156496328994189
loc49234_pos105,FALSE,262,38,0.145038167938931,0.122137404580153,0.877862595419847,0.214439717965154
loc49251_pos13,FALSE,276,103,0.373188405797101,0.458333333333333,0.541666666666667,0.496527777777778
loc49256_pos28,FALSE,263,17,0.064638783269962,0.944866920152091,0.0551330798479087,0.104186846708786
loc49260_pos84,FALSE,296,67,0.226351351351351,0.214527027027027,0.785472972972973,0.337010363403945
loc49282_pos48,FALSE,268,105,0.391791044776119,0.486940298507463,0.513059701492537,0.499658888393852
loc49288_pos37,FALSE,300,52,0.173333333333333,0.89,0.11,0.1958
loc49298_pos94,FALSE,284,103,0.362676056338028,0.438380281690141,0.561619718309859,0.492406020630827
loc49322_pos27,FALSE,265,29,0.109433962264151,0.933962264150943,0.0660377358490566,0.123353506585974
loc49385_pos13,FALSE,287,27,0.0940766550522648,0.921602787456446,0.078397212543554,0.14450217921791
loc49399_pos10,FALSE,281,89,0.316725978647687,0.403914590747331,0.596085409252669,0.481535188257494
loc49455_pos94,FALSE,296,43,0.14527027027027,0.920608108108108,0.0793918918918919,0.146177638787436
loc49460_pos100,FALSE,284,93,0.327464788732394,0.427816901408451,0.572183098591549,0.489579200555445
loc49466_pos5,FALSE,296,98,0.331081081081081,0.628378378378378,0.371621621621622,0.467037983929876
loc49508_pos103,FALSE,285,90,0.31578947368421,0.287719298245614,0.712280701754386,0.409873807325331
loc49511_pos153,FALSE,293,25,0.0853242320819113,0.930034129692833,0.0699658703071673,0.130141294598656
loc49517_pos8,FALSE,280,28,0.1,0.939285714285714,0.0607142857142857,0.11405612244898
loc49538_pos18,FALSE,284,65,0.22887323943662,0.779929577464789,0.220070422535211,0.34327886332077
loc49546_pos1,FALSE,303,40,0.132013201320132,0.0858085808580858,0.914191419141914,0.156890936618414
loc49554_pos106,FALSE,279,110,0.39426523297491,0.598566308243728,0.401433691756272,0.480569365758405
loc49567_pos17,FALSE,283,102,0.360424028268551,0.268551236749117,0.731448763250883,0.392862939979273
loc49605_pos154,FALSE,264,59,0.223484848484848,0.854166666666667,0.145833333333333,0.249131944444445
loc49618_pos29,FALSE,282,99,0.351063829787234,0.661347517730496,0.338652482269504,0.447933957044414
loc49627_pos105,FALSE,294,94,0.319727891156463,0.289115646258503,0.710884353741497,0.411055578694063
loc49631_pos25,FALSE,262,68,0.259541984732824,0.748091603053435,0.251908396946565,0.376901112988754
loc49641_pos27,FALSE,271,29,0.107011070110701,0.0977859778597786,0.902214022140221,0.176447760787571
loc49653_pos5,FALSE,271,35,0.129151291512915,0.913284132841328,0.0867158671586716,0.158392451083183
loc49665_pos14,FALSE,296,14,0.0472972972972973,0.939189189189189,0.0608108108108109,0.114225712198685
loc49675_pos19,FALSE,291,32,0.109965635738832,0.0927835051546392,0.907216494845361,0.168349452651716
loc49716_pos10,FALSE,307,129,0.420195439739414,0.64657980456026,0.353420195439739,0.457028721790152
loc49719_pos3,FALSE,273,39,0.142857142857143,0.133699633699634,0.866300366300366,0.231648083296435
loc49721_pos97,FALSE,266,44,0.165413533834586,0.823308270676692,0.176691729323308,0.290943524224094
loc49726_pos5,FALSE,270,70,0.259259259259259,0.740740740740741,0.259259259259259,0.384087791495199
loc49736_pos3,FALSE,260,76,0.292307692307692,0.296153846153846,0.703846153846154,0.41689349112426
loc49739_pos101,FALSE,295,26,0.088135593220339,0.91864406779661,0.0813559322033899,0.149474288997415
loc49757_pos14,FALSE,273,23,0.0842490842490843,0.921245421245421,0.0787545787545788,0.145104590159535
loc49759_pos7,FALSE,295,42,0.142372881355932,0.911864406779661,0.088135593220339,0.160735420856076
loc49766_pos6,FALSE,295,120,0.406779661016949,0.627118644067797,0.372881355932203,0.46768170066073
loc49768_pos6,FALSE,271,87,0.321033210332103,0.496309963099631,0.503690036900369,0.499972767255348
loc49779_pos2,FALSE,282,93,0.329787234042553,0.74645390070922,0.25354609929078,0.37852094965042
loc49796_pos13,FALSE,273,40,0.146520146520147,0.871794871794872,0.128205128205128,0.22353714661407
loc49835_pos17,FALSE,297,112,0.377104377104377,0.451178451178451,0.548821548821549,0.49523291274133
loc49843_pos2,FALSE,262,48,0.183206106870229,0.881679389312977,0.118320610687023,0.208641687547346
loc49844_pos114,FALSE,288,113,0.392361111111111,0.362847222222222,0.637152777777778,0.462378231095679
loc49849_pos104,FALSE,274,110,0.401459854014599,0.45985401459854,0.54014598540146,0.496776599712292
loc49863_pos0,FALSE,263,13,0.0494296577946768,0.948669201520912,0.0513307984790875,0.0973918952131736
loc49865_pos50,FALSE,289,100,0.346020761245675,0.273356401384083,0.726643598615917,0.397265358412854
loc49870_pos38,FALSE,270,117,0.433333333333333,0.535185185185185,0.464814814814815,0.497524005486968
loc49914_pos112,FALSE,303,86,0.283828382838284,0.818481848184819,0.181518151815181,0.297138624753564
loc49916_pos8,FALSE,264,23,0.0871212121212121,0.903409090909091,0.0965909090909091,0.174522210743802
loc49949_pos0,FALSE,259,86,0.332046332046332,0.698841698841699,0.301158301158301,0.420923957603494
loc49952_pos31,FALSE,304,90,0.296052631578947,0.263157894736842,0.736842105263158,0.38781163434903
loc49957_pos160,FALSE,283,25,0.088339222614841,0.941696113074205,0.058303886925795,0.109809087390278
loc49966_pos42,FALSE,299,100,0.334448160535117,0.287625418060201,0.712374581939799,0.409794073891791
loc50010_pos80,FALSE,289,30,0.103806228373702,0.892733564013841,0.107266435986159,0.191520695393973
loc50025_pos2,FALSE,290,37,0.127586206896552,0.912068965517241,0.0879310344827586,0.160398335315101
loc50051_pos100,FALSE,265,87,0.328301886792453,0.650943396226415,0.349056603773585,0.454432182271271
loc50062_pos33,FALSE,290,33,0.113793103448276,0.88448275862069,0.11551724137931,0.204346016646849
loc50071_pos116,FALSE,305,75,0.245901639344262,0.831147540983607,0.168852459016393,0.280682612201021
loc50079_pos18,FALSE,279,80,0.28673835125448,0.211469534050179,0.788530465949821,0.333500340437559
loc50086_pos96,FALSE,297,21,0.0707070707070707,0.947811447811448,0.0521885521885522,0.09892981441803
loc50092_pos36,FALSE,288,61,0.211805555555556,0.230902777777778,0.769097222222222,0.355173369984568
loc50102_pos59,FALSE,301,123,0.408637873754153,0.483388704318937,0.516611295681063,0.499448129711593
loc50104_pos66,FALSE,302,85,0.281456953642384,0.759933774834437,0.240066225165563,0.36486886540064
loc50106_pos50,FALSE,273,56,0.205128205128205,0.871794871794872,0.128205128205128,0.22353714661407
loc50118_pos16,FALSE,273,82,0.3003663003663,0.597069597069597,0.402930402930403,0.481154986649492
loc50127_pos30,FALSE,286,98,0.342657342657343,0.363636363636364,0.636363636363636,0.462809917355372
loc50133_pos66,FALSE,287,112,0.390243902439024,0.35191637630662,0.64808362369338,0.456142480787675
loc50137_pos164,FALSE,298,120,0.402684563758389,0.553691275167785,0.446308724832215,0.494234493941714
loc50149_pos16,FALSE,297,93,0.313131313131313,0.207070707070707,0.792929292929293,0.328384858687889
loc50150_pos15,FALSE,284,101,0.355633802816901,0.448943661971831,0.551056338028169,0.494786500694307
loc50162_pos94,FALSE,288,40,0.138888888888889,0.885416666666667,0.114583333333333,0.202907986111111
loc50167_pos69,FALSE,278,28,0.100719424460432,0.942446043165468,0.0575539568345323,0.108482997774442
loc50170_pos10,FALSE,275,27,0.0981818181818182,0.936363636363636,0.0636363636363636,0.119173553719008
loc50172_pos64,FALSE,308,35,0.113636363636364,0.933441558441558,0.0665584415584416,0.124256830831506
loc50177_pos31,FALSE,274,102,0.372262773722628,0.60948905109489,0.39051094890511,0.476024295380681
loc50182_pos23,FALSE,285,50,0.175438596491228,0.126315789473684,0.873684210526316,0.220720221606648
loc50198_pos2,FALSE,297,43,0.144781144781145,0.0925925925925926,0.907407407407407,0.16803840877915
loc50211_pos77,FALSE,291,26,0.0893470790378007,0.945017182130584,0.0549828178694158,0.103919415217109
loc50268_pos30,FALSE,292,69,0.236301369863014,0.285958904109589,0.714041095890411,0.408372818540064
loc50272_pos92,FALSE,301,51,0.169435215946844,0.872093023255814,0.127906976744186,0.223093564088697
loc50274_pos4,FALSE,311,73,0.234726688102894,0.79903536977492,0.20096463022508,0.321155695247154
loc50286_pos25,FALSE,291,32,0.109965635738832,0.93127147766323,0.0687285223367697,0.128009825108348
loc50289_pos4,FALSE,290,25,0.0862068965517241,0.0568965517241379,0.943103448275862,0.107318668252081
loc50307_pos17,FALSE,282,101,0.358156028368794,0.476950354609929,0.523049645390071,0.498937427694784
loc50338_pos3,FALSE,285,118,0.414035087719298,0.578947368421053,0.421052631578947,0.487534626038781
loc50350_pos130,FALSE,284,36,0.126760563380282,0.0880281690140845,0.911971830985915,0.160558420948225
loc50359_pos23,FALSE,268,36,0.134328358208955,0.134328358208955,0.865671641791045,0.232568500779684
loc50367_pos142,FALSE,268,59,0.220149253731343,0.169776119402985,0.830223880597015,0.281904377366897
loc50391_pos10,FALSE,261,37,0.14176245210728,0.902298850574713,0.0977011494252874,0.17631126965253
loc50399_pos49,FALSE,272,134,0.492647058823529,0.738970588235294,0.261029411764706,0.385786115916955
loc50412_pos5,FALSE,301,116,0.385382059800664,0.3421926910299,0.6578073089701,0.450193706471231
loc50420_pos37,FALSE,265,44,0.166037735849057,0.886792452830189,0.113207547169811,0.200783196867212
loc50438_pos25,FALSE,266,68,0.255639097744361,0.804511278195489,0.195488721804511,0.314545762903499
loc50447_pos14,FALSE,268,24,0.0895522388059701,0.082089552238806,0.917910447761194,0.150701715304077
loc50456_pos41,FALSE,274,76,0.277372262773723,0.781021897810219,0.218978102189781,0.342053385902286
loc50458_pos22,FALSE,294,47,0.159863945578231,0.896258503401361,0.103741496598639,0.185958396964228
loc50461_pos25,FALSE,305,30,0.0983606557377049,0.940983606557377,0.059016393442623,0.111066917495297
loc50466_pos2,FALSE,302,17,0.0562913907284768,0.94205298013245,0.0579470198675497,0.109178325512039
loc50473_pos13,FALSE,302,92,0.304635761589404,0.794701986754967,0.205298013245033,0.326301478005351
loc50499_pos99,FALSE,271,53,0.195571955719557,0.861623616236162,0.138376383763838,0.238456720360562
loc50505_pos127,FALSE,279,21,0.0752688172043011,0.944444444444444,0.0555555555555556,0.104938271604938
loc50535_pos4,FALSE,289,22,0.0761245674740484,0.948096885813149,0.0519031141868512,0.0984183618491158
loc50542_pos9,FALSE,269,95,0.353159851301115,0.775092936802974,0.224907063197026,0.34864775224223
loc50546_pos48,FALSE,260,87,0.334615384615385,0.344230769230769,0.655769230769231,0.451471893491124
loc50554_pos7,FALSE,265,20,0.0754716981132075,0.939622641509434,0.060377358490566,0.113463866144535
loc50575_pos0,FALSE,284,60,0.211267605633803,0.186619718309859,0.813380281690141,0.303585598095616
loc50582_pos27,FALSE,282,46,0.163120567375887,0.847517730496454,0.152482269503546,0.258462853981188
loc50588_pos106,FALSE,288,22,0.0763888888888889,0.947916666666667,0.0520833333333334,0.0987413194444445
loc50597_pos12,FALSE,295,74,0.250847457627119,0.186440677966102,0.813559322033898,0.303361103131284
loc50600_pos1,FALSE,290,56,0.193103448275862,0.86551724137931,0.13448275862069,0.232794292508918
loc50628_pos14,FALSE,298,23,0.0771812080536913,0.0721476510067114,0.927852348993289,0.13388473492185
loc50636_pos18,FALSE,270,33,0.122222222222222,0.924074074074074,0.075925925925926,0.140322359396434
loc50674_pos66,FALSE,282,33,0.117021276595745,0.920212765957447,0.0797872340425532,0.146842462652784
loc50679_pos70,FALSE,275,34,0.123636363636364,0.149090909090909,0.850909090909091,0.253725619834711
loc50687_pos99,FALSE,296,38,0.128378378378378,0.097972972972973,0.902027027027027,0.17674853907962
loc50704_pos26,FALSE,275,84,0.305454545454545,0.352727272727273,0.647272727272727,0.456621487603306
loc50714_pos105,FALSE,287,68,0.236933797909408,0.759581881533101,0.240418118466899,0.36523449355947
loc50721_pos105,FALSE,293,76,0.25938566552901,0.84641638225256,0.15358361774744,0.259991380214097
loc50726_pos33,FALSE,286,100,0.34965034965035,0.520979020979021,0.479020979020979,0.499119761357524
loc50751_pos11,FALSE,272,55,0.202205882352941,0.211397058823529,0.78860294117647,0.333416684688581
loc50790_pos4,FALSE,260,52,0.2,0.192307692307692,0.807692307692308,0.310650887573965
loc50796_pos6,FALSE,284,54,0.190140845070423,0.852112676056338,0.147887323943662,0.252033326720889
loc50805_pos6,FALSE,265,62,0.233962264150943,0.173584905660377,0.826415094339623,0.28690637237451
loc50825_pos9,FALSE,292,123,0.421232876712329,0.388698630136986,0.611301369863014,0.475224010133233
loc50865_pos64,FALSE,291,82,0.281786941580756,0.731958762886598,0.268041237113402,0.392390264640238
loc50869_pos3,FALSE,263,30,0.114068441064639,0.920152091254753,0.0798479087452472,0.146944440428516
loc50872_pos7,FALSE,283,38,0.134275618374558,0.92226148409894,0.0777385159010601,0.143390478093121
loc50878_pos4,FALSE,277,57,0.205776173285199,0.832129963898917,0.167870036101083,0.279379374161008
loc50884_pos107,FALSE,265,94,0.354716981132075,0.539622641509434,0.460377358490566,0.49686009255963
loc50933_pos11,FALSE,279,80,0.28673835125448,0.763440860215054,0.236559139784946,0.361197826338305
loc50939_pos51,FALSE,302,128,0.423841059602649,0.556291390728477,0.443708609271523,0.493662558659708
loc50951_pos70,FALSE,259,66,0.254826254826255,0.776061776061776,0.223938223938224,0.347579791595236
loc50954_pos22,FALSE,271,75,0.276752767527675,0.787822878228782,0.212177121771218,0.334315981536199
loc50964_pos8,FALSE,291,57,0.195876288659794,0.878006872852234,0.121993127147766,0.21422160815295
loc50970_pos35,FALSE,282,97,0.343971631205674,0.671985815602837,0.328014184397163,0.440841758462854
loc50972_pos31,FALSE,262,20,0.0763358778625954,0.938931297709924,0.0610687022900763,0.114678631781365
loc50987_pos17,FALSE,274,18,0.0656934306569343,0.930656934306569,0.0693430656934306,0.129069209867334
loc50990_pos25,FALSE,272,105,0.386029411764706,0.604779411764706,0.395220588235294,0.478042549740484
loc51021_pos21,FALSE,298,126,0.422818791946309,0.352348993288591,0.647651006711409,0.456398360434215
loc51049_pos98,FALSE,294,92,0.312925170068027,0.775510204081633,0.224489795918367,0.348188254893794
loc51053_pos29,FALSE,302,93,0.30794701986755,0.577814569536424,0.422185430463576,0.487889785535722
loc51069_pos10,FALSE,294,103,0.350340136054422,0.481292517006803,0.518707482993197,0.499300060160118
loc51076_pos29,FALSE,275,93,0.338181818181818,0.594545454545455,0.405454545454545,0.482122314049587
loc51081_pos24,FALSE,299,26,0.0869565217391304,0.946488294314381,0.0535117056856187,0.101296406080469
loc51100_pos8,FALSE,272,93,0.341911764705882,0.634191176470588,0.365808823529412,0.463985456314879
loc51112_pos1,FALSE,294,111,0.377551020408163,0.44047619047619,0.55952380952381,0.492913832199546
loc51120_pos4,FALSE,272,15,0.0551470588235294,0.943014705882353,0.0569852941176471,0.107475940743945
loc51154_pos2,FALSE,281,113,0.402135231316726,0.414590747330961,0.585409252669039,0.485410519117032
loc51161_pos34,FALSE,279,51,0.182795698924731,0.815412186379928,0.184587813620072,0.301030305366067
loc51164_pos8,FALSE,284,40,0.140845070422535,0.919014084507042,0.0809859154929577,0.148854393969451
loc51169_pos43,FALSE,267,54,0.202247191011236,0.876404494382023,0.123595505617977,0.216639313218028
loc51174_pos9,FALSE,266,95,0.357142857142857,0.385338345864662,0.614661654135338,0.473705410141896
loc51185_pos12,FALSE,259,63,0.243243243243243,0.596525096525097,0.403474903474903,0.481365811481642
loc51215_pos16,FALSE,288,89,0.309027777777778,0.380208333333333,0.619791666666667,0.471299913194444
loc51236_pos52,FALSE,288,63,0.21875,0.814236111111111,0.185763888888889,0.302511332947531
loc51238_pos94,FALSE,262,79,0.301526717557252,0.479007633587786,0.520992366412214,0.499118641104831
loc51239_pos3,FALSE,279,79,0.283154121863799,0.403225806451613,0.596774193548387,0.481269510926119
loc51242_pos6,FALSE,276,60,0.217391304347826,0.815217391304348,0.184782608695652,0.301275992438563
loc51244_pos23,FALSE,264,40,0.151515151515152,0.848484848484849,0.151515151515151,0.257116620752984
loc51258_pos26,FALSE,266,76,0.285714285714286,0.218045112781955,0.781954887218045,0.341002883147719
loc51265_pos2,FALSE,264,94,0.356060606060606,0.363636363636364,0.636363636363636,0.462809917355372
loc51266_pos103,FALSE,279,70,0.25089605734767,0.304659498207885,0.695340501792115,0.42368417671921
loc51273_pos24,FALSE,264,135,0.511363636363636,0.501893939393939,0.498106060606061,0.499992825987144
loc51287_pos4,FALSE,276,94,0.340579710144928,0.735507246376812,0.264492753623188,0.389072673808023
loc51290_pos17,FALSE,273,108,0.395604395604396,0.593406593406593,0.406593406593407,0.482550416616351
loc51311_pos24,FALSE,266,59,0.221804511278195,0.287593984962406,0.712406015037594,0.409767369551699
loc51319_pos8,FALSE,276,72,0.260869565217391,0.221014492753623,0.778985507246377,0.344334173492964
loc51322_pos9,FALSE,303,71,0.234323432343234,0.826732673267327,0.173267326732673,0.286491520439173
loc51369_pos96,FALSE,278,49,0.176258992805755,0.911870503597122,0.0881294964028777,0.160725376533306
loc51371_pos58,FALSE,294,22,0.0748299319727891,0.948979591836735,0.0510204081632653,0.0968346522282381
loc51426_pos23,FALSE,259,59,0.227799227799228,0.735521235521235,0.264478764478765,0.389059495237101
loc51443_pos0,FALSE,280,132,0.471428571428571,0.55,0.45,0.495
loc51456_pos9,FALSE,292,94,0.321917808219178,0.606164383561644,0.393835616438356,0.477458247325952
loc51473_pos7,FALSE,289,109,0.377162629757785,0.34083044982699,0.65916955017301,0.449330108595443
loc51475_pos110,FALSE,290,73,0.251724137931034,0.205172413793103,0.794827586206897,0.32615338882283
loc51486_pos30,FALSE,289,55,0.190311418685121,0.804498269896194,0.195501730103806,0.314561607260449
loc51501_pos9,FALSE,279,29,0.103942652329749,0.937275985663082,0.0627240143369175,0.117579424724759
loc51506_pos10,FALSE,278,72,0.258992805755396,0.215827338129496,0.784172661870504,0.338491796490865
loc51513_pos137,FALSE,268,18,0.0671641791044776,0.0522388059701493,0.947761194029851,0.0990198262419247
loc51543_pos6,FALSE,261,33,0.126436781609195,0.101532567049808,0.898467432950192,0.182447409756169
loc51552_pos116,FALSE,287,41,0.142857142857143,0.914634146341463,0.0853658536585366,0.156157049375372
loc51566_pos10,FALSE,288,77,0.267361111111111,0.154513888888889,0.845486111111111,0.261278694058642
loc51568_pos133,FALSE,262,29,0.110687022900763,0.0629770992366412,0.937022900763359,0.118021968416759
loc51584_pos22,FALSE,284,26,0.0915492957746479,0.0845070422535211,0.915492957746479,0.154731204126165
loc51586_pos44,FALSE,264,107,0.40530303030303,0.604166666666667,0.395833333333333,0.478298611111111
loc51594_pos15,FALSE,260,79,0.303846153846154,0.332692307692308,0.667307692307692,0.444016272189349
loc51596_pos8,FALSE,284,26,0.0915492957746479,0.904929577464789,0.0950704225352113,0.172064074588375
loc51598_pos43,FALSE,286,76,0.265734265734266,0.181818181818182,0.818181818181818,0.297520661157025
loc51618_pos10,FALSE,278,21,0.0755395683453237,0.93705035971223,0.0629496402877698,0.11797396615082
loc51621_pos15,FALSE,279,30,0.10752688172043,0.931899641577061,0.068100358422939,0.126925399211213
loc51642_pos5,FALSE,282,37,0.131205673758865,0.913120567375887,0.0868794326241135,0.158662793622051
loc51650_pos100,FALSE,304,42,0.138157894736842,0.131578947368421,0.868421052631579,0.228531855955679
loc51714_pos17,FALSE,282,37,0.131205673758865,0.913120567375887,0.0868794326241135,0.158662793622051
loc51728_pos49,FALSE,300,52,0.173333333333333,0.116666666666667,0.883333333333333,0.206111111111111
loc51733_pos9,FALSE,259,23,0.0888030888030888,0.928571428571429,0.0714285714285714,0.13265306122449
loc51741_pos25,FALSE,296,35,0.118243243243243,0.920608108108108,0.0793918918918919,0.146177638787436
loc51753_pos26,FALSE,278,50,0.179856115107914,0.136690647482014,0.863309352517986,0.236012628745924
loc51777_pos177,FALSE,287,49,0.170731707317073,0.862369337979094,0.137630662020906,0.237376925785186
loc51782_pos19,FALSE,285,68,0.23859649122807,0.768421052631579,0.231578947368421,0.35590027700831
loc51784_pos115,FALSE,283,21,0.0742049469964664,0.948763250883392,0.0512367491166078,0.0972230893131392
loc51807_pos4,FALSE,265,70,0.264150943396226,0.732075471698113,0.267924528301887,0.392281950872197
loc51841_pos42,FALSE,279,94,0.336917562724014,0.67741935483871,0.32258064516129,0.437044745057232
loc51867_pos27,FALSE,260,15,0.0576923076923077,0.0557692307692308,0.944230769230769,0.105318047337278
loc51869_pos119,FALSE,296,28,0.0945945945945946,0.0777027027027027,0.922297297297297,0.143329985390796
loc51872_pos12,FALSE,270,54,0.2,0.859259259259259,0.140740740740741,0.241865569272977
loc51893_pos103,FALSE,292,43,0.147260273972603,0.878424657534247,0.121575342465753,0.213589557140176
loc51900_pos14,FALSE,297,102,0.343434343434343,0.28956228956229,0.71043771043771,0.411431940051469
loc51923_pos32,FALSE,287,34,0.118466898954704,0.912891986062718,0.0871080139372822,0.159040415690369
loc51950_pos3,FALSE,269,48,0.178438661710037,0.83271375464684,0.16728624535316,0.278603114937604
loc51970_pos6,FALSE,259,34,0.131274131274131,0.922779922779923,0.0772200772200772,0.142514273788405
loc51980_pos9,FALSE,270,27,0.1,0.935185185185185,0.0648148148148148,0.121227709190672
loc51983_pos7,FALSE,268,33,0.123134328358209,0.912313432835821,0.0876865671641791,0.159995266206282
loc51986_pos6,FALSE,299,68,0.22742474916388,0.167224080267559,0.832775919732441,0.278520374492455
loc51992_pos38,FALSE,287,73,0.254355400696864,0.837979094076655,0.162020905923345,0.271540263934247
loc52040_pos14,FALSE,292,22,0.0753424657534247,0.945205479452055,0.0547945205479452,0.103584162131732
loc52050_pos119,FALSE,285,48,0.168421052631579,0.133333333333333,0.866666666666667,0.231111111111111
loc52051_pos24,FALSE,301,22,0.0730897009966777,0.916943521594684,0.0830564784053156,0.152316199600446
loc52060_pos48,FALSE,289,21,0.0726643598615917,0.93598615916955,0.0640138408304498,0.119832138025167
loc52071_pos31,FALSE,290,78,0.268965517241379,0.182758620689655,0.817241379310345,0.29871581450654
loc52078_pos104,FALSE,297,30,0.101010101010101,0.946127946127946,0.0538720538720538,0.101939711367321
loc52084_pos82,FALSE,276,88,0.318840579710145,0.692028985507246,0.307971014492754,0.426249737450116
loc52086_pos20,FALSE,261,85,0.325670498084291,0.28544061302682,0.71455938697318,0.407928538923386
loc52093_pos9,FALSE,277,57,0.205776173285199,0.839350180505415,0.160649819494585,0.269682909981884
loc52109_pos27,FALSE,285,95,0.333333333333333,0.710526315789474,0.289473684210526,0.411357340720222
loc52151_pos1,FALSE,259,82,0.316602316602317,0.71042471042471,0.28957528957529,0.411442882485353
loc52170_pos86,FALSE,306,32,0.104575163398693,0.928104575163399,0.0718954248366013,0.133452945448332
loc52199_pos98,FALSE,278,30,0.107913669064748,0.0863309352517986,0.913669064748201,0.157755809740697
loc52207_pos14,FALSE,278,88,0.316546762589928,0.733812949640288,0.266187050359712,0.390663009161017
loc52211_pos6,FALSE,310,33,0.106451612903226,0.933870967741935,0.0661290322580645,0.123511966701353
loc52271_pos7,FALSE,282,64,0.226950354609929,0.836879432624113,0.163120567375887,0.273024495749711
loc52282_pos97,FALSE,276,8,0.0289855072463768,0.945652173913043,0.0543478260869565,0.102788279773157
loc52300_pos21,FALSE,287,40,0.139372822299652,0.146341463414634,0.853658536585366,0.249851279000595
loc52303_pos14,FALSE,269,36,0.133828996282528,0.91449814126394,0.0855018587360595,0.156382581777477
loc52310_pos10,FALSE,308,45,0.146103896103896,0.891233766233766,0.108766233766234,0.193872280317085
loc52338_pos128,FALSE,302,118,0.390728476821192,0.397350993377483,0.602649006622517,0.478926362878821
loc52351_pos3,FALSE,272,85,0.3125,0.759191176470588,0.240808823529412,0.365639868079585
loc52354_pos6,FALSE,276,45,0.16304347826087,0.860507246376812,0.139492753623188,0.240069050619618
loc52385_pos9,FALSE,264,26,0.0984848484848485,0.93560606060606,0.0643939393939394,0.120494719926538
loc52421_pos44,FALSE,260,46,0.176923076923077,0.869230769230769,0.130769230769231,0.227337278106509
loc52440_pos53,FALSE,277,111,0.40072202166065,0.453068592057762,0.546931407942238,0.495594885897118
loc52465_pos29,FALSE,281,37,0.131672597864769,0.923487544483986,0.0765124555160143,0.141316599333848
loc52475_pos13,FALSE,291,66,0.22680412371134,0.790378006872852,0.209621993127148,0.3313612262491
loc52477_pos18,FALSE,296,31,0.10472972972973,0.927364864864865,0.0726351351351351,0.134718544558072
loc52495_pos75,FALSE,300,22,0.0733333333333333,0.946666666666667,0.0533333333333333,0.100977777777778
loc52498_pos33,FALSE,307,76,0.247557003257329,0.814332247557003,0.185667752442997,0.302390476291526
loc52520_pos92,FALSE,270,25,0.0925925925925926,0.946296296296296,0.0537037037037037,0.101639231824417
loc52521_pos6,FALSE,285,81,0.28421052631579,0.675438596491228,0.324561403508772,0.438442597722376
loc52566_pos61,FALSE,259,28,0.108108108108108,0.83011583011583,0.16988416988417,0.282047077413873
loc52578_pos7,FALSE,301,27,0.0897009966777409,0.941860465116279,0.0581395348837209,0.109518658734451
loc52579_pos7,FALSE,290,63,0.217241379310345,0.143103448275862,0.856896551724138,0.245249702734839
loc52588_pos18,FALSE,295,62,0.210169491525424,0.166101694915254,0.833898305084746,0.277023843723068
loc52617_pos119,FALSE,296,117,0.39527027027027,0.673986486486487,0.326013513513513,0.439457405040175
loc52621_pos29,FALSE,289,39,0.134948096885813,0.918685121107266,0.0813148788927336,0.149405538726787
loc52656_pos5,FALSE,264,37,0.140151515151515,0.918560606060606,0.0814393939393939,0.149614038108356
loc52659_pos95,FALSE,289,103,0.356401384083045,0.621107266435986,0.378892733564014,0.470666060032806
loc52667_pos36,FALSE,304,36,0.118421052631579,0.904605263157895,0.0953947368421053,0.172589162049862
loc52684_pos105,FALSE,276,14,0.0507246376811594,0.945652173913043,0.0543478260869565,0.102788279773157
loc52692_pos5,FALSE,266,29,0.109022556390977,0.0657894736842105,0.93421052631579,0.12292243767313
loc52707_pos120,FALSE,270,35,0.12962962962963,0.912962962962963,0.087037037037037,0.158923182441701
loc52708_pos129,FALSE,295,39,0.132203389830508,0.906779661016949,0.0932203389830508,0.169060614765872
loc52711_pos18,FALSE,274,81,0.295620437956204,0.771897810218978,0.228102189781022,0.352143161596249
loc52768_pos19,FALSE,271,95,0.350553505535055,0.418819188191882,0.581180811808118,0.48681935158835
loc52784_pos17,FALSE,295,53,0.179661016949153,0.838983050847458,0.161016949152542,0.2701809824763
loc52796_pos47,FALSE,267,108,0.404494382022472,0.355805243445693,0.644194756554307,0.458415744364488
loc52801_pos158,FALSE,290,66,0.227586206896552,0.858620689655172,0.141379310344828,0.242782401902497
loc52803_pos14,FALSE,280,24,0.0857142857142857,0.935714285714286,0.0642857142857143,0.12030612244898
loc52807_pos5,FALSE,277,32,0.115523465703971,0.92057761732852,0.0794223826714802,0.14622893560453
loc52839_pos8,FALSE,264,75,0.284090909090909,0.255681818181818,0.744318181818182,0.380617252066116
loc52848_pos20,FALSE,288,91,0.315972222222222,0.286458333333333,0.713541666666667,0.408799913194444
loc52865_pos139,FALSE,295,74,0.250847457627119,0.183050847457627,0.816949152542373,0.299086469405343
loc52893_pos94,FALSE,278,32,0.115107913669065,0.931654676258993,0.0683453237410072,0.127348480927488
loc52916_pos9,FALSE,269,29,0.107806691449814,0.938661710037175,0.0613382899628253,0.115151808294523
loc52923_pos36,FALSE,286,58,0.202797202797203,0.199300699300699,0.800699300699301,0.319159861117903
loc52930_pos16,FALSE,264,68,0.257575757575758,0.253787878787879,0.746212121212121,0.378759182736455
loc52944_pos4,FALSE,296,61,0.206081081081081,0.839527027027027,0.160472972972973,0.269442795836377
loc52960_pos2,FALSE,290,14,0.0482758620689655,0.941379310344828,0.0586206896551724,0.110368608799049
loc52962_pos146,FALSE,295,81,0.274576271186441,0.740677966101695,0.259322033898305,0.384148233266303
loc52969_pos100,FALSE,291,46,0.15807560137457,0.910652920962199,0.0893470790378007,0.162728357010427
loc53009_pos8,FALSE,266,45,0.169172932330827,0.904135338345865,0.0958646616541353,0.173349256600147
loc53041_pos14,FALSE,277,31,0.111913357400722,0.925992779783393,0.0740072202166066,0.137060303144834
loc53044_pos92,FALSE,277,52,0.187725631768953,0.884476534296029,0.115523465703971,0.204355589151429
loc53046_pos24,FALSE,304,54,0.177631578947368,0.901315789473684,0.0986842105263158,0.177891274238227
loc53054_pos14,FALSE,290,67,0.231034482758621,0.853448275862069,0.146551724137931,0.250148632580262
loc53091_pos5,FALSE,266,103,0.387218045112782,0.671052631578947,0.328947368421053,0.441481994459834
loc53099_pos7,FALSE,272,63,0.231617647058824,0.784926470588235,0.215073529411765,0.337633812716263
loc53106_pos36,FALSE,277,111,0.40072202166065,0.370036101083032,0.629963898916968,0.466218769956601
loc53145_pos14,FALSE,269,69,0.256505576208178,0.827137546468402,0.172862453531598,0.285962051381269
loc53149_pos44,FALSE,278,110,0.39568345323741,0.29136690647482,0.70863309352518,0.412944464572227
loc53157_pos46,FALSE,278,63,0.226618705035971,0.847122302158273,0.152877697841727,0.259012214688681
loc53160_pos9,FALSE,277,22,0.0794223826714801,0.945848375451264,0.0541516245487365,0.102438452214938
loc53161_pos32,FALSE,294,48,0.163265306122449,0.887755102040816,0.112244897959184,0.199291961682632
loc53164_pos89,FALSE,265,33,0.124528301886792,0.10377358490566,0.89622641509434,0.186009255962976
loc53179_pos97,FALSE,298,77,0.258389261744966,0.26006711409396,0.73993288590604,0.384864420521598
loc53190_pos15,FALSE,302,34,0.112582781456954,0.0695364238410596,0.93046357615894,0.129402219200912
loc53206_pos4,FALSE,261,20,0.0766283524904215,0.934865900383142,0.0651340996168582,0.121783297367919
loc53233_pos35,FALSE,273,95,0.347985347985348,0.587912087912088,0.412087912087912,0.484542929597875
loc53235_pos11,FALSE,296,112,0.378378378378378,0.489864864864865,0.510135135135135,0.499794558071585
loc53236_pos107,FALSE,275,25,0.0909090909090909,0.870909090909091,0.129090909090909,0.224852892561984
loc53248_pos68,FALSE,264,100,0.378787878787879,0.5,0.5,0.5
loc53271_pos22,FALSE,290,91,0.313793103448276,0.78448275862069,0.21551724137931,0.338139120095125
loc53276_pos0,FALSE,263,30,0.114068441064639,0.893536121673004,0.106463878326996,0.190258641877142
loc53298_pos84,FALSE,302,83,0.274834437086093,0.730132450331126,0.269867549668874,0.394078110609184
loc53367_pos96,FALSE,260,18,0.0692307692307692,0.946153846153846,0.0538461538461539,0.10189349112426
loc53372_pos4,FALSE,273,66,0.241758241758242,0.813186813186813,0.186813186813187,0.303828040091776
loc53384_pos11,FALSE,270,30,0.111111111111111,0.885185185185185,0.114814814814815,0.203264746227709
loc53427_pos95,FALSE,302,112,0.370860927152318,0.334437086092715,0.665562913907285,0.445177843077058
loc53444_pos57,FALSE,303,51,0.168316831683168,0.882838283828383,0.117161716171617,0.206869696870677
loc53451_pos6,FALSE,292,35,0.11986301369863,0.926369863013699,0.0736301369863014,0.13641747982736
loc53476_pos20,FALSE,286,74,0.258741258741259,0.283216783216783,0.716783216783217,0.406010073842242
loc53484_pos27,FALSE,287,48,0.167247386759582,0.118466898954704,0.881533101045296,0.20886498561352
loc53487_pos23,FALSE,304,45,0.148026315789474,0.90625,0.09375,0.169921875
loc53501_pos131,FALSE,279,77,0.275985663082437,0.797491039426523,0.202508960573477,0.322998162921853
loc53508_pos9,FALSE,281,124,0.441281138790036,0.373665480427046,0.626334519572954,0.468079178328542
loc53511_pos104,FALSE,294,105,0.357142857142857,0.702380952380952,0.297619047619048,0.418083900226757
loc53535_pos15,FALSE,304,56,0.184210526315789,0.901315789473684,0.0986842105263158,0.177891274238227
loc53544_pos0,FALSE,282,36,0.127659574468085,0.904255319148936,0.0957446808510638,0.173155273879583
loc53546_pos20,FALSE,288,48,0.166666666666667,0.878472222222222,0.121527777777778,0.213517554012346
loc53552_pos97,FALSE,280,46,0.164285714285714,0.889285714285714,0.110714285714286,0.196913265306123
loc53579_pos59,FALSE,264,57,0.215909090909091,0.888257575757576,0.111742424242424,0.198512109733701
loc53581_pos0,FALSE,273,75,0.274725274725275,0.738095238095238,0.261904761904762,0.386621315192744
loc53603_pos16,FALSE,269,94,0.349442379182156,0.553903345724907,0.446096654275093,0.494188858639322
loc53605_pos6,FALSE,259,67,0.258687258687259,0.33011583011583,0.66988416988417,0.442278737645533
loc53617_pos17,FALSE,260,83,0.319230769230769,0.690384615384615,0.309615384615385,0.427507396449704
loc53628_pos18,FALSE,266,84,0.31578947368421,0.244360902255639,0.755639097744361,0.369297303408898
loc53661_pos39,FALSE,307,40,0.130293159609121,0.889250814332248,0.110749185667752,0.196967607083364
loc53667_pos6,FALSE,274,45,0.164233576642336,0.206204379562044,0.793795620437956,0.327368266822953
loc53678_pos6,FALSE,297,17,0.0572390572390572,0.0622895622895623,0.937710437710438,0.116819145438674
loc53689_pos13,FALSE,310,26,0.0838709677419355,0.941935483870968,0.0580645161290323,0.109386056191467
loc53709_pos33,FALSE,284,88,0.309859154929577,0.338028169014085,0.661971830985915,0.44753025193414
loc53726_pos22,FALSE,297,55,0.185185185185185,0.223905723905724,0.776094276094276,0.347543901415955
loc53740_pos21,FALSE,301,34,0.112956810631229,0.877076411960133,0.122923588039867,0.215626759086544
loc53753_pos77,FALSE,284,118,0.415492957746479,0.429577464788732,0.570422535211268,0.490081333068836
loc53758_pos9,FALSE,290,37,0.127586206896552,0.908620689655172,0.0913793103448276,0.166058263971463
loc53772_pos4,FALSE,293,27,0.0921501706484642,0.947098976109215,0.052901023890785,0.100205011124183
loc53795_pos116,FALSE,294,92,0.312925170068027,0.282312925170068,0.717687074829932,0.405224674903975
loc53804_pos61,FALSE,290,70,0.241379310344828,0.824137931034483,0.175862068965517,0.28986920332937
loc53836_pos16,FALSE,277,32,0.115523465703971,0.913357400722022,0.0866425992779783,0.158271318536668
loc53839_pos1,FALSE,300,75,0.25,0.795,0.205,0.32595
loc53860_pos45,FALSE,272,52,0.191176470588235,0.143382352941176,0.856617647058824,0.245647707612457
loc53863_pos5,FALSE,306,107,0.349673202614379,0.736928104575163,0.263071895424837,0.387730146524841
loc53876_pos11,FALSE,303,54,0.178217821782178,0.877887788778878,0.122112211221122,0.21440163818362
loc53885_pos31,FALSE,282,77,0.273049645390071,0.735815602836879,0.264184397163121,0.388782002917358
loc53898_pos2,FALSE,274,58,0.211678832116788,0.718978102189781,0.281021897810219,0.404097181522724
loc53918_pos1,FALSE,263,87,0.330798479087452,0.773764258555133,0.226235741444867,0.350106261475516
loc53919_pos97,FALSE,273,20,0.0732600732600733,0.945054945054945,0.054945054945055,0.10385219176428
loc53923_pos56,FALSE,268,109,0.406716417910448,0.494402985074627,0.505597014925373,0.49993734684785
loc53933_pos13,FALSE,287,50,0.174216027874564,0.867595818815331,0.132404181184669,0.229746627978973
loc53955_pos5,FALSE,263,23,0.0874524714828897,0.925855513307985,0.0741444866920152,0.137294163570386
loc53969_pos2,FALSE,307,137,0.446254071661238,0.392508143322476,0.607491856677524,0.476891001496037
loc54030_pos30,FALSE,283,107,0.378091872791519,0.411660777385159,0.588339222614841,0.484392363495611
loc54035_pos12,FALSE,262,47,0.179389312977099,0.875954198473282,0.124045801526718,0.217316881300623
loc54044_pos138,FALSE,285,31,0.108771929824561,0.921052631578947,0.0789473684210527,0.145429362880886
loc54076_pos97,FALSE,267,100,0.374531835205993,0.674157303370786,0.325842696629214,0.439338467365232
loc54133_pos94,FALSE,265,72,0.271698113207547,0.479245283018868,0.520754716981132,0.499138483446066
loc54140_pos50,FALSE,293,126,0.430034129692833,0.651877133105802,0.348122866894198,0.453866672879125
loc54147_pos7,FALSE,290,30,0.103448275862069,0.0586206896551724,0.941379310344828,0.110368608799049
loc54171_pos38,FALSE,292,42,0.143835616438356,0.0787671232876712,0.921232876712329,0.145125727153312
loc54172_pos28,FALSE,283,84,0.296819787985866,0.795053003533569,0.204946996466431,0.32588745021164
loc54186_pos4,FALSE,296,38,0.128378378378378,0.0743243243243243,0.925675675675676,0.137600438276114
loc54191_pos4,FALSE,282,28,0.099290780141844,0.0638297872340425,0.936170212765957,0.119511090991399
loc54206_pos121,FALSE,273,96,0.351648351648352,0.725274725274725,0.274725274725275,0.398502596304794
loc54215_pos20,FALSE,293,102,0.348122866894198,0.409556313993174,0.590443686006826,0.483639879322997
loc54225_pos99,FALSE,282,94,0.333333333333333,0.599290780141844,0.400709219858156,0.480282681957648
loc54229_pos10,FALSE,284,24,0.0845070422535211,0.0669014084507042,0.933098591549296,0.124851219996033
loc54235_pos0,FALSE,289,108,0.373702422145329,0.314878892733564,0.685121107266436,0.431460351288897
loc54251_pos7,FALSE,305,29,0.0950819672131148,0.0737704918032787,0.926229508196721,0.136656812684762
loc54266_pos2,FALSE,307,62,0.201954397394137,0.833876221498371,0.166123778501629,0.277053337435941
loc54288_pos100,FALSE,289,99,0.342560553633218,0.306228373702422,0.693771626297578,0.424905113683984
loc54290_pos107,FALSE,297,58,0.195286195286195,0.855218855218855,0.144781144781145,0.247639129794012
loc54298_pos124,FALSE,301,79,0.262458471760797,0.22093023255814,0.77906976744186,0.344240129799892
loc54303_pos15,FALSE,303,137,0.452145214521452,0.358085808580858,0.641914191419142,0.459720724547702
loc54311_pos97,FALSE,291,28,0.0962199312714777,0.917525773195876,0.0824742268041238,0.151344457434371
loc54326_pos3,FALSE,287,104,0.362369337979094,0.282229965156794,0.717770034843206,0.405152423848778
loc54339_pos104,FALSE,286,73,0.255244755244755,0.802447552447552,0.197552447552448,0.31705095603697
loc54346_pos4,FALSE,267,80,0.299625468164794,0.808988764044944,0.191011235955056,0.309051887387956
loc54355_pos20,FALSE,307,42,0.136807817589577,0.921824104234528,0.0781758957654723,0.144128850173477
loc54400_pos29,FALSE,288,21,0.0729166666666667,0.0538194444444444,0.946180555555556,0.101845823688272
loc54411_pos54,FALSE,277,56,0.202166064981949,0.162454873646209,0.837545126353791,0.272126575349607
loc54421_pos18,FALSE,302,32,0.105960264900662,0.913907284768212,0.0860927152317881,0.157361519231613
loc54431_pos29,FALSE,288,43,0.149305555555556,0.133680555555556,0.866319444444444,0.231620129243827
loc54441_pos25,FALSE,273,46,0.168498168498169,0.142857142857143,0.857142857142857,0.244897959183673
loc54461_pos5,FALSE,301,38,0.12624584717608,0.0930232558139535,0.906976744186047,0.16873985938345
loc54494_pos20,FALSE,276,51,0.184782608695652,0.885869565217391,0.114130434782609,0.202209357277883
loc54527_pos15,FALSE,265,118,0.445283018867925,0.437735849056604,0.562264150943396,0.492246351014596
loc54531_pos9,FALSE,292,47,0.160958904109589,0.909246575342466,0.0907534246575342,0.165034481140927
loc54535_pos12,FALSE,265,32,0.120754716981132,0.883018867924528,0.116981132075472,0.206593093627625
loc54536_pos4,FALSE,282,120,0.425531914893617,0.358156028368794,0.641843971631206,0.459760575423771
loc54546_pos20,FALSE,301,43,0.142857142857143,0.925249169435216,0.074750830564784,0.138326287789318
loc54554_pos24,FALSE,300,32,0.106666666666667,0.903333333333333,0.0966666666666667,0.174644444444444
loc54563_pos16,FALSE,293,93,0.31740614334471,0.223549488054608,0.776450511945392,0.347150228890261
loc54594_pos14,FALSE,297,41,0.138047138047138,0.893939393939394,0.106060606060606,0.189623507805326
loc54619_pos25,FALSE,283,21,0.0742049469964664,0.941696113074205,0.058303886925795,0.109809087390278
loc54629_pos19,FALSE,266,32,0.120300751879699,0.093984962406015,0.906015037593985,0.17030357849511
loc54631_pos6,FALSE,260,28,0.107692307692308,0.0961538461538462,0.903846153846154,0.173816568047337
loc54653_pos13,FALSE,263,71,0.269961977186312,0.811787072243346,0.188212927756654,0.305577643163845
loc54655_pos105,FALSE,298,48,0.161073825503356,0.902684563758389,0.0973154362416108,0.175690284221432
loc54670_pos9,FALSE,308,57,0.185064935064935,0.891233766233766,0.108766233766234,0.193872280317085
loc54676_pos9,FALSE,273,35,0.128205128205128,0.917582417582418,0.0824175824175825,0.151249849052047
loc54680_pos6,FALSE,296,134,0.452702702702703,0.439189189189189,0.560810810810811,0.492604090577064
loc54682_pos40,FALSE,285,89,0.312280701754386,0.507017543859649,0.492982456140351,0.499901508156356
loc54694_pos19,FALSE,268,50,0.186567164179104,0.884328358208955,0.115671641791045,0.204583426152818
loc54698_pos3,FALSE,291,50,0.171821305841924,0.88659793814433,0.11340206185567,0.201084068445106
loc54778_pos58,FALSE,272,51,0.1875,0.85110294117647,0.148897058823529,0.253453449394464
loc54788_pos25,FALSE,296,58,0.195945945945946,0.273648648648649,0.726351351351351,0.397530131482834
loc54808_pos4,FALSE,289,65,0.224913494809689,0.773356401384083,0.226643598615917,0.350552555644688
loc54810_pos19,FALSE,265,51,0.192452830188679,0.869811320754717,0.130188679245283,0.226479174083304
loc54816_pos104,FALSE,284,89,0.313380281690141,0.484154929577465,0.515845070422535,0.49949786748661
loc54819_pos71,FALSE,292,36,0.123287671232877,0.910958904109589,0.089041095890411,0.162225558266091
loc54822_pos94,FALSE,295,37,0.125423728813559,0.923728813559322,0.076271186440678,0.140907785119219
loc54825_pos63,FALSE,282,74,0.26241134751773,0.801418439716312,0.198581560283688,0.318293848397968
loc54827_pos9,FALSE,286,36,0.125874125874126,0.916083916083916,0.083916083916084,0.153748349552545
loc54877_pos21,FALSE,297,30,0.101010101010101,0.942760942760943,0.0572390572390572,0.107925495130882
loc54880_pos3,FALSE,273,81,0.296703296703297,0.214285714285714,0.785714285714286,0.336734693877551
loc54886_pos8,FALSE,269,74,0.275092936802974,0.219330855018587,0.780669144981413,0.342449662110806
loc54894_pos82,FALSE,263,86,0.326996197718631,0.254752851711027,0.745247148288973,0.379707672512253
loc54895_pos17,FALSE,262,75,0.286259541984733,0.624045801526718,0.375954198473282,0.469225278247188
loc54907_pos27,FALSE,269,95,0.353159851301115,0.685873605947955,0.314126394052045,0.430902005223808
loc54915_pos5,FALSE,288,27,0.09375,0.949652777777778,0.0503472222222222,0.0956247588734568
loc54926_pos12,FALSE,288,82,0.284722222222222,0.194444444444444,0.805555555555556,0.313271604938272
loc54928_pos34,FALSE,296,25,0.0844594594594595,0.947635135135135,0.0523648648648649,0.0992455715850987
loc54931_pos76,FALSE,265,33,0.124528301886792,0.922641509433962,0.0773584905660377,0.142748309006764
loc54945_pos95,FALSE,271,48,0.177121771217712,0.114391143911439,0.885608856088561,0.202611620212143
loc54952_pos1,FALSE,275,52,0.189090909090909,0.174545454545455,0.825454545454545,0.28815867768595
loc54955_pos31,FALSE,287,41,0.142857142857143,0.883275261324042,0.116724738675958,0.206200148113975
loc55003_pos13,FALSE,273,90,0.32967032967033,0.377289377289377,0.622710622710623,0.469884206147942
loc55012_pos10,FALSE,280,113,0.403571428571429,0.555357142857143,0.444642857142857,0.493871173469388
loc55032_pos43,FALSE,304,45,0.148026315789474,0.853618421052632,0.146381578947368,0.249908024584488
loc55035_pos11,FALSE,279,29,0.103942652329749,0.908602150537634,0.0913978494623656,0.166088565152041
loc55050_pos15,FALSE,287,74,0.257839721254355,0.689895470383275,0.310104529616725,0.427879420655829
loc55082_pos45,FALSE,294,32,0.108843537414966,0.0578231292517007,0.942176870748299,0.108959229950484
loc55118_pos0,FALSE,290,52,0.179310344827586,0.855172413793103,0.144827586206897,0.247705112960761
loc55130_pos6,FALSE,281,101,0.359430604982206,0.346975088967972,0.653024911032029,0.45316675320728
loc55141_pos138,FALSE,265,101,0.381132075471698,0.435849056603774,0.564150943396226,0.491769312922748
loc55152_pos0,FALSE,277,49,0.176895306859206,0.182310469314079,0.81768953068592,0.298146724185119
loc55173_pos8,FALSE,290,108,0.372413793103448,0.355172413793103,0.644827586206897,0.458049940546968
loc55201_pos9,FALSE,266,10,0.037593984962406,0.93609022556391,0.0639097744360902,0.119650630335237
loc55214_pos4,FALSE,282,17,0.0602836879432624,0.948581560283688,0.0514184397163121,0.0975491675469042
loc55229_pos75,FALSE,299,18,0.0602006688963211,0.949832775919732,0.0501672240802675,0.0953009474166955
loc55243_pos92,FALSE,264,82,0.310606060606061,0.367424242424242,0.632575757575758,0.464847337006428
loc55253_pos19,FALSE,273,86,0.315018315018315,0.285714285714286,0.714285714285714,0.408163265306122
loc55281_pos14,FALSE,276,71,0.257246376811594,0.26268115942029,0.73731884057971,0.387359535811804
loc55285_pos5,FALSE,278,70,0.251798561151079,0.816546762589928,0.183453237410072,0.299596294187671
loc55292_pos3,FALSE,276,81,0.293478260869565,0.338768115942029,0.661231884057971,0.448008559126234
loc55295_pos29,FALSE,294,31,0.105442176870748,0.94047619047619,0.0595238095238095,0.111961451247166
loc55303_pos64,FALSE,292,81,0.277397260273973,0.261986301369863,0.738013698630137,0.386698958528805
loc55329_pos0,FALSE,278,31,0.111510791366906,0.904676258992806,0.0953237410071942,0.172474250815175
loc55334_pos115,FALSE,271,42,0.154981549815498,0.900369003690037,0.0996309963099631,0.179409321768494
loc55347_pos21,FALSE,276,86,0.311594202898551,0.572463768115942,0.427536231884058,0.489498004620878
loc55363_pos36,FALSE,278,29,0.10431654676259,0.933453237410072,0.0665467625899281,0.124236581957456
loc55376_pos16,FALSE,292,36,0.123287671232877,0.886986301369863,0.113013698630137,0.200483205104147
loc55382_pos103,FALSE,299,62,0.207357859531773,0.846153846153846,0.153846153846154,0.260355029585799
loc55383_pos10,FALSE,290,54,0.186206896551724,0.148275862068966,0.851724137931035,0.252580261593341
loc55406_pos4,FALSE,259,16,0.0617760617760618,0.0656370656370656,0.934362934362934,0.122657682503242
loc55414_pos4,FALSE,274,62,0.226277372262774,0.85036496350365,0.14963503649635,0.254488784698172
loc55422_pos14,FALSE,303,41,0.135313531353135,0.922442244224422,0.0775577557755776,0.143085100589267
loc55426_pos10,FALSE,292,70,0.23972602739726,0.832191780821918,0.167808219178082,0.279297241508726
loc55428_pos6,FALSE,295,32,0.108474576271186,0.925423728813559,0.0745762711864407,0.138029301924734
loc55443_pos27,FALSE,304,79,0.259868421052632,0.175986842105263,0.824013157894737,0.290030947022161
loc55450_pos5,FALSE,273,30,0.10989010989011,0.912087912087912,0.0879120879120879,0.16036710542205
loc55468_pos47,FALSE,301,84,0.27906976744186,0.212624584717608,0.787375415282392,0.334830741382545
loc55548_pos10,FALSE,294,62,0.210884353741497,0.86734693877551,0.13265306122449,0.230112453144523
loc55550_pos30,FALSE,279,99,0.354838709677419,0.306451612903226,0.693548387096774,0.425078043704475
loc55551_pos53,FALSE,313,54,0.172523961661342,0.869009584664537,0.130990415335463,0.227663852851412
loc55582_pos157,FALSE,311,53,0.170418006430868,0.905144694533762,0.094855305466238,0.171715552982289
loc55586_pos49,FALSE,276,131,0.47463768115942,0.53804347826087,0.46195652173913,0.49710538752363
loc55590_pos29,FALSE,296,69,0.233108108108108,0.822635135135135,0.177364864864865,0.291813139152666
loc55603_pos25,FALSE,299,18,0.0602006688963211,0.919732441471572,0.080267558528428,0.147649355152627
loc55637_pos18,FALSE,293,65,0.221843003412969,0.824232081911263,0.175767918088737,0.289747114118976
loc55678_pos10,FALSE,284,17,0.0598591549295775,0.948943661971831,0.051056338028169,0.0968991767506447
loc55707_pos35,FALSE,261,65,0.24904214559387,0.729885057471264,0.270114942528736,0.394305720702867
loc55712_pos23,FALSE,298,38,0.12751677852349,0.929530201342282,0.0704697986577181,0.131007612269717
loc55713_pos3,FALSE,273,28,0.102564102564103,0.926739926739927,0.0732600732600732,0.135786069852004
loc55723_pos16,FALSE,279,105,0.376344086021505,0.360215053763441,0.639784946236559,0.460920337611285
loc55730_pos8,FALSE,277,22,0.0794223826714801,0.938628158844765,0.0613718411552346,0.115210676536903
loc55739_pos7,FALSE,280,91,0.325,0.619642857142857,0.380357142857143,0.471371173469388
loc55744_pos6,FALSE,301,97,0.322259136212625,0.353820598006645,0.646179401993356,0.45726316486573
loc55756_pos99,FALSE,292,84,0.287671232876712,0.794520547945205,0.205479452054795,0.326515293676112
loc55762_pos112,FALSE,270,28,0.103703703703704,0.92962962962963,0.0703703703703704,0.130836762688615
loc55782_pos43,FALSE,287,94,0.327526132404181,0.418118466898955,0.581881533101045,0.486590829074045
loc55789_pos78,FALSE,260,90,0.346153846153846,0.292307692307692,0.707692307692308,0.413727810650888
loc55792_pos28,FALSE,289,64,0.221453287197232,0.813148788927336,0.186851211072664,0.303875671986686
loc55804_pos12,FALSE,298,54,0.181208053691275,0.865771812080537,0.134228187919463,0.232421962974641
loc55822_pos14,FALSE,279,90,0.32258064516129,0.369175627240143,0.630824372759857,0.46576996698398
loc55823_pos102,FALSE,281,86,0.306049822064057,0.362989323843416,0.637010676156584,0.462456149238232
loc55829_pos5,FALSE,290,40,0.137931034482759,0.113793103448276,0.886206896551724,0.201688466111772
loc55841_pos96,FALSE,299,23,0.0769230769230769,0.0551839464882943,0.944816053511706,0.104277357076543
loc55876_pos10,FALSE,297,22,0.0740740740740741,0.946127946127946,0.0538720538720538,0.101939711367321
loc55889_pos13,FALSE,259,47,0.181467181467181,0.148648648648649,0.851351351351351,0.253104455807159
loc55894_pos57,FALSE,277,66,0.23826714801444,0.166064981949458,0.833935018050541,0.276974807439169
loc55910_pos35,FALSE,285,77,0.270175438596491,0.812280701754386,0.187719298245614,0.304961526623577
loc55943_pos6,FALSE,294,36,0.122448979591837,0.122448979591837,0.877551020408163,0.214910453977509
loc55949_pos34,FALSE,259,12,0.0463320463320463,0.94980694980695,0.0501930501930502,0.0953474158107363
loc55965_pos72,FALSE,289,88,0.304498269896194,0.792387543252595,0.207612456747405,0.329019049101424
loc55969_pos4,FALSE,300,37,0.123333333333333,0.908333333333333,0.0916666666666667,0.166527777777778
loc55988_pos12,FALSE,263,61,0.231939163498099,0.811787072243346,0.188212927756654,0.305577643163845
loc55996_pos11,FALSE,290,24,0.0827586206896552,0.937931034482759,0.0620689655172414,0.116432818073722
loc55999_pos23,FALSE,310,40,0.129032258064516,0.912903225806452,0.0870967741935483,0.159021852237253
loc56003_pos99,FALSE,291,99,0.34020618556701,0.754295532646048,0.245704467353952,0.370667564152525
loc56015_pos17,FALSE,270,62,0.22962962962963,0.166666666666667,0.833333333333333,0.277777777777778
loc56025_pos101,FALSE,295,89,0.301694915254237,0.638983050847458,0.361016949152542,0.461367423154266
loc56031_pos8,FALSE,296,27,0.0912162162162162,0.9375,0.0625,0.1171875
loc56065_pos5,FALSE,274,64,0.233576642335766,0.83941605839416,0.160583941605839,0.269593478608344
loc56070_pos23,FALSE,307,38,0.123778501628664,0.0879478827361563,0.912052117263844,0.160426105316767
loc56076_pos37,FALSE,263,30,0.114068441064639,0.931558935361217,0.0684410646387833,0.127513770619786
loc56137_pos31,FALSE,293,126,0.430034129692833,0.440273037542662,0.559726962457338,0.49286537991124
loc56141_pos37,FALSE,283,92,0.325088339222615,0.289752650176678,0.710247349823321,0.41159210378454
loc56156_pos4,FALSE,280,70,0.25,0.225,0.775,0.34875
loc56199_pos29,FALSE,294,44,0.149659863945578,0.894557823129252,0.105442176870748,0.188648248415012
loc56225_pos96,FALSE,267,41,0.153558052434457,0.897003745318352,0.102996254681648,0.184776052406402
loc56240_pos96,FALSE,287,59,0.205574912891986,0.855400696864111,0.144599303135889,0.247380689337008
loc56301_pos8,FALSE,276,43,0.155797101449275,0.896739130434783,0.103260869565217,0.185196124763705
loc56340_pos46,FALSE,286,109,0.381118881118881,0.473776223776224,0.526223776223776,0.498624627121131
loc56355_pos15,FALSE,273,26,0.0952380952380952,0.926739926739927,0.0732600732600732,0.135786069852004
loc56361_pos93,FALSE,275,89,0.323636363636364,0.441818181818182,0.558181818181818,0.493229752066116
loc56368_pos5,FALSE,273,61,0.223443223443223,0.804029304029304,0.195970695970696,0.315132364582914
loc56373_pos5,FALSE,291,96,0.329896907216495,0.676975945017182,0.323024054982818,0.437359029770551
loc56380_pos2,FALSE,284,46,0.161971830985915,0.876760563380282,0.123239436619718,0.216102955762745
loc56382_pos11,FALSE,297,66,0.222222222222222,0.811447811447811,0.188552188552189,0.306000521488737
loc56407_pos14,FALSE,278,49,0.176258992805755,0.829136690647482,0.170863309352518,0.283338077739248
loc56428_pos112,FALSE,280,110,0.392857142857143,0.464285714285714,0.535714285714286,0.497448979591837
loc56430_pos97,FALSE,260,25,0.0961538461538462,0.948076923076923,0.051923076923077,0.0984541420118344
loc56436_pos0,FALSE,260,61,0.234615384615385,0.763461538461538,0.236538461538462,0.361176035502959
loc56445_pos14,FALSE,306,41,0.133986928104575,0.926470588235294,0.0735294117647058,0.136245674740484
loc56478_pos103,FALSE,297,75,0.252525252525253,0.207070707070707,0.792929292929293,0.328384858687889
loc56494_pos38,FALSE,273,110,0.402930402930403,0.421245421245421,0.578754578754579,0.487595432650378
loc56507_pos0,FALSE,297,69,0.232323232323232,0.715488215488216,0.284511784511784,0.407129657971409
loc56529_pos17,FALSE,291,66,0.22680412371134,0.807560137457045,0.192439862542955,0.310813523694808
loc56567_pos4,FALSE,282,31,0.109929078014184,0.0939716312056738,0.906028368794326,0.170281927468437
loc56568_pos7,FALSE,263,58,0.220532319391635,0.802281368821293,0.197718631178707,0.317251948127051
loc56579_pos84,FALSE,301,113,0.375415282392027,0.599667774086379,0.400332225913621,0.480132669617333
loc56585_pos54,FALSE,287,96,0.334494773519164,0.29616724738676,0.70383275261324,0.416904417924219
loc56605_pos28,FALSE,261,103,0.39463601532567,0.603448275862069,0.396551724137931,0.478596908442331
loc56609_pos0,FALSE,265,69,0.260377358490566,0.258490566037736,0.741509433962264,0.383346386614454
loc56641_pos1,FALSE,285,34,0.119298245614035,0.905263157894737,0.0947368421052631,0.171523545706371
loc56666_pos17,FALSE,282,75,0.265957446808511,0.228723404255319,0.771276595744681,0.352818017202354
loc56681_pos11,FALSE,287,82,0.285714285714286,0.247386759581882,0.752613240418119,0.372373101530916
loc56698_pos2,FALSE,285,104,0.364912280701754,0.694736842105263,0.305263157894737,0.42415512465374
loc56702_pos19,FALSE,281,61,0.217081850533808,0.838078291814947,0.161921708185053,0.271406137206976
loc56707_pos16,FALSE,281,95,0.338078291814947,0.425266903914591,0.574733096085409,0.488829928698978
loc56723_pos8,FALSE,305,36,0.118032786885246,0.924590163934426,0.0754098360655737,0.139446385380274
loc56727_pos30,FALSE,293,50,0.170648464163823,0.870307167235495,0.129692832764505,0.225745203788047
loc56735_pos11,FALSE,280,36,0.128571428571429,0.875,0.125,0.21875
loc56736_pos6,FALSE,283,98,0.346289752650177,0.639575971731449,0.360424028268551,0.461037096230444
loc56769_pos11,FALSE,287,115,0.400696864111498,0.590592334494774,0.409407665505226,0.483586057861574
loc56794_pos30,FALSE,289,56,0.193771626297578,0.134948096885813,0.865051903114187,0.233474216065421
loc56799_pos63,FALSE,259,17,0.0656370656370656,0.944015444015444,0.055984555984556,0.105700570951536
loc56903_pos105,FALSE,274,38,0.138686131386861,0.930656934306569,0.0693430656934306,0.129069209867334
loc56906_pos95,FALSE,272,61,0.224264705882353,0.215073529411765,0.784926470588235,0.337633812716263
loc56956_pos41,FALSE,293,22,0.0750853242320819,0.945392491467577,0.0546075085324232,0.103251057088609
loc56971_pos66,FALSE,293,58,0.197952218430034,0.856655290102389,0.143344709897611,0.245594008083961
loc57006_pos23,FALSE,273,93,0.340659340659341,0.28021978021978,0.71978021978022,0.403393309986717
loc57025_pos20,FALSE,259,66,0.254826254826255,0.803088803088803,0.196911196911197,0.316274354884394
loc57028_pos26,FALSE,261,79,0.302681992337165,0.31992337164751,0.68007662835249,0.435144815842398
loc57047_pos28,FALSE,277,135,0.487364620938628,0.525270758122744,0.474729241877256,0.498722777567804
loc57048_pos3,FALSE,292,55,0.188356164383562,0.768835616438356,0.231164383561644,0.355454822668418
loc57055_pos24,FALSE,264,60,0.227272727272727,0.723484848484849,0.276515151515151,0.400109044995409
loc57056_pos169,FALSE,276,98,0.355072463768116,0.557971014492754,0.442028985507246,0.493278722957362
loc57107_pos10,FALSE,299,121,0.404682274247492,0.61371237458194,0.38628762541806,0.474138991733873
loc57126_pos98,FALSE,277,56,0.202166064981949,0.148014440433213,0.851985559566787,0.252212331712912
loc57142_pos36,FALSE,290,117,0.403448275862069,0.660344827586207,0.339655172413793,0.448579072532699
loc57144_pos12,FALSE,298,86,0.288590604026846,0.76510067114094,0.23489932885906,0.359443268321247
loc57149_pos123,FALSE,285,71,0.249122807017544,0.81578947368421,0.18421052631579,0.300554016620499
loc57155_pos9,FALSE,265,20,0.0754716981132075,0.0792452830188679,0.920754716981132,0.145930936276255
loc57160_pos27,FALSE,295,26,0.088135593220339,0.945762711864407,0.0542372881355933,0.10259120942258
loc57173_pos4,FALSE,282,66,0.234042553191489,0.843971631205674,0.156028368794326,0.263367033851416
loc57175_pos8,FALSE,294,116,0.394557823129252,0.530612244897959,0.469387755102041,0.498125780924615
loc57184_pos12,FALSE,261,91,0.348659003831418,0.71455938697318,0.28544061302682,0.407928538923386
loc57188_pos28,FALSE,284,125,0.440140845070423,0.39612676056338,0.60387323943662,0.478420700257885
loc57191_pos40,FALSE,274,64,0.233576642335766,0.806569343065693,0.193430656934307,0.312030475784538
loc57233_pos27,FALSE,304,82,0.269736842105263,0.223684210526316,0.776315789473684,0.347299168975069
loc57238_pos12,FALSE,295,59,0.2,0.838983050847458,0.161016949152542,0.2701809824763
loc57257_pos14,FALSE,284,90,0.316901408450704,0.359154929577465,0.640845070422535,0.460325332275342
loc57284_pos14,FALSE,286,33,0.115384615384615,0.113636363636364,0.886363636363636,0.201446280991736
loc57289_pos67,FALSE,303,129,0.425742574257426,0.605610561056106,0.394389438943894,0.477692818786829
loc57290_pos29,FALSE,264,21,0.0795454545454545,0.948863636363636,0.0511363636363636,0.0970428719008265
loc57334_pos30,FALSE,283,58,0.204946996466431,0.120141342756184,0.879858657243816,0.21141480103385
loc57361_pos45,FALSE,293,74,0.252559726962457,0.74061433447099,0.25938566552901,0.384209484094165
loc57400_pos4,FALSE,277,41,0.148014440433213,0.918772563176895,0.0812274368231047,0.149259080660507
loc57405_pos10,FALSE,287,35,0.121951219512195,0.883275261324042,0.116724738675958,0.206200148113975
loc57424_pos10,FALSE,300,35,0.116666666666667,0.911666666666667,0.0883333333333334,0.161061111111111
loc57436_pos8,FALSE,280,57,0.203571428571429,0.858928571428571,0.141071428571429,0.24234056122449
loc57476_pos97,FALSE,275,91,0.330909090909091,0.405454545454545,0.594545454545454,0.482122314049587
loc57507_pos92,FALSE,260,63,0.242307692307692,0.309615384615385,0.690384615384615,0.427507396449704
loc57528_pos28,FALSE,290,19,0.0655172413793104,0.932758620689655,0.0672413793103448,0.125439952437574
loc57530_pos17,FALSE,275,49,0.178181818181818,0.150909090909091,0.849090909090909,0.256271074380165
loc57547_pos4,FALSE,286,28,0.0979020979020979,0.91958041958042,0.0804195804195804,0.147904543009438
loc57581_pos5,FALSE,269,50,0.185873605947955,0.869888475836431,0.130111524163569,0.226365030886804
loc57587_pos14,FALSE,270,28,0.103703703703704,0.92962962962963,0.0703703703703704,0.130836762688615
loc57642_pos2,FALSE,280,43,0.153571428571429,0.8875,0.1125,0.1996875
loc57645_pos47,FALSE,293,78,0.266211604095563,0.204778156996587,0.795221843003413,0.325688126827336
loc57656_pos9,FALSE,268,53,0.197761194029851,0.192164179104478,0.807835820895522,0.31047421474716
loc57702_pos3,FALSE,293,80,0.273037542662116,0.21160409556314,0.78839590443686,0.333655604608091
loc57703_pos76,FALSE,284,39,0.137323943661972,0.878521126760563,0.121478873239437,0.213443513191827
loc57719_pos109,FALSE,273,52,0.19047619047619,0.131868131868132,0.868131868131868,0.228957855331482
loc57744_pos6,FALSE,266,99,0.37218045112782,0.453007518796992,0.546992481203008,0.49558341342077
loc57748_pos136,FALSE,276,98,0.355072463768116,0.677536231884058,0.322463768115942,0.43696177273682
loc57766_pos5,FALSE,277,94,0.339350180505415,0.36101083032491,0.63898916967509,0.461364021426058
loc57771_pos9,FALSE,293,100,0.341296928327645,0.433447098976109,0.566552901023891,0.491141422730608
loc57782_pos3,FALSE,263,47,0.178707224334601,0.895437262357414,0.104562737642586,0.187258743078547
loc57796_pos12,FALSE,284,99,0.348591549295775,0.681338028169014,0.318661971830986,0.434233039079548
loc57822_pos4,FALSE,289,47,0.162629757785467,0.150519031141869,0.849480968858132,0.255726104811963
loc57824_pos130,FALSE,295,33,0.111864406779661,0.849152542372881,0.150847457627119,0.256185004309107
loc57841_pos53,FALSE,294,110,0.374149659863946,0.666666666666667,0.333333333333333,0.444444444444444
loc57851_pos16,FALSE,301,28,0.0930232558139535,0.916943521594684,0.0830564784053156,0.152316199600446
loc57857_pos20,FALSE,266,39,0.146616541353383,0.859022556390977,0.140977443609023,0.242205608004975
loc57868_pos14,FALSE,272,84,0.308823529411765,0.705882352941177,0.294117647058823,0.41522491349481
loc57869_pos3,FALSE,261,60,0.229885057471264,0.885057471264368,0.114942528735632,0.203461487646981
loc57873_pos29,FALSE,284,27,0.0950704225352113,0.910211267605634,0.0897887323943662,0.163453431858758
loc57894_pos103,FALSE,279,23,0.0824372759856631,0.915770609318996,0.0842293906810035,0.154269600853021
loc57927_pos96,FALSE,303,69,0.227722772277228,0.183168316831683,0.816831683168317,0.299235369081463
loc57929_pos12,FALSE,288,85,0.295138888888889,0.262152777777778,0.737847222222222,0.386857397762346
loc57934_pos3,FALSE,265,37,0.139622641509434,0.888679245283019,0.111320754716981,0.197856888572446
loc57937_pos27,FALSE,288,23,0.0798611111111111,0.932291666666667,0.0677083333333334,0.126247829861111
loc57952_pos46,FALSE,260,52,0.2,0.85,0.15,0.255
loc57980_pos10,FALSE,297,82,0.276094276094276,0.811447811447811,0.188552188552189,0.306000521488737
loc58006_pos55,FALSE,285,100,0.350877192982456,0.72280701754386,0.27719298245614,0.40071406586642
loc58014_pos12,FALSE,261,86,0.329501915708812,0.697318007662835,0.302681992337165,0.422131207703939
loc58028_pos102,FALSE,274,91,0.332116788321168,0.618613138686131,0.381386861313869,0.471861846662049
loc58030_pos4,FALSE,298,100,0.335570469798658,0.761744966442953,0.238255033557047,0.362979145083555
loc58040_pos69,FALSE,283,28,0.0989399293286219,0.908127208480565,0.0918727915194346,0.166864363395722
loc58059_pos127,FALSE,265,106,0.4,0.622641509433962,0.377358490566038,0.469918120327519
loc58067_pos9,FALSE,276,41,0.148550724637681,0.907608695652174,0.092391304347826,0.167710302457467
loc58100_pos20,FALSE,267,24,0.0898876404494382,0.932584269662921,0.0674157303370787,0.125741699280394
loc58115_pos86,FALSE,260,26,0.1,0.0846153846153846,0.915384615384615,0.15491124260355
loc58151_pos24,FALSE,289,56,0.193771626297578,0.29757785467128,0.70242214532872,0.418050550161037
loc58154_pos10,FALSE,305,59,0.19344262295082,0.29016393442623,0.70983606557377,0.411937651169041
loc58173_pos21,FALSE,297,64,0.215488215488215,0.269360269360269,0.730639730639731,0.393610629300865
loc58190_pos2,FALSE,295,70,0.23728813559322,0.274576271186441,0.725423728813559,0.398368284975582
loc58201_pos50,FALSE,261,40,0.153256704980843,0.796934865900383,0.203065134099617,0.323659370825443
loc58265_pos47,FALSE,280,59,0.210714285714286,0.198214285714286,0.801785714285714,0.317850765306122
loc58328_pos9,FALSE,263,110,0.418250950570342,0.463878326996198,0.536121673003802,0.497390449478813
loc58337_pos11,FALSE,297,22,0.0740740740740741,0.942760942760943,0.0572390572390572,0.107925495130882
loc58342_pos6,FALSE,275,90,0.327272727272727,0.458181818181818,0.541818181818182,0.496502479338843
loc58343_pos105,FALSE,289,64,0.221453287197232,0.186851211072664,0.813148788927336,0.303875671986686
loc58349_pos96,FALSE,261,23,0.0881226053639847,0.940613026819923,0.0593869731800766,0.111720321193171
loc58355_pos8,FALSE,272,46,0.169117647058824,0.852941176470588,0.147058823529412,0.250865051903114
loc58356_pos91,FALSE,300,63,0.21,0.821666666666667,0.178333333333333,0.293061111111111
loc58370_pos12,FALSE,281,33,0.117437722419929,0.909252669039146,0.0907473309608541,0.165024505768671
loc58390_pos162,FALSE,279,69,0.247311827956989,0.847670250896057,0.152329749103943,0.258250793283745
loc58404_pos18,FALSE,265,128,0.483018867924528,0.494339622641509,0.505660377358491,0.499935920256319
loc58407_pos24,FALSE,284,100,0.352112676056338,0.73943661971831,0.26056338028169,0.385340210275739
loc58410_pos53,FALSE,277,56,0.202166064981949,0.870036101083033,0.129963898916967,0.226146567790535
loc58412_pos11,FALSE,295,55,0.186440677966102,0.9,0.1,0.18
loc58413_pos2,FALSE,261,49,0.187739463601533,0.875478927203065,0.124521072796935,0.218031150452871
loc58457_pos25,FALSE,291,51,0.175257731958763,0.13573883161512,0.86426116838488,0.234627602413765
loc58459_pos4,FALSE,277,69,0.249097472924188,0.81768953068592,0.182310469314079,0.298146724185119
loc58462_pos2,FALSE,307,27,0.0879478827361563,0.0635179153094463,0.936482084690554,0.118966779488377
loc58474_pos60,FALSE,262,34,0.129770992366412,0.927480916030534,0.0725190839694656,0.13452013285939
loc58485_pos108,FALSE,280,76,0.271428571428571,0.260714285714286,0.739285714285714,0.385484693877551
loc58493_pos14,FALSE,279,57,0.204301075268817,0.195340501792115,0.804659498207885,0.314365180303439
loc58540_pos24,FALSE,267,69,0.258426966292135,0.818352059925094,0.181647940074906,0.297303931882899
loc58541_pos100,FALSE,291,103,0.353951890034364,0.63745704467354,0.36254295532646,0.462211121739233
loc58552_pos2,FALSE,271,46,0.169741697416974,0.874538745387454,0.125461254612546,0.219441456407184
loc58568_pos108,FALSE,278,109,0.392086330935252,0.379496402877698,0.620503597122302,0.470957766161172
loc58582_pos25,FALSE,296,61,0.206081081081081,0.782094594594595,0.217905405405405,0.340845279401023
loc58609_pos4,FALSE,288,80,0.277777777777778,0.788194444444444,0.211805555555556,0.333887924382716
loc58620_pos94,FALSE,288,37,0.128472222222222,0.0711805555555556,0.928819444444444,0.132227768132716
loc58632_pos3,FALSE,296,81,0.273648648648649,0.775337837837838,0.224662162162162,0.348378150109569
loc58634_pos20,FALSE,305,37,0.121311475409836,0.0836065573770492,0.916393442622951,0.153233001881215
loc58640_pos95,FALSE,274,120,0.437956204379562,0.456204379562044,0.543795620437956,0.496163887260909
loc58647_pos7,FALSE,284,75,0.264084507042254,0.688380281690141,0.311619718309859,0.429025738940686
loc58654_pos30,FALSE,304,37,0.121710526315789,0.919407894736842,0.0805921052631579,0.14819403566482
loc58675_pos5,FALSE,296,38,0.128378378378378,0.89527027027027,0.10472972972973,0.187522826880935
loc58687_pos103,FALSE,298,118,0.395973154362416,0.634228187919463,0.365771812080537,0.463965587135715
loc58694_pos12,FALSE,294,38,0.129251700680272,0.918367346938776,0.0816326530612245,0.14993752603082
loc58699_pos22,FALSE,259,26,0.1003861003861,0.0656370656370656,0.934362934362934,0.122657682503242
loc58705_pos40,FALSE,298,40,0.134228187919463,0.88255033557047,0.11744966442953,0.207310481509842
loc58709_pos22,FALSE,294,22,0.0748299319727891,0.948979591836735,0.0510204081632653,0.0968346522282381
loc58777_pos29,FALSE,274,31,0.113138686131387,0.917883211678832,0.0821167883211679,0.150747242793969
loc58800_pos12,FALSE,274,31,0.113138686131387,0.91058394160584,0.0894160583941606,0.162841653790825
loc58804_pos75,FALSE,298,115,0.385906040268456,0.441275167785235,0.558724832214765,0.493102788162695
loc58816_pos0,FALSE,296,53,0.179054054054054,0.886824324324324,0.113175675675676,0.20073388422206
loc58827_pos93,FALSE,296,32,0.108108108108108,0.932432432432432,0.0675675675675675,0.126004382761139
loc58850_pos3,FALSE,265,72,0.271698113207547,0.581132075471698,0.418867924528302,0.486835172659309
loc58863_pos116,FALSE,293,28,0.0955631399317406,0.935153583617747,0.0648464163822525,0.121282717329264
loc58914_pos26,FALSE,261,54,0.206896551724138,0.18007662835249,0.81992337164751,0.295298072547379
loc58916_pos12,FALSE,278,113,0.406474820143885,0.555755395683453,0.444244604316547,0.493782671704363
loc58923_pos150,FALSE,302,69,0.228476821192053,0.183774834437086,0.816225165562914,0.300003289329415
loc58925_pos15,FALSE,291,45,0.154639175257732,0.912371134020619,0.0876288659793815,0.159900095653098
loc58933_pos141,FALSE,284,55,0.193661971830986,0.121478873239437,0.878521126760563,0.213443513191827
loc58942_pos29,FALSE,260,21,0.0807692307692308,0.932692307692308,0.0673076923076923,0.125554733727811
loc58944_pos51,FALSE,291,116,0.398625429553265,0.580756013745705,0.419243986254295,0.486956932487807
loc58946_pos30,FALSE,259,42,0.162162162162162,0.895752895752896,0.104247104247104,0.186759291006395
loc58949_pos27,FALSE,262,45,0.17175572519084,0.895038167938931,0.104961832061069,0.187889691742905
loc58952_pos9,FALSE,293,74,0.252559726962457,0.713310580204778,0.286689419795222,0.408997192745402
loc58966_pos4,FALSE,289,33,0.114186851211073,0.92560553633218,0.0743944636678201,0.137719854886795
loc59003_pos19,FALSE,265,92,0.347169811320755,0.260377358490566,0.739622641509434,0.385161979352083
loc59026_pos109,FALSE,287,70,0.24390243902439,0.717770034843206,0.282229965156794,0.405152423848778
loc59028_pos15,FALSE,279,47,0.168458781362007,0.876344086021505,0.123655913978495,0.216730257833276
loc59035_pos110,FALSE,284,78,0.274647887323944,0.725352112676056,0.274647887323944,0.398432850624876
loc59051_pos26,FALSE,299,111,0.37123745819398,0.807692307692308,0.192307692307692,0.310650887573964
loc59081_pos13,FALSE,287,72,0.250871080139373,0.801393728222996,0.198606271777004,0.318323641175685
loc59084_pos11,FALSE,283,44,0.15547703180212,0.915194346289753,0.0848056537102474,0.15522730961805
loc59087_pos4,FALSE,288,103,0.357638888888889,0.425347222222222,0.574652777777778,0.488853925540123
loc59095_pos16,FALSE,261,92,0.352490421455939,0.762452107279693,0.237547892720307,0.362237782768897
loc59101_pos114,FALSE,281,38,0.135231316725979,0.914590747330961,0.0854092526690391,0.156229024455111
loc59111_pos117,FALSE,277,49,0.176895306859206,0.171480144404332,0.828519855595668,0.284149408958803
loc59126_pos37,FALSE,283,102,0.360424028268551,0.770318021201413,0.229681978798587,0.353856334827504
loc59128_pos50,FALSE,275,35,0.127272727272727,0.921818181818182,0.0781818181818181,0.144138842975207
loc59140_pos11,FALSE,279,19,0.0681003584229391,0.933691756272401,0.0663082437275986,0.12382292108272
loc59146_pos11,FALSE,261,60,0.229885057471264,0.777777777777778,0.222222222222222,0.345679012345679
loc59150_pos2,FALSE,270,70,0.259259259259259,0.840740740740741,0.159259259259259,0.267791495198903
loc59158_pos9,FALSE,288,37,0.128472222222222,0.925347222222222,0.0746527777777778,0.138159481095679
loc59174_pos14,FALSE,282,60,0.212765957446809,0.826241134751773,0.173758865248227,0.287133443991751
loc59192_pos119,FALSE,267,37,0.138576779026217,0.121722846441948,0.878277153558052,0.213812790192035
loc59202_pos20,FALSE,269,61,0.226765799256506,0.213754646840149,0.786245353159851,0.336127195588784
loc59216_pos65,FALSE,294,25,0.0850340136054422,0.947278911564626,0.0527210884353742,0.0998831505391272
loc59228_pos32,FALSE,263,84,0.319391634980989,0.326996197718631,0.673003802281369,0.440139368792378
loc59245_pos1,FALSE,274,106,0.386861313868613,0.354014598540146,0.645985401459854,0.457376525121211
loc59265_pos20,FALSE,282,54,0.191489361702128,0.833333333333333,0.166666666666667,0.277777777777778
loc59274_pos41,FALSE,295,26,0.088135593220339,0.935593220338983,0.0644067796610169,0.120517092789428
loc59277_pos14,FALSE,278,27,0.0971223021582734,0.947841726618705,0.052158273381295,0.0988755757983541
loc59283_pos4,FALSE,265,72,0.271698113207547,0.694339622641509,0.305660377358491,0.424464222143111
loc59285_pos3,FALSE,286,30,0.104895104895105,0.898601398601399,0.101398601398601,0.182233850066018
loc59288_pos4,FALSE,280,56,0.2,0.228571428571429,0.771428571428571,0.35265306122449
loc59313_pos13,FALSE,266,99,0.37218045112782,0.516917293233083,0.483082706766917,0.499427610379332
loc59321_pos7,FALSE,286,79,0.276223776223776,0.222027972027972,0.777972027972028,0.345463103330236
loc59334_pos127,FALSE,276,24,0.0869565217391304,0.909420289855073,0.0905797101449275,0.164750052509977
loc59338_pos4,FALSE,277,126,0.454873646209386,0.675090252707581,0.324909747292419,0.438686806813591
loc59363_pos109,FALSE,271,53,0.195571955719557,0.186346863468635,0.813653136531365,0.303243419888073
loc59378_pos22,FALSE,282,28,0.099290780141844,0.0709219858156028,0.929078014184397,0.131784115487149
loc59381_pos168,FALSE,307,91,0.296416938110749,0.744299674267101,0.255700325732899,0.380635338305977
loc59384_pos24,FALSE,284,40,0.140845070422535,0.123239436619718,0.876760563380282,0.216102955762745
loc59388_pos6,FALSE,272,53,0.194852941176471,0.762867647058823,0.237132352941177,0.361801200259516
loc59394_pos2,FALSE,274,70,0.255474452554745,0.737226277372263,0.262773722627737,0.387447386648197
loc59403_pos7,FALSE,259,81,0.312741312741313,0.693050193050193,0.306949806949807,0.425463245926566
loc59442_pos22,FALSE,278,36,0.129496402877698,0.0827338129496403,0.91726618705036,0.151777858288908
loc59448_pos42,FALSE,285,44,0.154385964912281,0.905263157894737,0.0947368421052631,0.171523545706371
loc59458_pos11,FALSE,299,114,0.381270903010033,0.625418060200669,0.374581939799331,0.468540620351003
loc59459_pos20,FALSE,267,98,0.367041198501873,0.337078651685393,0.662921348314607,0.446913268526701
loc59478_pos4,FALSE,288,92,0.319444444444444,0.354166666666667,0.645833333333333,0.457465277777778
loc59493_pos2,FALSE,267,80,0.299625468164794,0.741573033707865,0.258426966292135,0.383284938770357
loc59521_pos5,FALSE,281,26,0.0925266903914591,0.94661921708185,0.0533807829181495,0.10106254986639
loc59530_pos23,FALSE,306,83,0.271241830065359,0.834967320261438,0.165032679738562,0.275593788713743
loc59537_pos38,FALSE,266,38,0.142857142857143,0.921052631578947,0.0789473684210527,0.145429362880886
loc59559_pos95,FALSE,279,20,0.0716845878136201,0.939068100358423,0.0609318996415771,0.114438406495292
loc59575_pos98,FALSE,294,40,0.136054421768707,0.0952380952380952,0.904761904761905,0.172335600907029
loc59577_pos20,FALSE,263,21,0.0798479087452472,0.948669201520912,0.0513307984790875,0.0973918952131736
loc59585_pos15,FALSE,290,54,0.186206896551724,0.168965517241379,0.831034482758621,0.280832342449465
loc59586_pos174,FALSE,275,103,0.374545454545455,0.452727272727273,0.547272727272727,0.495530578512397
loc59592_pos6,FALSE,300,38,0.126666666666667,0.923333333333333,0.0766666666666667,0.141577777777778
loc59596_pos122,FALSE,280,18,0.0642857142857143,0.95,0.05,0.0950000000000001
loc59628_pos56,FALSE,292,28,0.0958904109589041,0.921232876712329,0.0787671232876712,0.145125727153312
loc59639_pos57,FALSE,302,34,0.112582781456954,0.933774834437086,0.0662251655629139,0.123678786018157
loc59654_pos12,FALSE,274,47,0.171532846715328,0.158759124087591,0.841240875912409,0.267109329213064
loc59779_pos8,FALSE,283,27,0.0954063604240283,0.0759717314487632,0.924028268551237,0.14040005493888
loc59798_pos103,FALSE,273,54,0.197802197802198,0.864468864468865,0.135531135531135,0.234324893665553
loc59812_pos81,FALSE,308,66,0.214285714285714,0.13961038961039,0.86038961038961,0.24023865744645
loc59818_pos137,FALSE,279,29,0.103942652329749,0.0519713261648745,0.948028673835125,0.0985406148430776
loc59871_pos93,FALSE,281,42,0.149466192170818,0.886120996441281,0.113879003558719,0.201821152214384
loc59872_pos20,FALSE,292,62,0.212328767123288,0.14041095890411,0.85958904109589,0.241391443047476
loc59876_pos14,FALSE,263,41,0.155893536121673,0.903041825095057,0.096958174904943,0.175114574448091
